{"type":"FeatureCollection","source":{"name":"CDFW Upland Game hunt zones (services2.arcgis.com Upland_Game_AGOL_gdb FeatureServer layer 1, \"zones_seasons\")","url":"https://services2.arcgis.com/Uq9r85Potqm3MfRV/arcgis/rest/services/Upland_Game_AGOL_gdb/FeatureServer/1/query","fetched_at":"2026-09-19T22:10:55.518395+00:00","verified_at":"2026-09-19","source_features":29,"data_last_edit_ms":1741197204492,"boundary_caveat":"Zone boundaries are CDFW's own published approximation, generalized to about 50 metres for display. They are for finding your way to the right zone and for tapping, never for deciding a property line or a legal boundary \u2014 the boundary of record is the description in Title 14 of the California Code of Regulations.","seasons_caveat":"This file carries boundaries and names only. No season, bag limit or possession limit is taken from this map layer: the layer is published on its own cadence and the dates it carries were out of date when it was read. Every date this app shows for these species comes from CDFW's Upland Game Birds regulation page, and for American crow from CDFW's 2026-2027 Waterfowl, Upland Game, and Lands Regulations booklet, p. 53."},"features":[{"type":"Feature","geometry":{"type":"MultiPolygon","coordinates":[[[[-123.07007,39.81786],[-123.07906,39.81836],[-123.0791,39.81107],[-123.07004,39.81058],[-123.07007,39.81786],[-123.0563,39.81721],[-123.05624,39.8209],[-123.05165,39.8207],[-123.05164,39.82429],[-123.04236,39.82395],[-123.04211,39.83168],[-123.03754,39.83139],[-123.03765,39.82745],[-123.02362,39.82683],[-123.02378,39.81942],[-123.01901,39.81928],[-123.019,39.81743],[-123.0166,39.81737],[-123.01653,39.81182],[-123.01897,39.81186],[-123.01896,39.8101],[-123.01652,39.81007],[-123.01651,39.80655],[-123.01896,39.80657],[-123.01896,39.80834],[-123.02388,39.80839],[-123.0239,39.81194],[-123.02141,39.8119],[-123.0214,39.81563],[-123.02384,39.81568],[-123.0239,39.81194],[-123.03288,39.81316],[-123.03315,39.8021],[-123.03783,39.80232],[-123.03789,39.79886],[-123.03323,39.79873],[-123.03305,39.78763],[-123.06521,39.78917],[-123.06516,39.78556],[-123.05595,39.78527],[-123.05593,39.78171],[-123.06049,39.78188],[-123.06046,39.77831],[-123.0698,39.77871],[-123.0698,39.78567],[-123.07902,39.78595],[-123.07911,39.75705],[-123.06977,39.75682],[-123.06967,39.74975],[-123.06041,39.74956],[-123.06011,39.728],[-123.06073,39.72059],[-123.06105,39.68454],[-123.07971,39.68481],[-123.08051,39.62705],[-123.03819,39.62718],[-123.03817,39.63076],[-123.04287,39.63073],[-123.04278,39.64147],[-123.02873,39.6415],[-123.02874,39.63793],[-123.02405,39.63794],[-123.02407,39.62724],[-123.01613,39.62725],[-123.0162,39.61112],[-123.00676,39.61102],[-123.00677,39.60749],[-123.00205,39.6074],[-123.00206,39.60388],[-123.01148,39.60403],[-123.01147,39.60755],[-123.0162,39.60762],[-123.01598,39.58226],[-123.12036,39.58109],[-123.12043,39.57373],[-123.12964,39.57362],[-123.12964,39.57583],[-123.13661,39.57596],[-123.1366,39.57413],[-123.13893,39.57419],[-123.13892,39.57237],[-123.14124,39.57243],[-123.14132,39.55428],[-123.15759,39.55466],[-123.15788,39.53321],[-123.15348,39.5331],[-123.15345,39.52595],[-123.1488,39.52582],[-123.14913,39.49713],[-123.13028,39.49663],[-123.13043,39.48252],[-123.1299,39.47891],[-123.12545,39.47879],[-123.12506,39.47522],[-123.11589,39.47501],[-123.11566,39.47157],[-123.10614,39.47144],[-123.1059,39.46796],[-123.10113,39.46799],[-123.10122,39.46452],[-123.09647,39.46455],[-123.09657,39.46108],[-123.09184,39.46112],[-123.0921,39.45419],[-123.08684,39.45357],[-123.08684,39.45723],[-123.08173,39.4568],[-123.08161,39.45296],[-123.08212,39.45302],[-123.08144,39.44902],[-123.09604,39.44972],[-123.09694,39.45414],[-123.09667,39.45761],[-123.11084,39.45748],[-123.11078,39.46096],[-123.1156,39.4608],[-123.11552,39.46447],[-123.12519,39.4644],[-123.12509,39.47178],[-123.12963,39.47184],[-123.13,39.4603],[-123.12042,39.46063],[-123.12037,39.44941],[-123.10573,39.44987],[-123.10507,39.44568],[-123.11006,39.44589],[-123.10955,39.44197],[-123.11979,39.44201],[-123.11938,39.43094],[-123.11418,39.43123],[-123.10372,39.43015],[-123.10376,39.43382],[-123.09852,39.43326],[-123.09855,39.43691],[-123.07932,39.43634],[-123.08144,39.44902],[-123.06243,39.44862],[-123.06179,39.44447],[-123.05711,39.44443],[-123.05596,39.43247],[-123.05148,39.43286],[-123.05153,39.42552],[-123.04701,39.42588],[-123.04702,39.42219],[-123.03797,39.42287],[-123.03865,39.40062],[-123.02947,39.4006],[-123.02931,39.40794],[-123.02476,39.40789],[-123.02464,39.41519],[-123.02012,39.41509],[-123.02025,39.40422],[-123.02482,39.40424],[-123.02494,39.39697],[-123.03415,39.39693],[-123.03417,39.38958],[-123.03877,39.38955],[-123.03885,39.37132],[-123.04345,39.37134],[-123.0437,39.36773],[-123.05301,39.36782],[-123.05271,39.37136],[-123.05738,39.37137],[-123.05797,39.36437],[-123.0563,39.36434],[-123.05658,39.32891],[-123.04685,39.32875],[-123.04666,39.33255],[-123.04215,39.3324],[-123.04226,39.32867],[-123.03308,39.32871],[-123.03327,39.33954],[-123.03767,39.33942],[-123.03784,39.34646],[-123.04241,39.34654],[-123.04254,39.35007],[-123.03793,39.34998],[-123.03789,39.3535],[-123.0425,39.35358],[-123.04247,39.3571],[-123.03353,39.35728],[-123.03349,39.34664],[-123.02914,39.34681],[-123.02886,39.33967],[-123.02432,39.33979],[-123.02421,39.33619],[-123.01969,39.33629],[-123.01936,39.32163],[-123.0143,39.32176],[-123.01437,39.31815],[-123.0099,39.3183],[-123.01016,39.31287],[-123.00609,39.31303],[-123.00625,39.30749],[-123.00207,39.30762],[-123.00178,39.30034],[-122.99215,39.30022],[-122.99232,39.29293],[-122.98749,39.29284],[-122.98741,39.28918],[-122.99214,39.28921],[-122.99178,39.28187],[-122.98272,39.28191],[-122.98314,39.2783],[-122.98234,39.27082],[-122.98754,39.27064],[-122.98763,39.27412],[-122.99182,39.27409],[-122.99223,39.27825],[-122.99673,39.27818],[-122.996,39.27405],[-123.00064,39.27403],[-123.00123,39.27813],[-123.00031,39.27813],[-123.00054,39.2818],[-123.00494,39.28174],[-123.00528,39.28904],[-123.00955,39.28894],[-123.00965,39.29254],[-123.01408,39.29245],[-123.01403,39.28886],[-123.00955,39.28894],[-123.00924,39.27802],[-123.00569,39.27807],[-123.00369,39.26412],[-123.0037,39.25689],[-123.00111,39.25691],[-123.0011,39.26412],[-122.99897,39.26412],[-122.99897,39.26052],[-122.98954,39.26056],[-122.98953,39.25698],[-122.98481,39.25701],[-122.98479,39.24989],[-122.98022,39.24996],[-122.98025,39.25348],[-122.9757,39.25351],[-122.97574,39.257],[-122.9712,39.25699],[-122.97126,39.26422],[-122.96668,39.26425],[-122.96671,39.2678],[-122.96195,39.26782],[-122.96189,39.26427],[-122.95709,39.2643],[-122.95713,39.26074],[-122.9619,39.26068],[-122.96191,39.25708],[-122.96665,39.25698],[-122.96658,39.25357],[-122.97114,39.25354],[-122.97108,39.2501],[-122.96651,39.25017],[-122.96658,39.25357],[-122.9619,39.25363],[-122.96191,39.25708],[-122.9481,39.25738],[-122.94806,39.2538],[-122.95264,39.25375],[-122.95264,39.25021],[-122.94341,39.25022],[-122.94341,39.24288],[-122.93874,39.24285],[-122.93872,39.23923],[-122.94341,39.23925],[-122.94342,39.23562],[-122.93869,39.23561],[-122.9388,39.23207],[-122.92951,39.23205],[-122.92991,39.22152],[-122.92524,39.22152],[-122.92538,39.21789],[-122.92074,39.21785],[-122.92092,39.21419],[-122.91652,39.21413],[-122.91641,39.21767],[-122.91208,39.21749],[-122.91217,39.21051],[-122.90749,39.21055],[-122.90743,39.21412],[-122.89804,39.21424],[-122.8981,39.20703],[-122.89337,39.20706],[-122.89309,39.19981],[-122.88837,39.19969],[-122.88822,39.19615],[-122.88351,39.19612],[-122.88365,39.19957],[-122.86959,39.19925],[-122.8695,39.19597],[-122.8788,39.19607],[-122.87865,39.19274],[-122.85499,39.1926],[-122.85541,39.15725],[-122.85074,39.15709],[-122.8506,39.16782],[-122.83663,39.16751],[-122.83668,39.16024],[-122.84135,39.16038],[-122.84139,39.15677],[-122.83671,39.15661],[-122.83683,39.14209],[-122.8087,39.14084],[-122.80939,39.14832],[-122.80403,39.14778],[-122.80424,39.12649],[-122.79954,39.12625],[-122.79975,39.11982],[-122.79369,39.11962],[-122.79357,39.11605],[-122.79976,39.11617],[-122.79977,39.11252],[-122.78336,39.11236],[-122.78217,39.09854],[-122.76254,39.09891],[-122.76008,39.08563],[-122.75544,39.0856],[-122.75601,39.0891],[-122.7513,39.0891],[-122.75079,39.08376],[-122.7369,39.08366],[-122.73679,39.07459],[-122.74149,39.07462],[-122.74144,39.07099],[-122.70407,39.07065],[-122.70366,39.09988],[-122.73108,39.09952],[-122.73105,39.10319],[-122.72651,39.1033],[-122.7265,39.1107],[-122.722,39.11087],[-122.72199,39.10715],[-122.7128,39.10713],[-122.71277,39.11447],[-122.70814,39.11441],[-122.70802,39.11796],[-122.71725,39.11805],[-122.7171,39.12157],[-122.7217,39.1216],[-122.72154,39.1251],[-122.71238,39.12508],[-122.71251,39.12154],[-122.69858,39.12147],[-122.69881,39.11433],[-122.66667,39.11355],[-122.6671,39.09964],[-122.62929,39.09904],[-122.62939,39.1093],[-122.63406,39.10941],[-122.63408,39.11283],[-122.62476,39.11257],[-122.62481,39.1161],[-122.61553,39.11582],[-122.61543,39.11226],[-122.5931,39.11142],[-122.59367,39.14039],[-122.64769,39.14144],[-122.64765,39.15707],[-122.65639,39.15725],[-122.65646,39.15329],[-122.65206,39.15323],[-122.65218,39.14144],[-122.65666,39.14144],[-122.6566,39.14538],[-122.66107,39.14539],[-122.66117,39.14141],[-122.68348,39.14135],[-122.68344,39.14288],[-122.69404,39.14265],[-122.69361,39.14643],[-122.68848,39.14644],[-122.68823,39.15012],[-122.67011,39.14949],[-122.66995,39.15752],[-122.67467,39.15759],[-122.67458,39.16127],[-122.66994,39.16118],[-122.66994,39.16484],[-122.66538,39.16472],[-122.66551,39.17202],[-122.68273,39.17225],[-122.68282,39.16872],[-122.67891,39.16865],[-122.679,39.16508],[-122.69669,39.16538],[-122.69678,39.16185],[-122.70139,39.16192],[-122.70123,39.16897],[-122.6966,39.16902],[-122.69651,39.17266],[-122.70586,39.17259],[-122.70609,39.17975],[-122.71965,39.18005],[-122.72025,39.16929],[-122.7247,39.16926],[-122.72485,39.16207],[-122.72929,39.16207],[-122.72909,39.17279],[-122.73364,39.17278],[-122.7338,39.16569],[-122.73837,39.16568],[-122.73864,39.15314],[-122.74328,39.15309],[-122.74343,39.14952],[-122.75733,39.14932],[-122.75718,39.15289],[-122.75255,39.15296],[-122.7523,39.15875],[-122.74316,39.15859],[-122.74289,39.17285],[-122.73819,39.17276],[-122.73897,39.18695],[-122.73433,39.18696],[-122.73416,39.18343],[-122.72473,39.18348],[-122.72521,39.19127],[-122.72054,39.19123],[-122.7202,39.18697],[-122.71563,39.18693],[-122.71587,39.1912],[-122.70653,39.19112],[-122.70636,39.18685],[-122.70167,39.1868],[-122.70185,39.19108],[-122.69258,39.191],[-122.69241,39.18673],[-122.69704,39.18677],[-122.69689,39.18321],[-122.69227,39.18319],[-122.692,39.17623],[-122.6829,39.17595],[-122.6833,39.19098],[-122.64788,39.19063],[-122.64778,39.17166],[-122.57726,39.17007],[-122.57685,39.18944],[-122.54397,39.18943],[-122.54549,39.24682],[-122.54544,39.27586],[-122.54444,39.30485],[-122.54505,39.3192],[-122.56371,39.31922],[-122.56303,39.34793],[-122.58017,39.34928],[-122.58003,39.36004],[-122.59442,39.35999],[-122.59443,39.3528],[-122.6088,39.35273],[-122.6088,39.35631],[-122.60399,39.35634],[-122.60403,39.36717],[-122.6088,39.36716],[-122.60884,39.37833],[-122.60411,39.37835],[-122.60408,39.37457],[-122.59934,39.37457],[-122.59939,39.37837],[-122.585,39.37832],[-122.58514,39.3855],[-122.58043,39.38548],[-122.58091,39.40387],[-122.58556,39.40386],[-122.58565,39.40757],[-122.58564,39.4112],[-122.58101,39.41122],[-122.58094,39.44369],[-122.59024,39.44371],[-122.59021,39.44731],[-122.60875,39.44737],[-122.60872,39.45099],[-122.59946,39.45096],[-122.60456,39.49482],[-122.60582,39.52249],[-122.61038,39.52246],[-122.61049,39.52613],[-122.60599,39.52615],[-122.6063,39.53727],[-122.61527,39.53715],[-122.61492,39.55152],[-122.61574,39.56605],[-122.62018,39.56614],[-122.62055,39.59486],[-122.61571,39.59471],[-122.6167,39.61724],[-122.61183,39.6172],[-122.61214,39.62484],[-122.6085,39.62485],[-122.6084,39.64264],[-122.59887,39.64265],[-122.59886,39.6569],[-122.59414,39.65697],[-122.59414,39.66753],[-122.58944,39.66756],[-122.58953,39.67111],[-122.59421,39.67108],[-122.59427,39.67462],[-122.60356,39.67455],[-122.60356,39.6781],[-122.58972,39.67822],[-122.59023,39.7125],[-122.60806,39.71232],[-122.6078,39.7269],[-122.5891,39.72692],[-122.58806,39.74181],[-122.58835,39.77047],[-122.59311,39.77048],[-122.59313,39.77411],[-122.59789,39.77412],[-122.59792,39.78138],[-122.59317,39.78136],[-122.59318,39.78498],[-122.59794,39.78501],[-122.59806,39.79947],[-122.61208,39.79947],[-122.61205,39.79226],[-122.6075,39.7922],[-122.60747,39.78864],[-122.61659,39.78873],[-122.61663,39.79951],[-122.62573,39.79961],[-122.62574,39.81382],[-122.6073,39.81402],[-122.60779,39.82865],[-122.62558,39.8285],[-122.62523,39.84325],[-122.62989,39.84326],[-122.6303,39.83217],[-122.63469,39.83211],[-122.63461,39.82834],[-122.64381,39.82828],[-122.64412,39.83953],[-122.64842,39.83934],[-122.64871,39.84324],[-122.6534,39.84319],[-122.65334,39.83938],[-122.6629,39.8392],[-122.66327,39.85785],[-122.66274,39.87224],[-122.64378,39.8724],[-122.64649,39.88599],[-122.66476,39.88616],[-122.66487,39.90093],[-122.64654,39.90049],[-122.64646,39.91461],[-122.6648,39.91543],[-122.66497,39.90093],[-122.68348,39.90086],[-122.68359,39.90818],[-122.68813,39.90809],[-122.68806,39.9117],[-122.67884,39.91184],[-122.6788,39.91545],[-122.6648,39.91545],[-122.66545,39.95773],[-122.67925,39.95782],[-122.67938,39.95075],[-122.68394,39.95079],[-122.68394,39.94021],[-122.68852,39.9402],[-122.68861,39.94374],[-122.6998,39.94385],[-122.7,39.95762],[-122.68411,39.95791],[-122.68397,39.96138],[-122.68866,39.96131],[-122.68877,39.96842],[-122.69343,39.96839],[-122.69347,39.97203],[-122.70009,39.97196],[-122.7,39.95762],[-122.70921,39.95808],[-122.7092,39.9476],[-122.71384,39.94781],[-122.71385,39.94431],[-122.73275,39.94452],[-122.73278,39.95161],[-122.73744,39.95163],[-122.73747,39.95533],[-122.72327,39.95518],[-122.7231,39.96203],[-122.71833,39.96181],[-122.71824,39.97225],[-122.73638,39.97246],[-122.73694,39.96582],[-122.74166,39.96578],[-122.74198,39.96237],[-122.74673,39.96232],[-122.74638,39.96573],[-122.75584,39.96565],[-122.75626,39.96223],[-122.76564,39.96225],[-122.76609,39.95878],[-122.76139,39.95882],[-122.76134,39.95522],[-122.77523,39.95521],[-122.77516,39.95163],[-122.7613,39.95153],[-122.76123,39.94793],[-122.77059,39.94794],[-122.77056,39.94439],[-122.76601,39.94404],[-122.76556,39.92994],[-122.76553,39.92635],[-122.77018,39.92633],[-122.76991,39.92273],[-122.76085,39.92278],[-122.76045,39.91909],[-122.75581,39.91909],[-122.75525,39.91538],[-122.75502,39.9045],[-122.76476,39.90447],[-122.76479,39.90812],[-122.76963,39.90811],[-122.76956,39.89351],[-122.78376,39.89352],[-122.78374,39.88984],[-122.78833,39.88985],[-122.78838,39.89354],[-122.793,39.89356],[-122.79304,39.90045],[-122.80107,39.90073],[-122.8013,39.8971],[-122.80617,39.89708],[-122.80605,39.90072],[-122.8105,39.90071],[-122.81058,39.88611],[-122.82968,39.88633],[-122.82906,39.8989],[-122.84274,39.89961],[-122.84304,39.89629],[-122.8385,39.89587],[-122.83923,39.88635],[-122.84869,39.88637],[-122.8484,39.88974],[-122.85297,39.88938],[-122.85263,39.89245],[-122.85725,39.89178],[-122.85794,39.88626],[-122.90431,39.88563],[-122.90192,39.92574],[-122.90207,39.93243],[-122.8974,39.93195],[-122.89744,39.93534],[-122.90711,39.93593],[-122.90705,39.9394],[-122.9022,39.939],[-122.90245,39.94246],[-122.90713,39.9429],[-122.90758,39.9498],[-122.90287,39.94915],[-122.90307,39.95256],[-122.90167,39.96252],[-122.8924,39.96243],[-122.89194,39.96555],[-122.90125,39.96554],[-122.90186,39.97807],[-122.88778,39.97727],[-122.88761,39.9734],[-122.88293,39.97321],[-122.88308,39.97701],[-122.88778,39.97727],[-122.88795,39.98115],[-122.89266,39.9815],[-122.89283,39.98506],[-122.8881,39.9846],[-122.88826,39.98804],[-122.88353,39.98746],[-122.88323,39.9808],[-122.87828,39.98089],[-122.8784,39.98428],[-122.87342,39.98442],[-122.87338,39.97703],[-122.86851,39.97704],[-122.86865,39.97299],[-122.86389,39.97291],[-122.86434,39.96463],[-122.85985,39.96529],[-122.86057,39.95852],[-122.856,39.95921],[-122.8549,39.97338],[-122.86389,39.97291],[-122.86365,39.97705],[-122.86851,39.97704],[-122.86838,39.98108],[-122.86342,39.98118],[-122.86332,39.98475],[-122.85889,39.98459],[-122.85885,39.98815],[-122.85432,39.98804],[-122.85404,40.0026],[-122.8449,40.00239],[-122.84482,40.00966],[-122.83635,40.01195],[-122.83635,40.01941],[-122.83211,40.02053],[-122.83211,40.02796],[-122.82787,40.02905],[-122.82779,40.03646],[-122.8236,40.03664],[-122.82357,40.04032],[-122.8194,40.04048],[-122.81941,40.02589],[-122.81095,40.02643],[-122.81092,40.01566],[-122.80695,40.01567],[-122.80703,40.02284],[-122.79759,40.02297],[-122.79766,40.03045],[-122.8023,40.0304],[-122.80194,40.03733],[-122.81098,40.03717],[-122.811,40.04081],[-122.8194,40.04048],[-122.82015,40.05143],[-122.82463,40.05134],[-122.82516,40.05501],[-122.82979,40.05496],[-122.82998,40.05594],[-122.81919,40.05595],[-122.81845,40.06963],[-122.78345,40.06925],[-122.76273,40.07039],[-122.76226,40.09211],[-122.78063,40.09003],[-122.78052,40.08288],[-122.81733,40.08416],[-122.81856,40.11141],[-122.79964,40.11168],[-122.79998,40.1256],[-122.79518,40.12572],[-122.79523,40.12928],[-122.79038,40.12937],[-122.79038,40.12585],[-122.74375,40.12751],[-122.7437,40.14184],[-122.76206,40.14107],[-122.76083,40.15487],[-122.76186,40.16875],[-122.80061,40.16828],[-122.80056,40.17574],[-122.81,40.17596],[-122.81005,40.1681],[-122.81944,40.16918],[-122.81936,40.17618],[-122.83867,40.17596],[-122.8384,40.22549],[-122.86629,40.22438],[-122.89426,40.2248],[-122.89414,40.2542],[-122.87662,40.25459],[-122.87684,40.27657],[-122.86773,40.27708],[-122.8677,40.28438],[-122.86311,40.28463],[-122.86314,40.28098],[-122.85856,40.28123],[-122.85864,40.29939],[-122.89561,40.29911],[-122.89563,40.31367],[-122.93209,40.31472],[-122.93128,40.32988],[-122.93158,40.35087],[-122.91655,40.35169],[-122.91766,40.35815],[-122.92258,40.35817],[-122.92258,40.36186],[-122.91524,40.36182],[-122.91526,40.36297],[-122.91281,40.36246],[-122.91284,40.36473],[-122.91362,40.36585],[-122.92258,40.36705],[-122.92258,40.36186],[-122.93147,40.36191],[-122.93144,40.36691],[-122.94475,40.3647],[-122.95002,40.36287],[-122.95716,40.36364],[-122.95955,40.36305],[-122.95952,40.35836],[-122.96421,40.35836],[-122.9642,40.35469],[-122.97369,40.35484],[-122.97349,40.34767],[-122.98226,40.34834],[-122.98237,40.3521],[-122.99112,40.35217],[-122.99119,40.34869],[-123.00494,40.34877],[-123.00528,40.3456],[-123.02304,40.34591],[-123.02298,40.34941],[-123.00963,40.34895],[-123.00941,40.3522],[-123.01421,40.35246],[-123.01408,40.35614],[-123.00947,40.35599],[-123.00953,40.35978],[-123.00512,40.35972],[-123.00725,40.3731],[-123.00205,40.37327],[-123.00207,40.37418],[-123.00724,40.37401],[-123.00721,40.37584],[-123.01181,40.37675],[-123.01181,40.38037],[-122.99943,40.38055],[-123.00116,40.38167],[-123.00412,40.38116],[-123.00493,40.38495],[-123.00794,40.38547],[-123.00788,40.38386],[-123.01013,40.38272],[-123.01056,40.38117],[-123.01145,40.38061],[-123.01438,40.38084],[-123.01015,40.38732],[-123.00805,40.38782],[-123.00366,40.38731],[-123.00139,40.38591],[-122.99846,40.38588],[-122.99559,40.3844],[-122.99409,40.38573],[-122.99298,40.38576],[-122.99111,40.37921],[-122.98751,40.37484],[-122.98726,40.37227],[-122.98232,40.36879],[-122.98041,40.37051],[-122.97655,40.37063],[-122.96494,40.36345],[-122.95997,40.36324],[-122.95722,40.3639],[-122.95007,40.36312],[-122.94484,40.36498],[-122.93951,40.36542],[-122.93628,40.36668],[-122.92566,40.3677],[-122.91384,40.36646],[-122.91199,40.36413],[-122.91184,40.3612],[-122.9096,40.35891],[-122.90756,40.35841],[-122.89712,40.35829],[-122.89039,40.35948],[-122.88854,40.3609],[-122.88641,40.36112],[-122.8732,40.35632],[-122.87215,40.35771],[-122.87299,40.35984],[-122.87171,40.36055],[-122.86991,40.35887],[-122.86547,40.35731],[-122.86388,40.35743],[-122.86092,40.35942],[-122.86154,40.35462],[-122.85907,40.35207],[-122.86633,40.34972],[-122.86744,40.34888],[-122.86745,40.3473],[-122.86534,40.34549],[-122.86098,40.34342],[-122.85285,40.34145],[-122.84612,40.33557],[-122.8413,40.32658],[-122.8276,40.321],[-122.81842,40.32024],[-122.8131,40.31873],[-122.80943,40.32059],[-122.80614,40.32084],[-122.79805,40.31808],[-122.79529,40.31779],[-122.78561,40.3192],[-122.78103,40.31665],[-122.77224,40.31628],[-122.76267,40.31087],[-122.75004,40.30888],[-122.74525,40.31048],[-122.74098,40.31062],[-122.72866,40.30353],[-122.7225,40.30292],[-122.71731,40.30442],[-122.71101,40.30403],[-122.70105,40.30132],[-122.69386,40.29814],[-122.67854,40.2988],[-122.67402,40.29818],[-122.66715,40.3003],[-122.66177,40.29861],[-122.65908,40.30109],[-122.65585,40.3001],[-122.64996,40.30019],[-122.64046,40.29882],[-122.6332,40.29955],[-122.63158,40.29872],[-122.63072,40.29675],[-122.62899,40.29524],[-122.62233,40.29412],[-122.62295,40.29032],[-122.62224,40.28945],[-122.62041,40.28948],[-122.61664,40.29146],[-122.61037,40.28943],[-122.59961,40.28967],[-122.5954,40.29051],[-122.596,40.28807],[-122.59364,40.28567],[-122.5919,40.28589],[-122.58327,40.28123],[-122.57511,40.27848],[-122.56507,40.27265],[-122.55596,40.26951],[-122.54918,40.27029],[-122.54179,40.27288],[-122.51918,40.27298],[-122.51443,40.27671],[-122.50992,40.27661],[-122.50881,40.27547],[-122.50514,40.27565],[-122.49698,40.27909],[-122.49229,40.27863],[-122.48844,40.27543],[-122.48948,40.27213],[-122.48795,40.26879],[-122.48633,40.25996],[-122.4826,40.25848],[-122.47713,40.25905],[-122.47474,40.25862],[-122.47388,40.25724],[-122.47179,40.2572],[-122.46674,40.25512],[-122.46292,40.25252],[-122.46249,40.24575],[-122.46147,40.24344],[-122.46258,40.24065],[-122.46174,40.23822],[-122.46231,40.23605],[-122.46213,40.22719],[-122.46007,40.22614],[-122.45415,40.22497],[-122.4506,40.22694],[-122.44726,40.22776],[-122.44445,40.225],[-122.43403,40.22511],[-122.4257,40.22644],[-122.40087,40.22192],[-122.36622,40.21977],[-122.36142,40.21991],[-122.33667,40.22454],[-122.33219,40.22422],[-122.33085,40.2231],[-122.32566,40.22246],[-122.3164,40.22482],[-122.29386,40.22349],[-122.28246,40.22002],[-122.2705,40.21009],[-122.26471,40.2083],[-122.25596,40.20768],[-122.24893,40.20212],[-122.24568,40.20066],[-122.2441,40.1983],[-122.24207,40.19748],[-122.23902,40.19123],[-122.23892,40.18652],[-122.23964,40.18412],[-122.23916,40.18231],[-122.23432,40.17657],[-122.21228,40.18598],[-122.18689,40.18564],[-122.18605,40.18637],[-122.18391,40.20605],[-122.18202,40.21058],[-122.1625,40.23392],[-122.13085,40.26966],[-122.11636,40.28475],[-122.10627,40.29919],[-122.10385,40.30077],[-122.09383,40.30212],[-122.08813,40.3059],[-122.07468,40.30908],[-122.07088,40.31368],[-122.06646,40.3154],[-122.03555,40.31588],[-122.01801,40.31111],[-121.99571,40.31319],[-121.98829,40.30935],[-121.98671,40.30919],[-121.98345,40.31217],[-121.98064,40.31319],[-121.9771,40.31602],[-121.97435,40.31664],[-121.96943,40.32197],[-121.96652,40.32402],[-121.96054,40.3249],[-121.95201,40.32419],[-121.94077,40.32661],[-121.92745,40.33186],[-121.92292,40.33455],[-121.89181,40.34481],[-121.88012,40.34673],[-121.85608,40.34662],[-121.84887,40.34768],[-121.84669,40.3459],[-121.84282,40.33958],[-121.83924,40.33858],[-121.82671,40.34544],[-121.81621,40.3537],[-121.80539,40.35743],[-121.79384,40.35686],[-121.77946,40.35056],[-121.75802,40.34518],[-121.74867,40.34475],[-121.72958,40.34708],[-121.72826,40.34683],[-121.72721,40.34546],[-121.72177,40.34411],[-121.71782,40.34446],[-121.71471,40.34576],[-121.70428,40.34523],[-121.70111,40.347],[-121.69405,40.34793],[-121.68923,40.34627],[-121.68792,40.34702],[-121.68343,40.34611],[-121.67488,40.34592],[-121.66854,40.344],[-121.65485,40.34338],[-121.646,40.3439],[-121.63813,40.34918],[-121.63265,40.35039],[-121.62284,40.34941],[-121.61136,40.34566],[-121.60427,40.34512],[-121.59605,40.34818],[-121.58729,40.34997],[-121.58125,40.35315],[-121.57649,40.35455],[-121.56869,40.36212],[-121.56393,40.36546],[-121.56217,40.36471],[-121.56333,40.35995],[-121.56199,40.35917],[-121.54967,40.36162],[-121.54694,40.36608],[-121.53919,40.36779],[-121.53662,40.36715],[-121.53528,40.36388],[-121.53612,40.36024],[-121.54025,40.35649],[-121.54043,40.35384],[-121.54291,40.3499],[-121.54222,40.34853],[-121.54037,40.34816],[-121.5383,40.34878],[-121.53812,40.35059],[-121.53711,40.35123],[-121.53253,40.35059],[-121.53032,40.35358],[-121.51994,40.35575],[-121.51647,40.36044],[-121.51404,40.36158],[-121.50941,40.36293],[-121.5045,40.36215],[-121.50003,40.36325],[-121.49806,40.36277],[-121.49459,40.36046],[-121.48866,40.35223],[-121.48408,40.34921],[-121.48046,40.34578],[-121.47663,40.33965],[-121.47169,40.32835],[-121.46706,40.32334],[-121.46248,40.3213],[-121.44362,40.31638],[-121.42865,40.30932],[-121.42034,40.3035],[-121.41912,40.3014],[-121.41933,40.29792],[-121.42387,40.28138],[-121.41775,40.27763],[-121.415,40.27403],[-121.40867,40.26957],[-121.40339,40.26444],[-121.39488,40.26002],[-121.37986,40.25913],[-121.37242,40.25993],[-121.35851,40.25984],[-121.34877,40.26273],[-121.33157,40.26045],[-121.30323,40.2626],[-121.28752,40.25999],[-121.28009,40.26205],[-121.27182,40.26033],[-121.2659,40.26181],[-121.26456,40.26339],[-121.26196,40.26467],[-121.25992,40.27057],[-121.25358,40.27853],[-121.23586,40.2563],[-121.22716,40.24332],[-121.22289,40.23899],[-121.21073,40.22838],[-121.19632,40.22067],[-121.17239,40.20541],[-121.12609,40.19629],[-121.10263,40.18912],[-121.10156,40.18834],[-121.10105,40.18661],[-121.10254,40.18219],[-121.10188,40.17981],[-121.09499,40.17439],[-121.09025,40.17373],[-121.08592,40.17222],[-121.07074,40.17215],[-121.06192,40.1751],[-121.05708,40.17515],[-121.05297,40.17711],[-121.04781,40.17801],[-121.04596,40.17773],[-121.0439,40.17551],[-121.04032,40.17407],[-121.03913,40.17277],[-121.03502,40.17196],[-121.03266,40.17233],[-121.02732,40.17542],[-121.02294,40.17576],[-121.01852,40.17509],[-121.01116,40.17555],[-121.00579,40.1747],[-121.00239,40.17564],[-120.99948,40.17507],[-120.99596,40.1755],[-120.99324,40.17411],[-120.98865,40.17539],[-120.98072,40.17327],[-120.97735,40.17334],[-120.96882,40.16975],[-120.96074,40.16746],[-120.95677,40.16444],[-120.95456,40.15982],[-120.95608,40.14637],[-120.95506,40.14148],[-120.94982,40.13917],[-120.94419,40.13903],[-120.91715,40.13347],[-120.91802,40.13022],[-120.9159,40.12935],[-120.9112,40.12551],[-120.90673,40.11667],[-120.90694,40.1112],[-120.90941,40.10446],[-120.90918,40.09947],[-120.91571,40.08778],[-120.9275,40.08099],[-120.93027,40.07849],[-120.93507,40.07822],[-120.9365,40.07651],[-120.94567,40.0731],[-120.94778,40.07166],[-120.95001,40.06754],[-120.95484,40.06541],[-120.95865,40.06266],[-120.96276,40.06189],[-120.96344,40.06063],[-120.96326,40.05564],[-120.96406,40.0542],[-120.96731,40.05552],[-120.97005,40.05559],[-120.97151,40.05504],[-120.97397,40.05115],[-120.98091,40.05049],[-120.98165,40.0495],[-120.98156,40.04785],[-120.98076,40.04687],[-120.97766,40.04639],[-120.97802,40.04376],[-120.97644,40.04056],[-120.98192,40.04207],[-120.9845,40.03991],[-120.98447,40.03852],[-120.98308,40.03905],[-120.98046,40.03852],[-120.97736,40.03523],[-120.97596,40.03557],[-120.97495,40.03697],[-120.97266,40.03779],[-120.97031,40.03978],[-120.96772,40.03995],[-120.96599,40.03834],[-120.96468,40.03501],[-120.96179,40.03279],[-120.96209,40.03155],[-120.96468,40.02926],[-120.96501,40.02796],[-120.96307,40.02487],[-120.96277,40.02213],[-120.95988,40.02071],[-120.95962,40.01977],[-120.96509,40.0167],[-120.96631,40.01428],[-120.96648,40.00867],[-120.96527,40.00744],[-120.95854,40.00545],[-120.95848,40.00227],[-120.95571,40.00074],[-120.9555,39.99742],[-120.95146,39.99662],[-120.94774,39.99413],[-120.94336,39.98863],[-120.94197,39.98397],[-120.93748,39.97553],[-120.93724,39.97349],[-120.93789,39.97207],[-120.94232,39.96631],[-120.95306,39.95965],[-120.95965,39.95199],[-120.95924,39.94896],[-120.9496,39.93785],[-120.93686,39.93785],[-120.9302,39.93515],[-120.90161,39.93395],[-120.89109,39.9337],[-120.88675,39.93546],[-120.88455,39.93557],[-120.87606,39.93268],[-120.87149,39.93315],[-120.86231,39.93628],[-120.85313,39.93279],[-120.84754,39.93199],[-120.83892,39.92687],[-120.83443,39.92319],[-120.83131,39.91898],[-120.82896,39.91753],[-120.82097,39.91538],[-120.81509,39.91182],[-120.80564,39.91188],[-120.80365,39.90973],[-120.79077,39.9033],[-120.78519,39.89285],[-120.78302,39.88708],[-120.78112,39.88365],[-120.77949,39.88228],[-120.7683,39.8791],[-120.75479,39.87838],[-120.7483,39.87392],[-120.73725,39.87435],[-120.72928,39.8762],[-120.72506,39.8762],[-120.70252,39.86848],[-120.69341,39.86327],[-120.68456,39.85419],[-120.68076,39.84707],[-120.6786,39.84447],[-120.67833,39.84037],[-120.67522,39.83742],[-120.67275,39.83316],[-120.66564,39.82644],[-120.66365,39.81978],[-120.65354,39.81349],[-120.6536,39.80784],[-120.64975,39.80333],[-120.63958,39.79566],[-120.63129,39.78647],[-120.62506,39.78759],[-120.62013,39.78462],[-120.6217,39.78123],[-120.61935,39.76737],[-120.6184,39.76593],[-120.61475,39.76319],[-120.60461,39.75999],[-120.59919,39.75484],[-120.59551,39.74993],[-120.5913,39.74774],[-120.5875,39.74429],[-120.5875,39.7409],[-120.57965,39.73976],[-120.57289,39.73303],[-120.56084,39.73241],[-120.55725,39.7336],[-120.55014,39.73013],[-120.54875,39.72597],[-120.54674,39.72448],[-120.54161,39.7229],[-120.5335,39.71722],[-120.53415,39.71317],[-120.53244,39.70997],[-120.53173,39.70654],[-120.52915,39.70462],[-120.52362,39.69725],[-120.51586,39.69272],[-120.50698,39.68908],[-120.50346,39.68626],[-120.49975,39.68489],[-120.49895,39.68135],[-120.49747,39.68002],[-120.49149,39.67973],[-120.47704,39.68559],[-120.47018,39.68504],[-120.46547,39.68417],[-120.46064,39.68232],[-120.45522,39.67969],[-120.44575,39.67361],[-120.43971,39.67219],[-120.43305,39.66471],[-120.43211,39.65165],[-120.43255,39.64946],[-120.42974,39.64511],[-120.4348,39.63951],[-120.43412,39.63557],[-120.43619,39.6326],[-120.43602,39.62807],[-120.43444,39.62327],[-120.43489,39.61986],[-120.4337,39.61867],[-120.42554,39.61558],[-120.42338,39.6132],[-120.42084,39.60625],[-120.42016,39.60204],[-120.40003,39.59675],[-120.36685,39.58957],[-120.36892,39.58318],[-120.36989,39.57605],[-120.36095,39.56871],[-120.35667,39.56647],[-120.35309,39.56125],[-120.34012,39.55584],[-120.33598,39.55687],[-120.3207,39.54845],[-120.31494,39.54338],[-120.31459,39.53946],[-120.31075,39.53292],[-120.29152,39.52876],[-120.28727,39.52441],[-120.28509,39.51917],[-120.2811,39.51441],[-120.2814,39.51327],[-120.28512,39.50911],[-120.28211,39.50529],[-120.2806,39.50435],[-120.27904,39.50435],[-120.27024,39.50691],[-120.2641,39.50565],[-120.26068,39.50258],[-120.26061,39.49908],[-120.25628,39.49679],[-120.2511,39.49585],[-120.24797,39.49453],[-120.24283,39.48991],[-120.23698,39.48632],[-120.2342,39.48321],[-120.23317,39.48028],[-120.2316,39.46979],[-120.22941,39.46526],[-120.22231,39.4546],[-120.21495,39.44765],[-120.214,39.44527],[-120.21102,39.44166],[-120.21135,39.44003],[-120.21064,39.43862],[-120.20666,39.43599],[-120.20205,39.42915],[-120.20117,39.42556],[-120.19928,39.42242],[-120.19813,39.41341],[-120.19194,39.40722],[-120.19085,39.40164],[-120.18778,39.39834],[-120.18383,39.38741],[-120.18265,39.38169],[-120.18162,39.37258],[-120.18285,39.36972],[-120.18274,39.3683],[-120.17464,39.3616],[-120.17266,39.35238],[-120.17297,39.34506],[-120.16815,39.33894],[-120.1772,39.33699],[-120.18518,39.3327],[-120.19407,39.32578],[-120.20113,39.32386],[-120.20727,39.32433],[-120.20742,39.31979],[-120.20424,39.31648],[-120.20371,39.31478],[-120.20597,39.30836],[-120.20532,39.29948],[-120.20876,39.28747],[-120.20694,39.28036],[-120.20705,39.27329],[-120.20849,39.26865],[-120.21017,39.26622],[-120.2117,39.25513],[-120.21095,39.24566],[-120.20992,39.24168],[-120.20907,39.239],[-120.20571,39.23498],[-120.20521,39.22732],[-120.20168,39.22133],[-120.20198,39.21515],[-120.19801,39.20959],[-120.19939,39.20344],[-120.20124,39.19969],[-120.19939,39.19701],[-120.19665,39.19534],[-120.19592,39.1936],[-120.19624,39.18992],[-120.1943,39.18613],[-120.19515,39.18358],[-120.19486,39.18217],[-120.19057,39.1778],[-120.18704,39.1711],[-120.1824,39.16748],[-120.17767,39.1654],[-120.16939,39.16444],[-120.16542,39.16316],[-120.15002,39.16359],[-120.14544,39.16695],[-120.14432,39.16686],[-120.14382,39.16601],[-120.1458,39.15723],[-120.14545,39.14922],[-120.14754,39.14691],[-120.15265,39.14522],[-120.15435,39.14335],[-120.15479,39.14168],[-120.15394,39.13852],[-120.15468,39.13651],[-120.15697,39.13285],[-120.1607,39.12929],[-120.16282,39.12547],[-120.16067,39.11864],[-120.15853,39.1172],[-120.15812,39.11327],[-120.16085,39.10963],[-120.16323,39.10341],[-120.1642,39.09424],[-120.15857,39.08171],[-120.15611,39.07805],[-120.15004,39.07464],[-120.1459,39.07429],[-120.14288,39.07132],[-120.13719,39.06893],[-120.12945,39.06795],[-120.12323,39.06292],[-120.11756,39.05414],[-120.11817,39.04714],[-120.12011,39.0451],[-120.12017,39.04355],[-120.12195,39.04122],[-120.12582,39.03719],[-120.12529,39.03499],[-120.12432,39.03433],[-120.11893,39.03509],[-120.11643,39.03207],[-120.12144,39.02651],[-120.12279,39.02166],[-120.12679,39.01726],[-120.12387,39.01647],[-120.12343,39.01478],[-120.11959,39.01439],[-120.11741,39.0124],[-120.1163,39.00938],[-120.11718,39.00677],[-120.11374,39.00376],[-120.10846,38.9946],[-120.10843,38.99348],[-120.11053,38.9903],[-120.10784,38.98772],[-120.10825,38.98433],[-120.10499,38.98186],[-120.10358,38.9785],[-120.09898,38.97395],[-120.09737,38.96759],[-120.09754,38.96542],[-120.09874,38.96378],[-120.10539,38.95847],[-120.1089,38.95659],[-120.11174,38.95354],[-120.1118,38.95204],[-120.10869,38.94854],[-120.10286,38.94589],[-120.09639,38.9468],[-120.0877,38.95163],[-120.08758,38.95113],[-120.08436,38.95154],[-120.08787,38.94914],[-120.08515,38.94994],[-120.08113,38.94839],[-120.0787,38.9495],[-120.07765,38.94701],[-120.07911,38.9417],[-120.07908,38.9388],[-120.07829,38.93468],[-120.07691,38.93368],[-120.06658,38.93512],[-120.06423,38.93391],[-120.05665,38.93381],[-120.05419,38.93308],[-120.04297,38.93475],[-120.03416,38.9332],[-120.03085,38.93054],[-120.02966,38.92606],[-120.02655,38.9237],[-120.02468,38.9226],[-120.0149,38.9204],[-120.00525,38.91427],[-119.99858,38.90337],[-119.9995,38.89147],[-120.00347,38.88147],[-120.00591,38.87076],[-120.0111,38.86219],[-120.01171,38.85647],[-120.01445,38.85433],[-120.02208,38.85124],[-120.01916,38.84691],[-120.01712,38.83755],[-120.01822,38.81921],[-120.01477,38.8126],[-120.00998,38.80649],[-120.00888,38.80032],[-120.01081,38.79259],[-120.00845,38.78741],[-120.00564,38.78614],[-120.00147,38.78693],[-119.99712,38.79306],[-119.98476,38.79664],[-119.97667,38.79637],[-119.96904,38.79735],[-119.95454,38.79324],[-119.94624,38.78775],[-119.94387,38.78707],[-119.93686,38.7888],[-119.92859,38.79313],[-119.92365,38.79315],[-119.92093,38.792],[-119.92017,38.79061],[-119.91898,38.77611],[-119.90639,38.77427],[-119.89943,38.77576],[-119.8961,38.77578],[-119.89239,38.77733],[-119.88874,38.77676],[-119.88473,38.77756],[-119.88126,38.77596],[-119.87819,38.77548],[-119.86962,38.76699],[-119.86386,38.76482],[-119.85562,38.76366],[-119.85013,38.76466],[-119.84093,38.76935],[-119.82375,38.77546],[-119.81861,38.77279],[-119.81723,38.76897],[-119.81516,38.76597],[-119.8158,38.75211],[-119.81084,38.74296],[-119.81078,38.7375],[-119.80161,38.72611],[-119.79691,38.72272],[-119.79618,38.71941],[-119.79315,38.71618],[-119.79043,38.7111],[-119.79049,38.70604],[-119.78971,38.70236],[-119.78536,38.70081],[-119.7804,38.69486],[-119.7778,38.69358],[-119.77529,38.69376],[-119.77351,38.69529],[-119.77348,38.69733],[-119.77257,38.69863],[-119.77056,38.6987],[-119.76633,38.69005],[-119.75798,38.68984],[-119.7546,38.68748],[-119.75274,38.68268],[-119.74974,38.68013],[-119.7437,38.67957],[-119.7353,38.67584],[-119.7315,38.67093],[-119.72855,38.66946],[-119.72823,38.66809],[-119.72896,38.66677],[-119.72621,38.66363],[-119.72642,38.66059],[-119.72379,38.66041],[-119.72262,38.65926],[-119.71521,38.66238],[-119.71177,38.66277],[-119.70877,38.66501],[-119.70515,38.66593],[-119.69322,38.66599],[-119.69044,38.66503],[-119.68811,38.66268],[-119.68592,38.66233],[-119.68426,38.66075],[-119.68044,38.65918],[-119.67834,38.6571],[-119.67411,38.65563],[-119.67066,38.65815],[-119.66643,38.65698],[-119.66457,38.65753],[-119.66535,38.66124],[-119.66754,38.66444],[-119.6676,38.66556],[-119.66596,38.67098],[-119.66433,38.67205],[-119.65989,38.67119],[-119.65735,38.67338],[-119.65592,38.67324],[-119.65187,38.66949],[-119.63982,38.66425],[-119.63839,38.6661],[-119.63112,38.6679],[-119.62013,38.67618],[-119.61432,38.67426],[-119.60504,38.67402],[-119.60218,38.67566],[-119.59789,38.68038],[-119.59425,38.68143],[-119.59162,38.67987],[-119.59103,38.6772],[-119.58452,38.66986],[-119.58575,38.667],[-119.5884,38.66636],[-119.5905,38.66411],[-119.59389,38.66421],[-119.59575,38.66155],[-119.59552,38.66096],[-119.59144,38.66011],[-119.58595,38.66123],[-119.58572,38.66068],[-119.58805,38.65972],[-119.58948,38.65817],[-119.59173,38.65796],[-119.5938,38.65599],[-119.59669,38.65617],[-119.59668,38.6553],[-119.59149,38.65499],[-119.58755,38.65567],[-119.57903,38.6549],[-119.5753,38.65216],[-119.57165,38.65163],[-119.56626,38.6479],[-119.56103,38.64714],[-119.55701,38.64296],[-119.5531,38.64287],[-119.54843,38.64122],[-119.5435,38.64286],[-119.5412,38.64142],[-119.537,38.64307],[-119.53195,38.64195],[-119.52775,38.64252],[-119.52329,38.63362],[-119.52403,38.62735],[-119.52322,38.62491],[-119.51922,38.61927],[-119.51976,38.60857],[-119.51964,38.60438],[-119.51807,38.60086],[-119.51862,38.5972],[-119.51502,38.58825],[-119.51248,38.58409],[-119.5121,38.58134],[-119.51053,38.5794],[-119.51109,38.5767],[-119.51071,38.57432],[-119.50696,38.56585],[-119.50536,38.56025],[-119.50195,38.55558],[-119.50222,38.5524],[-119.49793,38.54132],[-119.48866,38.52971],[-119.48662,38.52243],[-119.48056,38.51669],[-119.46882,38.51303],[-119.46364,38.51299],[-119.45417,38.51459],[-119.4515,38.5134],[-119.44981,38.51169],[-119.45117,38.50844],[-119.45152,38.50336],[-119.45656,38.49822],[-119.45624,38.48994],[-119.457,38.48703],[-119.45863,38.48536],[-119.46238,38.48403],[-119.46037,38.47948],[-119.46229,38.47328],[-119.46171,38.46999],[-119.46339,38.46596],[-119.4631,38.46466],[-119.45946,38.46063],[-119.45946,38.45679],[-119.46071,38.4556],[-119.46059,38.45464],[-119.45867,38.4524],[-119.45701,38.44754],[-119.45402,38.44411],[-119.45288,38.43402],[-119.44962,38.42478],[-119.44735,38.42048],[-119.45055,38.41588],[-119.45052,38.41094],[-119.45357,38.40369],[-119.4529,38.39355],[-119.45473,38.3896],[-119.45447,38.38717],[-119.45316,38.38607],[-119.45313,38.38452],[-119.45101,38.38246],[-119.44827,38.37491],[-119.4463,38.3729],[-119.44467,38.3692],[-119.44389,38.36714],[-119.44339,38.35993],[-119.4445,38.35774],[-119.45223,38.34838],[-119.45312,38.34675],[-119.45286,38.34579],[-119.44853,38.3427],[-119.43828,38.34344],[-119.42666,38.35101],[-119.42378,38.35399],[-119.42114,38.35488],[-119.38476,38.34919],[-119.35378,38.3481],[-119.34413,38.34884],[-119.32655,38.34573],[-119.32443,38.34454],[-119.32309,38.34237],[-119.31475,38.32379],[-119.31391,38.31956],[-119.31368,38.30535],[-119.30935,38.29315],[-119.30227,38.28425],[-119.29095,38.27789],[-119.27087,38.25757],[-119.23681,38.25715],[-119.23144,38.2555],[-119.22596,38.25587],[-119.22335,38.25528],[-119.22109,38.24869],[-119.22097,38.24622],[-119.22207,38.24096],[-119.23151,38.21329],[-119.23096,38.21086],[-119.22948,38.2081],[-119.22373,38.20297],[-119.22036,38.19796],[-119.20758,38.19089],[-119.20352,38.18728],[-119.19835,38.18415],[-119.19644,38.18145],[-119.1945,38.17609],[-119.19322,38.16712],[-119.1874,38.1577],[-119.1849,38.1447],[-119.18505,38.14102],[-119.18189,38.13164],[-119.18282,38.12761],[-119.18172,38.12338],[-119.17773,38.11452],[-119.17825,38.11164],[-119.17703,38.10372],[-119.17845,38.1015],[-119.17834,38.09656],[-119.17906,38.09276],[-119.18219,38.08889],[-119.18143,38.08656],[-119.17851,38.08363],[-119.17857,38.07565],[-119.17683,38.07444],[-119.17385,38.07491],[-119.17127,38.07693],[-119.16598,38.08345],[-119.16195,38.08475],[-119.16018,38.08459],[-119.15877,38.08354],[-119.15854,38.08169],[-119.15917,38.08082],[-119.16606,38.07627],[-119.16682,38.07366],[-119.16971,38.0702],[-119.16986,38.0689],[-119.16511,38.05292],[-119.15971,38.04368],[-119.15705,38.03331],[-119.15563,38.02663],[-119.15749,38.02027],[-119.15506,38.01416],[-119.15434,38.00624],[-119.15087,38.00178],[-119.1457,37.99744],[-119.14493,37.99373],[-119.14157,37.98963],[-119.13938,37.98558],[-119.13877,37.98126],[-119.13412,37.97476],[-119.13326,37.9721],[-119.1306,37.96805],[-119.12445,37.96423],[-119.11852,37.95588],[-119.11667,37.95142],[-119.10805,37.94904],[-119.10239,37.94252],[-119.10117,37.93936],[-119.0879,37.86935],[-119.08409,37.86409],[-119.08202,37.8582],[-119.07504,37.84644],[-119.07331,37.84095],[-119.06679,37.8304],[-119.06685,37.82829],[-119.06488,37.8268],[-119.0598,37.81781],[-119.04249,37.8039],[-119.039,37.7991],[-119.03597,37.79304],[-119.02263,37.78588],[-119.02015,37.77979],[-119.01779,37.77695],[-119.00373,37.76795],[-118.99868,37.76367],[-118.9951,37.76276],[-118.99248,37.76035],[-118.98662,37.75717],[-118.9846,37.75457],[-118.98207,37.74885],[-118.97639,37.7434],[-118.95332,37.71268],[-118.95096,37.70398],[-118.94828,37.69771],[-118.94298,37.69064],[-118.93923,37.67681],[-118.93166,37.66505],[-118.9257,37.65816],[-118.9242,37.65427],[-118.92354,37.64894],[-118.92144,37.6447],[-118.91298,37.63974],[-118.88892,37.63618],[-118.81374,37.61588],[-118.81095,37.61418],[-118.80361,37.60345],[-118.78949,37.59035],[-118.75654,37.57679],[-118.73871,37.5738],[-118.72039,37.5755],[-118.7109,37.57197],[-118.69831,37.57197],[-118.69425,37.57051],[-118.68675,37.56534],[-118.67688,37.56202],[-118.6653,37.56021],[-118.66064,37.55872],[-118.65268,37.5578],[-118.64873,37.55557],[-118.64261,37.55021],[-118.64004,37.54575],[-118.63949,37.54017],[-118.63768,37.5369],[-118.62886,37.53177],[-118.61841,37.52355],[-118.60936,37.52122],[-118.59812,37.52054],[-118.58726,37.51651],[-118.58441,37.51443],[-118.58335,37.512],[-118.58137,37.49754],[-118.58027,37.47208],[-118.57791,37.46265],[-118.573,37.45201],[-118.57213,37.44285],[-118.57004,37.43894],[-118.55861,37.42466],[-118.55141,37.41193],[-118.54771,37.40813],[-118.54315,37.40586],[-118.46536,37.37633],[-118.45911,37.37564],[-118.3977,37.37573],[-118.39578,37.37416],[-118.395,37.33238],[-118.3754,37.29467],[-118.37155,37.27785],[-118.3458,37.22968],[-118.29036,37.17369],[-118.28965,37.17143],[-118.28902,37.15561],[-118.28267,37.14855],[-118.25471,37.11013],[-118.23989,37.06494],[-118.23783,37.05976],[-118.23423,37.05402],[-118.23104,37.02414],[-118.23305,36.99182],[-118.23928,36.96141],[-118.24174,36.89117],[-118.229,36.83743],[-118.22276,36.82925],[-118.20752,36.81506],[-118.19126,36.79008],[-118.13117,36.70878],[-118.12858,36.70599],[-118.12397,36.70287],[-118.09646,36.67261],[-118.09464,36.66552],[-118.08073,36.63878],[-118.07312,36.62808],[-118.06718,36.61759],[-118.06485,36.60894],[-118.0577,36.59403],[-118.0577,36.57676],[-118.05154,36.56289],[-118.0438,36.52536],[-118.03376,36.51048],[-118.03269,36.50842],[-118.03195,36.50429],[-118.03684,36.46388],[-118.03498,36.45227],[-118.03473,36.44068],[-118.03226,36.43301],[-118.02412,36.39072],[-118.02349,36.35298],[-118.02064,36.33842],[-118.02126,36.33514],[-118.02718,36.32122],[-118.02707,36.31404],[-118.01792,36.29326],[-118.0065,36.28282],[-117.98073,36.22844],[-117.97748,36.1624],[-117.97161,36.11165],[-117.95673,36.07593],[-117.93276,35.99993],[-117.93059,35.99664],[-117.91679,35.9646],[-117.91051,35.957],[-117.90913,35.95297],[-117.90581,35.93808],[-117.9086,35.93256],[-117.90731,35.92221],[-117.89958,35.89867],[-117.89258,35.88534],[-117.88789,35.87264],[-117.88294,35.86811],[-117.87975,35.86205],[-117.87546,35.84275],[-117.87148,35.75342],[-117.86745,35.69477],[-117.86372,35.69223],[-117.8188,35.66952],[-117.81369,35.66597],[-117.71371,35.55084],[-117.712,35.5494],[-117.70948,35.54855],[-117.69286,35.54507],[-117.68905,35.54283],[-117.67426,35.52226],[-117.65408,35.47822],[-117.65554,35.46194],[-117.65454,35.45534],[-117.65485,35.45305],[-117.67086,35.43611],[-117.67209,35.43345],[-117.67265,35.42424],[-117.65652,35.39733],[-117.65015,35.38116],[-117.64478,35.37885],[-117.63947,35.37459],[-117.62106,35.36757],[-117.61787,35.3654],[-117.61706,35.36382],[-117.61652,35.35791],[-117.62076,35.34719],[-117.62087,35.34337],[-117.61894,35.33684],[-117.61826,35.33045],[-117.61111,35.32377],[-117.60946,35.3212],[-117.60861,35.31759],[-117.60864,35.31591],[-117.61269,35.30439],[-117.6162,35.28767],[-117.61288,35.25898],[-117.60868,35.23301],[-117.56834,35.08753],[-117.5653,35.0835],[-117.56062,35.07422],[-117.55945,35.06676],[-117.56045,35.05981],[-117.52885,34.94627],[-117.51657,34.91926],[-117.51509,34.89711],[-117.49317,34.81666],[-117.39978,34.54302],[-117.39963,34.44248],[-117.40019,34.42201],[-117.39939,34.41981],[-117.39926,34.40904],[-117.40108,34.40435],[-117.40125,34.40034],[-117.42187,34.37501],[-117.43594,34.35909],[-117.43751,34.35644],[-117.43925,34.35098],[-117.44204,34.34723],[-117.44549,34.34505],[-117.45781,34.34093],[-117.46388,34.33999],[-117.47316,34.34033],[-117.47758,34.339],[-117.48108,34.33572],[-117.48235,34.33029],[-117.48207,34.32216],[-117.47917,34.31582],[-117.4689,34.30668],[-117.46006,34.30189],[-117.45214,34.29099],[-117.45164,34.28698],[-117.45222,34.28059],[-117.4494,34.27319],[-117.44998,34.25693],[-117.44893,34.25388],[-117.44612,34.25125],[-117.43859,34.2478],[-117.42951,34.24001],[-117.4098,34.22583],[-117.40949,34.22273],[-117.4127,34.20917],[-117.41441,34.20423],[-117.41799,34.19761],[-117.4215,34.19319],[-117.42955,34.18748],[-117.43925,34.1788],[-117.45543,34.16939],[-117.49845,34.13476],[-117.5387,34.10095],[-117.54242,34.096],[-117.54434,34.09039],[-117.54493,34.06734],[-117.51638,34.06761],[-117.5051,34.0655],[-117.40732,34.06757],[-117.39614,34.06848],[-117.35341,34.06887],[-117.34201,34.06837],[-117.33324,34.06672],[-117.3143,34.06485],[-117.3032,34.0651],[-117.28914,34.0634],[-117.27868,34.06413],[-117.26748,34.06367],[-117.25088,34.06644],[-117.20325,34.06641],[-117.19337,34.06205],[-117.18037,34.06176],[-117.17647,34.06107],[-117.16504,34.05548],[-117.16207,34.05298],[-117.15921,34.0492],[-117.15352,34.03898],[-117.14925,34.0365],[-117.13817,34.03291],[-117.12758,34.02834],[-117.10737,34.02333],[-117.09603,34.01646],[-117.09254,34.01507],[-117.08698,34.01486],[-117.07039,34.01092],[-117.0672,34.00781],[-117.0614,33.99721],[-117.05405,33.98654],[-117.04954,33.97795],[-117.04789,33.97623],[-117.04154,33.97268],[-117.03528,33.96777],[-117.03085,33.96587],[-117.00697,33.94916],[-116.9965,33.93748],[-116.98275,33.92846],[-116.98003,33.92736],[-116.96079,33.92752],[-116.92331,33.92626],[-116.90841,33.92443],[-116.86346,33.9244],[-116.85698,33.92511],[-116.8506,33.92727],[-116.83079,33.93153],[-116.82581,33.93149],[-116.82001,33.93036],[-116.80998,33.92306],[-116.80256,33.91971],[-116.79756,33.91898],[-116.7805,33.91877],[-116.74925,33.92142],[-116.73667,33.92497],[-116.71298,33.92115],[-116.70804,33.92145],[-116.69589,33.92475],[-116.68146,33.92269],[-116.67292,33.92301],[-116.65789,33.92205],[-116.64038,33.92373],[-116.63336,33.9221],[-116.62585,33.91915],[-116.56003,33.90546],[-116.54369,33.90462],[-116.53135,33.90049],[-116.52347,33.89613],[-116.49122,33.86902],[-116.48718,33.8663],[-116.41173,33.82154],[-116.39782,33.81139],[-116.38622,33.8052],[-116.32383,33.76782],[-116.31815,33.76514],[-116.30225,33.76077],[-116.2678,33.74897],[-116.26213,33.74482],[-116.25084,33.73958],[-116.24577,33.73848],[-116.23406,33.73958],[-116.21665,33.73805],[-116.21297,33.7362],[-116.20719,33.73033],[-116.19956,33.72431],[-116.1935,33.7178],[-116.18824,33.71551],[-116.16628,33.71455],[-116.12833,33.70301],[-116.10319,33.6983],[-116.08206,33.70048],[-116.06559,33.69941],[-116.04926,33.69201],[-116.02835,33.68669],[-115.99484,33.67944],[-115.97278,33.68009],[-115.89002,33.66586],[-115.87583,33.66453],[-115.80701,33.66021],[-115.72405,33.66021],[-115.68324,33.66628],[-115.58015,33.674],[-115.46362,33.7],[-115.45576,33.70114],[-115.41862,33.70932],[-115.40931,33.71023],[-115.3796,33.71036],[-115.30587,33.70055],[-115.11748,33.64491],[-115.08413,33.6364],[-115.07249,33.63004],[-115.03482,33.62059],[-114.98924,33.60628],[-114.9405,33.60601],[-114.8393,33.60978],[-114.80822,33.60983],[-114.77781,33.60978],[-114.76681,33.60847],[-114.72423,33.60921],[-114.71312,33.60699],[-114.62407,33.60642],[-114.54543,33.60726],[-114.53676,33.60613],[-114.53814,33.59416],[-114.54006,33.59212],[-114.54075,33.59025],[-114.54006,33.58795],[-114.54063,33.5837],[-114.53989,33.57889],[-114.54166,33.5635],[-114.55727,33.54251],[-114.57355,33.52516],[-114.5914,33.50009],[-114.60396,33.48702],[-114.64543,33.41977],[-114.65642,33.41442],[-114.66581,33.41565],[-114.67456,33.41809],[-114.68746,33.41795],[-114.69513,33.41541],[-114.69691,33.41285],[-114.70068,33.41148],[-114.7041,33.40794],[-114.71151,33.40707],[-114.7207,33.4083],[-114.72297,33.40754],[-114.72539,33.40542],[-114.72542,33.40292],[-114.72401,33.40007],[-114.71359,33.38843],[-114.70767,33.38315],[-114.70705,33.38164],[-114.70749,33.37808],[-114.70689,33.37543],[-114.69964,33.36273],[-114.69845,33.35088],[-114.69924,33.34379],[-114.70287,33.33333],[-114.70756,33.32377],[-114.71413,33.3184],[-114.72292,33.31277],[-114.72461,33.30944],[-114.72873,33.30697],[-114.73149,33.30328],[-114.7242,33.2895],[-114.72231,33.28715],[-114.71884,33.28535],[-114.71776,33.28404],[-114.70238,33.28189],[-114.69277,33.27939],[-114.68626,33.27686],[-114.67713,33.27021],[-114.67236,33.26016],[-114.67225,33.25836],[-114.67368,33.25605],[-114.67826,33.25409],[-114.68285,33.25032],[-114.68952,33.24647],[-114.6872,33.24146],[-114.68461,33.23829],[-114.68487,33.23659],[-114.68038,33.21225],[-114.68193,33.17204],[-114.68551,33.15902],[-114.69098,33.14822],[-114.69734,33.14229],[-114.70739,33.11582],[-114.7095,33.10301],[-114.70683,33.08885],[-114.69967,33.08196],[-114.68761,33.06498],[-114.68627,33.05768],[-114.67723,33.04901],[-114.67496,33.04779],[-114.67371,33.04249],[-114.67083,33.03825],[-114.66528,33.03428],[-114.66126,33.03259],[-114.65924,33.03294],[-114.65684,33.0349],[-114.65078,33.0441],[-114.64208,33.04415],[-114.63552,33.04093],[-114.6295,33.03277],[-114.62666,33.03019],[-114.62316,33.02859],[-114.61529,33.0268],[-114.6,33.02541],[-114.58956,33.02631],[-114.58518,33.02781],[-114.58156,33.0323],[-114.56499,33.03524],[-114.53769,33.03334],[-114.5229,33.03065],[-114.50141,33.00818],[-114.49716,32.99132],[-114.49531,32.97785],[-114.49285,32.97157],[-114.49088,32.97014],[-114.48883,32.96988],[-114.48163,32.97187],[-114.48026,32.97365],[-114.4772,32.97487],[-114.47569,32.97211],[-114.47152,32.94896],[-114.47982,32.93905],[-114.48108,32.93499],[-114.47754,32.92462],[-114.46684,32.91467],[-114.46493,32.89995],[-114.46464,32.88867],[-114.46715,32.87793],[-114.46627,32.87506],[-114.46917,32.8444],[-114.4855,32.83064],[-114.49655,32.82789],[-114.50953,32.82164],[-114.52052,32.81255],[-114.5272,32.79763],[-114.52976,32.79542],[-114.53176,32.79111],[-114.53139,32.78541],[-114.53266,32.77737],[-114.5301,32.76679],[-114.52751,32.76256],[-114.52733,32.75716],[-114.53905,32.75702],[-114.53902,32.74987],[-114.56449,32.74969],[-114.56447,32.74243],[-114.58163,32.74246],[-114.58164,32.73516],[-114.61506,32.73452],[-114.61467,32.73297],[-114.61579,32.72853],[-114.61713,32.72827],[-114.68847,32.7399],[-114.69121,32.73963],[-114.69895,32.74485],[-114.70166,32.74549],[-114.70544,32.74158],[-114.70859,32.73599],[-114.7171,32.73006],[-114.72311,32.71849],[-114.96151,32.7026],[-115.37583,32.67367],[-115.85107,32.63827],[-116.37586,32.59709],[-116.87587,32.55574],[-117.12462,32.53423],[-117.12615,32.54617],[-117.12852,32.55312],[-117.13166,32.55887],[-117.13287,32.56475],[-117.13282,32.5933],[-117.13382,32.60342],[-117.13584,32.61372],[-117.14152,32.63109],[-117.14898,32.64562],[-117.15595,32.65664],[-117.16308,32.66572],[-117.17638,32.67726],[-117.1785,32.67863],[-117.17998,32.67858],[-117.1803,32.67958],[-117.1868,32.68375],[-117.19838,32.68751],[-117.19749,32.688],[-117.199,32.68924],[-117.19824,32.68835],[-117.19909,32.68809],[-117.19892,32.68751],[-117.21329,32.68694],[-117.21754,32.6962],[-117.20476,32.71381],[-117.19785,32.71435],[-117.19017,32.71052],[-117.19095,32.70663],[-117.18084,32.70353],[-117.18003,32.70229],[-117.17576,32.70111],[-117.16782,32.69143],[-117.16439,32.68423],[-117.16527,32.68372],[-117.16595,32.68002],[-117.16758,32.67869],[-117.17003,32.67967],[-117.17195,32.68213],[-117.17308,32.68241],[-117.17539,32.68114],[-117.17536,32.67964],[-117.16732,32.6748],[-117.16525,32.67475],[-117.16125,32.67764],[-117.15911,32.67314],[-117.16037,32.6716],[-117.16006,32.66958],[-117.16131,32.66764],[-117.15379,32.65756],[-117.15193,32.65807],[-117.14984,32.65368],[-117.15084,32.65315],[-117.15046,32.65213],[-117.14869,32.65125],[-117.14114,32.63623],[-117.13606,32.62773],[-117.13596,32.62568],[-117.13466,32.62517],[-117.13029,32.61719],[-117.13242,32.61469],[-117.13286,32.61248],[-117.13234,32.60976],[-117.13053,32.60764],[-117.12904,32.60748],[-117.1266,32.60555],[-117.1247,32.60542],[-117.12232,32.604],[-117.12227,32.60222],[-117.11682,32.60265],[-117.11594,32.6017],[-117.11572,32.59956],[-117.11449,32.60014],[-117.11324,32.59879],[-117.10563,32.59749],[-117.10126,32.60178],[-117.09755,32.6136],[-117.09698,32.61371],[-117.09806,32.61549],[-117.09734,32.61804],[-117.09814,32.6182],[-117.09788,32.61999],[-117.09507,32.62099],[-117.09906,32.62051],[-117.09793,32.62165],[-117.09847,32.62232],[-117.09806,32.62454],[-117.10062,32.62498],[-117.1027,32.63268],[-117.11901,32.67113],[-117.11574,32.6731],[-117.11549,32.67437],[-117.1189,32.67247],[-117.1215,32.67543],[-117.12844,32.68746],[-117.12742,32.6879],[-117.12871,32.68788],[-117.15315,32.71204],[-117.17106,32.72712],[-117.19793,32.73893],[-117.2072,32.73682],[-117.20661,32.73862],[-117.20749,32.74023],[-117.20902,32.74088],[-117.20998,32.73881],[-117.20869,32.73747],[-117.21005,32.73617],[-117.2173,32.73452],[-117.22835,32.72435],[-117.23229,32.71852],[-117.23517,32.71666],[-117.23611,32.71445],[-117.23532,32.71404],[-117.24018,32.70686],[-117.24842,32.70668],[-117.25523,32.72155],[-117.25604,32.7362],[-117.25526,32.7377],[-117.25496,32.74185],[-117.25553,32.74484],[-117.25486,32.74671],[-117.25354,32.74724],[-117.25264,32.75206],[-117.25385,32.75662],[-117.24908,32.75614],[-117.25196,32.75622],[-117.25196,32.75486],[-117.25057,32.75592],[-117.25126,32.7551],[-117.25083,32.75476],[-117.24817,32.75611],[-117.24885,32.7551],[-117.24744,32.75487],[-117.21203,32.75933],[-117.21315,32.76003],[-117.21248,32.76069],[-117.21411,32.76072],[-117.21348,32.76122],[-117.24536,32.75765],[-117.24248,32.75893],[-117.24149,32.76194],[-117.24048,32.75931],[-117.23423,32.76008],[-117.23449,32.76194],[-117.23817,32.76457],[-117.2414,32.76433],[-117.2417,32.76323],[-117.24223,32.76431],[-117.24057,32.76714],[-117.23729,32.76782],[-117.23654,32.76641],[-117.23515,32.76637],[-117.23454,32.76754],[-117.23552,32.76877],[-117.23416,32.76952],[-117.23272,32.76905],[-117.23182,32.76658],[-117.22892,32.76671],[-117.22857,32.76763],[-117.22748,32.76775],[-117.22067,32.76584],[-117.21479,32.76507],[-117.21083,32.76664],[-117.20975,32.76883],[-117.21107,32.7689],[-117.21336,32.76704],[-117.21675,32.76727],[-117.21782,32.76813],[-117.21902,32.77134],[-117.22152,32.77293],[-117.22279,32.77238],[-117.22006,32.76948],[-117.22111,32.76798],[-117.22515,32.76993],[-117.22887,32.76994],[-117.22963,32.77059],[-117.22515,32.77444],[-117.22355,32.77866],[-117.21776,32.78841],[-117.21512,32.78975],[-117.21329,32.78916],[-117.21237,32.78765],[-117.21288,32.78606],[-117.2163,32.78447],[-117.21696,32.78311],[-117.21645,32.78149],[-117.21425,32.77906],[-117.21397,32.77689],[-117.21552,32.77664],[-117.2188,32.77854],[-117.21944,32.77751],[-117.21572,32.77368],[-117.21147,32.77214],[-117.21105,32.76926],[-117.20958,32.76917],[-117.208,32.7701],[-117.20793,32.77095],[-117.20967,32.7711],[-117.21107,32.77699],[-117.21065,32.77732],[-117.21203,32.77835],[-117.21244,32.78037],[-117.21177,32.78373],[-117.211,32.78379],[-117.211,32.78198],[-117.21006,32.78206],[-117.20918,32.78418],[-117.20986,32.78627],[-117.20812,32.78689],[-117.21079,32.78932],[-117.20935,32.79295],[-117.21034,32.79687],[-117.21602,32.79652],[-117.21658,32.79583],[-117.21612,32.79482],[-117.21204,32.79481],[-117.21159,32.79378],[-117.21598,32.79245],[-117.21843,32.79271],[-117.21958,32.79396],[-117.22067,32.79889],[-117.22312,32.80407],[-117.22074,32.7951],[-117.22347,32.79443],[-117.22375,32.79306],[-117.22451,32.79509],[-117.22746,32.7942],[-117.22871,32.79564],[-117.23027,32.7956],[-117.2301,32.79363],[-117.23114,32.7927],[-117.2309,32.7919],[-117.23151,32.79193],[-117.2301,32.79043],[-117.23185,32.78854],[-117.23163,32.78594],[-117.23277,32.78243],[-117.23491,32.77973],[-117.23758,32.77978],[-117.23873,32.78067],[-117.2401,32.78342],[-117.24088,32.7881],[-117.24241,32.79041],[-117.24484,32.79144],[-117.24967,32.79134],[-117.25255,32.78898],[-117.25257,32.78727],[-117.25095,32.78312],[-117.25003,32.78331],[-117.24984,32.78517],[-117.24838,32.78504],[-117.24838,32.78187],[-117.24895,32.78145],[-117.24982,32.78257],[-117.25083,32.7824],[-117.25137,32.77876],[-117.24902,32.77891],[-117.24835,32.78005],[-117.24705,32.77791],[-117.25125,32.77813],[-117.25107,32.77635],[-117.24908,32.7724],[-117.24671,32.77283],[-117.2473,32.77526],[-117.24614,32.77584],[-117.24487,32.77371],[-117.24592,32.77147],[-117.24461,32.77057],[-117.24324,32.77092],[-117.24284,32.76969],[-117.24626,32.76362],[-117.24698,32.7641],[-117.24599,32.76846],[-117.24793,32.7701],[-117.24934,32.76946],[-117.2488,32.7679],[-117.2497,32.76363],[-117.24796,32.76072],[-117.24701,32.76071],[-117.24637,32.76194],[-117.24539,32.76185],[-117.24583,32.76028],[-117.25423,32.75905],[-117.25324,32.76564],[-117.25366,32.77923],[-117.25555,32.79057],[-117.25963,32.80148],[-117.26228,32.84937],[-117.25765,32.85261],[-117.25376,32.8593],[-117.25053,32.87368],[-117.25272,32.89801],[-117.27409,32.99159],[-117.27888,33.00581],[-117.27996,33.01163],[-117.31151,33.08113],[-117.3129,33.08768],[-117.31375,33.08836],[-117.31956,33.10148],[-117.32564,33.11657],[-117.33007,33.12437],[-117.33435,33.12862],[-117.34357,33.14538],[-117.3572,33.16379],[-117.39104,33.20426],[-117.38929,33.20528],[-117.38963,33.20645],[-117.39243,33.20632],[-117.39451,33.2084],[-117.39496,33.21074],[-117.39446,33.21271],[-117.39533,33.2132],[-117.39654,33.21194],[-117.39609,33.21127],[-117.397,33.21137],[-117.39934,33.21447],[-117.39705,33.21572],[-117.40045,33.21956],[-117.40286,33.21837],[-117.47428,33.30356],[-117.50459,33.33201],[-117.51778,33.34281],[-117.54655,33.36361],[-117.56579,33.37291],[-117.56905,33.37503],[-117.57226,33.37836],[-117.57653,33.38026],[-117.63317,33.43164],[-117.65201,33.44555],[-117.67928,33.46091],[-117.68444,33.46201],[-117.68945,33.46172],[-117.71533,33.46499],[-117.72586,33.48282],[-117.72757,33.48363],[-117.75107,33.5072],[-117.75531,33.51269],[-117.75734,33.51349],[-117.76485,33.52101],[-117.76597,33.52334],[-117.76865,33.52483],[-117.77943,33.5353],[-117.78427,33.54125],[-117.78673,33.54245],[-117.79187,33.54308],[-117.84104,33.57421],[-117.87033,33.59034],[-117.8722,33.59261],[-117.878,33.59347],[-117.87882,33.59448],[-117.87826,33.59487],[-117.87868,33.59656],[-117.88021,33.59855],[-117.87937,33.5991],[-117.87946,33.60008],[-117.88394,33.60288],[-117.88443,33.60633],[-117.88684,33.60886],[-117.88856,33.60979],[-117.89401,33.60987],[-117.89413,33.61138],[-117.89719,33.61198],[-117.89901,33.61333],[-117.89927,33.61178],[-117.89448,33.61125],[-117.89446,33.60989],[-117.89557,33.61069],[-117.89693,33.60988],[-117.90056,33.61008],[-117.90116,33.61085],[-117.90021,33.61388],[-117.90109,33.61573],[-117.90429,33.61572],[-117.90427,33.61663],[-117.90113,33.61872],[-117.89752,33.61968],[-117.90154,33.62],[-117.90306,33.61837],[-117.90229,33.61983],[-117.90087,33.62056],[-117.89712,33.62029],[-117.89724,33.61901],[-117.89418,33.61921],[-117.89516,33.61596],[-117.89295,33.61534],[-117.89189,33.61805],[-117.89278,33.61955],[-117.89132,33.61927],[-117.89087,33.62035],[-117.89208,33.61989],[-117.89326,33.6205],[-117.89227,33.62183],[-117.89155,33.62511],[-117.88962,33.62632],[-117.88557,33.62713],[-117.88578,33.62533],[-117.88713,33.62386],[-117.88816,33.62407],[-117.8879,33.62493],[-117.88906,33.62413],[-117.89088,33.62177],[-117.89062,33.62087],[-117.88892,33.62332],[-117.88661,33.62386],[-117.88444,33.62633],[-117.88512,33.62727],[-117.88408,33.62778],[-117.88427,33.62842],[-117.88616,33.62985],[-117.88578,33.63323],[-117.88476,33.63353],[-117.88786,33.63752],[-117.88698,33.64076],[-117.88663,33.63991],[-117.88637,33.64091],[-117.8825,33.64376],[-117.88245,33.6458],[-117.8841,33.64664],[-117.88849,33.65118],[-117.88901,33.65001],[-117.88932,33.65064],[-117.89019,33.65033],[-117.89059,33.64729],[-117.89224,33.64423],[-117.89035,33.64307],[-117.89069,33.64138],[-117.88964,33.63837],[-117.89172,33.63502],[-117.88995,33.63302],[-117.89158,33.63112],[-117.89012,33.62868],[-117.89029,33.62696],[-117.89187,33.62665],[-117.8929,33.62554],[-117.8934,33.62286],[-117.89597,33.62428],[-117.89382,33.62231],[-117.89404,33.62186],[-117.89637,33.6231],[-117.89686,33.62221],[-117.89549,33.62216],[-117.89573,33.62146],[-117.90283,33.62139],[-117.90502,33.61931],[-117.9054,33.61696],[-117.90813,33.61229],[-117.92703,33.62076],[-117.9309,33.62008],[-117.93196,33.62081],[-117.93234,33.62019],[-117.93681,33.62137],[-117.93471,33.61858],[-117.9338,33.61787],[-117.93299,33.61819],[-117.93102,33.61615],[-117.93271,33.61852],[-117.93054,33.61981],[-117.92885,33.61979],[-117.92693,33.61676],[-117.92603,33.61639],[-117.92409,33.61226],[-117.92702,33.61346],[-117.92627,33.61438],[-117.92682,33.61513],[-117.92763,33.61371],[-117.93466,33.61657],[-117.95718,33.62921],[-117.95396,33.6435],[-117.957,33.63215],[-117.95757,33.63241],[-117.959,33.63023],[-118.00167,33.65476],[-118.03094,33.67801],[-118.06214,33.70896],[-118.07508,33.7184],[-118.08629,33.72822],[-118.08943,33.73034],[-118.09054,33.73027],[-118.09025,33.73161],[-118.09396,33.73397],[-118.08839,33.73132],[-118.08631,33.73153],[-118.08495,33.73079],[-118.08454,33.73151],[-118.08233,33.72793],[-118.07665,33.72539],[-118.07702,33.72505],[-118.07594,33.72421],[-118.07449,33.72514],[-118.07172,33.72397],[-118.07334,33.72285],[-118.07231,33.72141],[-118.07254,33.7202],[-118.06893,33.71687],[-118.06782,33.71712],[-118.06777,33.71605],[-118.06702,33.71817],[-118.06483,33.71605],[-118.06429,33.71637],[-118.06502,33.71833],[-118.06589,33.71804],[-118.06653,33.71877],[-118.06473,33.72071],[-118.0628,33.71604],[-118.06409,33.71504],[-118.06237,33.7147],[-118.06325,33.7136],[-118.06183,33.71388],[-118.06056,33.71185],[-118.0602,33.71084],[-118.06086,33.7098],[-118.05955,33.70907],[-118.0583,33.7069],[-118.05327,33.70302],[-118.05287,33.70358],[-118.05742,33.70692],[-118.05761,33.70755],[-118.05678,33.70745],[-118.05542,33.70607],[-118.05775,33.70907],[-118.05902,33.70934],[-118.0604,33.71222],[-118.05964,33.71299],[-118.05342,33.71231],[-118.0537,33.71341],[-118.05733,33.71399],[-118.05777,33.71643],[-118.05851,33.71644],[-118.05853,33.71708],[-118.05747,33.71751],[-118.05846,33.71752],[-118.05849,33.71816],[-118.05745,33.71816],[-118.05853,33.71852],[-118.05851,33.71924],[-118.05747,33.71966],[-118.05855,33.71968],[-118.05851,33.72024],[-118.05742,33.72068],[-118.05853,33.72075],[-118.05848,33.72129],[-118.0558,33.72171],[-118.05587,33.72322],[-118.05688,33.7232],[-118.05691,33.72508],[-118.05622,33.72578],[-118.05884,33.72763],[-118.05872,33.72911],[-118.05917,33.72811],[-118.06032,33.72901],[-118.06136,33.72871],[-118.06025,33.7283],[-118.06066,33.72694],[-118.06898,33.72796],[-118.07188,33.72549],[-118.07396,33.72645],[-118.07226,33.72767],[-118.07266,33.72807],[-118.0741,33.72821],[-118.07565,33.72699],[-118.07728,33.72712],[-118.07846,33.72764],[-118.07699,33.72848],[-118.07712,33.72913],[-118.07928,33.72821],[-118.08072,33.72943],[-118.07792,33.73218],[-118.0782,33.73424],[-118.07792,33.73255],[-118.07627,33.73166],[-118.07702,33.73034],[-118.07657,33.7301],[-118.07332,33.73113],[-118.07469,33.73099],[-118.07551,33.73169],[-118.0756,33.73323],[-118.07362,33.73406],[-118.07244,33.73335],[-118.07117,33.73386],[-118.07132,33.73518],[-118.07226,33.73361],[-118.07323,33.73456],[-118.07499,33.73374],[-118.07325,33.73632],[-118.07369,33.73795],[-118.07521,33.73754],[-118.07483,33.73682],[-118.07626,33.73658],[-118.07915,33.73454],[-118.07909,33.73152],[-118.08018,33.73413],[-118.07975,33.7366],[-118.07789,33.73778],[-118.07744,33.74103],[-118.07534,33.74099],[-118.07448,33.73988],[-118.07367,33.74152],[-118.07089,33.74113],[-118.07115,33.74171],[-118.0737,33.74181],[-118.07466,33.74027],[-118.07478,33.74115],[-118.07601,33.74185],[-118.07499,33.74372],[-118.07547,33.74451],[-118.07565,33.7427],[-118.07657,33.74192],[-118.07764,33.74156],[-118.07777,33.74336],[-118.07917,33.74192],[-118.07983,33.74209],[-118.07954,33.74141],[-118.07799,33.74255],[-118.07791,33.74166],[-118.07858,33.738],[-118.08006,33.73748],[-118.08113,33.73591],[-118.08067,33.73438],[-118.08145,33.73259],[-118.08009,33.7312],[-118.08212,33.73186],[-118.08263,33.7327],[-118.08386,33.7324],[-118.08459,33.73338],[-118.08178,33.73478],[-118.08355,33.73416],[-118.08433,33.73486],[-118.08289,33.7358],[-118.08282,33.73692],[-118.0836,33.73547],[-118.08449,33.73534],[-118.0861,33.73735],[-118.08388,33.74058],[-118.08136,33.74054],[-118.08068,33.74144],[-118.08027,33.74404],[-118.08166,33.74464],[-118.08047,33.7431],[-118.08131,33.74076],[-118.08405,33.74077],[-118.08417,33.74233],[-118.08324,33.74415],[-118.08407,33.7447],[-118.08351,33.74382],[-118.08436,33.74239],[-118.08419,33.7406],[-118.08641,33.73746],[-118.08608,33.73595],[-118.08502,33.73568],[-118.08466,33.73476],[-118.08514,33.73218],[-118.08751,33.73278],[-118.08874,33.7356],[-118.08933,33.73589],[-118.08994,33.73477],[-118.09634,33.73831],[-118.09895,33.73583],[-118.11404,33.74413],[-118.11193,33.74793],[-118.10871,33.75002],[-118.11022,33.75002],[-118.11336,33.74767],[-118.11506,33.74469],[-118.11534,33.74974],[-118.11499,33.74826],[-118.11426,33.74793],[-118.11211,33.74978],[-118.11339,33.7509],[-118.11417,33.75039],[-118.11325,33.7514],[-118.11192,33.75013],[-118.10853,33.7522],[-118.11322,33.75652],[-118.1143,33.75571],[-118.11529,33.75636],[-118.11989,33.76089],[-118.11803,33.76179],[-118.11841,33.76133],[-118.11756,33.76149],[-118.11754,33.76072],[-118.11499,33.75904],[-118.11546,33.75875],[-118.11431,33.75845],[-118.11487,33.75777],[-118.11386,33.75848],[-118.11735,33.76206],[-118.11287,33.76456],[-118.1111,33.76363],[-118.10768,33.76433],[-118.10664,33.76334],[-118.10489,33.76336],[-118.1048,33.76498],[-118.10553,33.76484],[-118.1049,33.76381],[-118.10586,33.76367],[-118.10739,33.76478],[-118.11004,33.76512],[-118.11089,33.76418],[-118.112,33.76487],[-118.10419,33.76729],[-118.11237,33.76542],[-118.11353,33.76613],[-118.11539,33.7638],[-118.12072,33.76164],[-118.12773,33.76788],[-118.12982,33.76801],[-118.12249,33.76036],[-118.12289,33.7599],[-118.12759,33.76038],[-118.129,33.75957],[-118.13174,33.75548],[-118.13072,33.75325],[-118.12936,33.75244],[-118.14045,33.75763],[-118.15511,33.76115],[-118.18056,33.76457],[-118.19061,33.76177],[-118.19314,33.7618],[-118.19604,33.76295],[-118.19633,33.76108],[-118.19512,33.76144],[-118.19385,33.76087],[-118.19647,33.76014],[-118.1994,33.76143],[-118.19897,33.76326],[-118.20067,33.76323],[-118.20024,33.76161],[-118.20227,33.76275],[-118.20215,33.76373],[-118.20284,33.76306],[-118.20409,33.7639],[-118.20463,33.76718],[-118.20617,33.76705],[-118.20612,33.76409],[-118.20314,33.76016],[-118.2007,33.75897],[-118.20758,33.75705],[-118.20756,33.76293],[-118.20883,33.76294],[-118.20887,33.75951],[-118.20965,33.75805],[-118.21048,33.75804],[-118.21053,33.76278],[-118.21182,33.76278],[-118.21192,33.75636],[-118.21374,33.75636],[-118.21387,33.76279],[-118.21496,33.76281],[-118.21508,33.7574],[-118.21626,33.7574],[-118.22029,33.76451],[-118.22027,33.76695],[-118.2192,33.76754],[-118.21722,33.76712],[-118.21671,33.76751],[-118.218,33.76833],[-118.21392,33.76992],[-118.21159,33.76938],[-118.211,33.76966],[-118.21305,33.77031],[-118.21157,33.77092],[-118.20944,33.77031],[-118.20894,33.77071],[-118.21045,33.77138],[-118.20807,33.77231],[-118.20942,33.77305],[-118.21899,33.76918],[-118.22067,33.76929],[-118.22093,33.77074],[-118.21793,33.77285],[-118.20944,33.77614],[-118.20992,33.77708],[-118.21694,33.77418],[-118.21687,33.77547],[-118.21743,33.77557],[-118.21782,33.7741],[-118.2252,33.77066],[-118.23571,33.76828],[-118.23836,33.76902],[-118.23826,33.76728],[-118.24142,33.76697],[-118.25,33.76432],[-118.25043,33.76514],[-118.24968,33.7659],[-118.2504,33.76696],[-118.25121,33.76686],[-118.25074,33.76788],[-118.24751,33.76571],[-118.24935,33.76869],[-118.24998,33.76838],[-118.24918,33.77157],[-118.24171,33.77634],[-118.2414,33.77726],[-118.24237,33.77743],[-118.24918,33.77367],[-118.25059,33.7706],[-118.25529,33.76552],[-118.25621,33.76566],[-118.25576,33.76515],[-118.25941,33.76114],[-118.25996,33.76632],[-118.26376,33.76571],[-118.26135,33.76327],[-118.26105,33.7593],[-118.26725,33.75307],[-118.26812,33.75863],[-118.2655,33.76278],[-118.26595,33.76308],[-118.27,33.75869],[-118.26961,33.75395],[-118.27205,33.75442],[-118.27434,33.75738],[-118.27064,33.76709],[-118.27647,33.76642],[-118.27862,33.76915],[-118.28003,33.76826],[-118.27625,33.76191],[-118.27718,33.76144],[-118.2767,33.75854],[-118.27982,33.75647],[-118.28779,33.75487],[-118.28972,33.75511],[-118.28798,33.75415],[-118.2881,33.75258],[-118.2831,33.75429],[-118.28177,33.75432],[-118.28033,33.75336],[-118.27913,33.75501],[-118.2798,33.75371],[-118.278,33.75373],[-118.27746,33.75441],[-118.27355,33.75288],[-118.27444,33.74858],[-118.27781,33.74949],[-118.27836,33.74863],[-118.27501,33.74675],[-118.27871,33.74016],[-118.27814,33.73536],[-118.27428,33.72915],[-118.27869,33.73133],[-118.27387,33.72783],[-118.27116,33.72034],[-118.27305,33.71989],[-118.27546,33.72627],[-118.27654,33.726],[-118.27342,33.71738],[-118.27599,33.71495],[-118.27663,33.7161],[-118.27566,33.71995],[-118.2771,33.72357],[-118.27843,33.72024],[-118.28015,33.72501],[-118.2821,33.72447],[-118.28003,33.7179],[-118.28236,33.71687],[-118.28319,33.71718],[-118.28453,33.71416],[-118.28352,33.71309],[-118.28331,33.71031],[-118.28149,33.70977],[-118.28231,33.709],[-118.28491,33.70875],[-118.28606,33.70683],[-118.28802,33.70579],[-118.29263,33.70536],[-118.29532,33.70644],[-118.29583,33.70833],[-118.29845,33.7099],[-118.30109,33.70998],[-118.30769,33.71208],[-118.3134,33.71471],[-118.31544,33.71456],[-118.31983,33.71633],[-118.32093,33.71757],[-118.32222,33.71736],[-118.32333,33.7187],[-118.32855,33.71984],[-118.34101,33.72486],[-118.34279,33.72616],[-118.35219,33.72858],[-118.35444,33.73084],[-118.35498,33.73288],[-118.36052,33.73727],[-118.36722,33.73826],[-118.36955,33.73639],[-118.36995,33.73812],[-118.37253,33.73857],[-118.37389,33.73693],[-118.37528,33.73747],[-118.37552,33.73977],[-118.38139,33.74226],[-118.38528,33.74189],[-118.38918,33.73954],[-118.39208,33.73955],[-118.39305,33.73816],[-118.39465,33.73822],[-118.39593,33.73731],[-118.4028,33.73935],[-118.40286,33.7404],[-118.4047,33.74123],[-118.4089,33.74116],[-118.41425,33.75204],[-118.41364,33.7534],[-118.4154,33.75439],[-118.41861,33.76089],[-118.41781,33.7622],[-118.41947,33.76265],[-118.42224,33.76828],[-118.42177,33.76872],[-118.4224,33.77128],[-118.42431,33.77249],[-118.42551,33.77492],[-118.41791,33.78551],[-118.40745,33.7909],[-118.39155,33.8057],[-118.38844,33.82635],[-118.38951,33.83695],[-118.40593,33.87334],[-118.43286,33.92634],[-118.45516,33.96192],[-118.45334,33.96277],[-118.45375,33.96341],[-118.45568,33.96275],[-118.44665,33.96776],[-118.44643,33.97449],[-118.4412,33.97703],[-118.44193,33.97807],[-118.44643,33.97593],[-118.44644,33.97736],[-118.44127,33.97988],[-118.44221,33.98124],[-118.44639,33.97923],[-118.44643,33.98038],[-118.4428,33.98211],[-118.44309,33.98253],[-118.44433,33.98279],[-118.44641,33.98179],[-118.44644,33.98317],[-118.44974,33.98378],[-118.45615,33.98354],[-118.45662,33.98296],[-118.45518,33.98215],[-118.44978,33.98217],[-118.44974,33.9812],[-118.45556,33.98119],[-118.45728,33.98193],[-118.4583,33.98095],[-118.45761,33.97952],[-118.44976,33.97954],[-118.44974,33.97855],[-118.45768,33.97854],[-118.45764,33.97693],[-118.44978,33.9769],[-118.44974,33.97596],[-118.45769,33.97589],[-118.45653,33.97433],[-118.44974,33.97431],[-118.44974,33.97337],[-118.45617,33.97325],[-118.45499,33.97163],[-118.44967,33.97125],[-118.45124,33.96812],[-118.4571,33.96501],[-118.46189,33.97264],[-118.48899,34.00434],[-118.50964,34.02247],[-118.52203,34.02995],[-118.54596,34.03885],[-118.55025,34.03912],[-118.55348,34.03826],[-118.5583,34.03876],[-118.56334,34.04056],[-118.57009,34.04158],[-118.57599,34.03952],[-118.59086,34.03906],[-118.5948,34.03954],[-118.60499,34.03862],[-118.64146,34.03747],[-118.64636,34.03822],[-118.64926,34.03746],[-118.66003,34.03886],[-118.66935,34.03888],[-118.67298,34.03837],[-118.67786,34.03612],[-118.7259,34.03203],[-118.73553,34.03307],[-118.74463,34.03228],[-118.7506,34.03027],[-118.75432,34.02815],[-118.75478,34.0272],[-118.78359,34.0216],[-118.78659,34.02004],[-118.78966,34.01672],[-118.81721,34.01182],[-118.8444,34.03013],[-118.8541,34.03421],[-118.87669,34.03817],[-118.89559,34.03921],[-118.90462,34.04161],[-118.91028,34.04209],[-118.91556,34.04152],[-118.9224,34.045],[-118.92815,34.04587],[-118.93231,34.0454],[-118.93473,34.04354],[-118.93794,34.04339],[-118.95473,34.04816],[-118.96065,34.05145],[-118.96417,34.05224],[-118.96853,34.05555],[-118.97679,34.0596],[-118.97971,34.06055],[-118.98365,34.06059],[-118.99082,34.0641],[-119.00032,34.06644],[-119.02398,34.07597],[-119.03801,34.08338],[-119.04317,34.08459],[-119.04934,34.08499],[-119.08687,34.09827],[-119.09091,34.09946],[-119.09999,34.09931],[-119.10942,34.09525],[-119.12681,34.09969],[-119.15978,34.11886],[-119.19107,34.14145],[-119.20047,34.14503],[-119.21081,34.1455],[-119.2083,34.14809],[-119.20401,34.14781],[-119.20404,34.14866],[-119.20639,34.14868],[-119.2064,34.1515],[-119.20831,34.15156],[-119.20835,34.15356],[-119.20989,34.15302],[-119.21036,34.1539],[-119.21095,34.15368],[-119.21019,34.15278],[-119.21026,34.14881],[-119.21273,34.14599],[-119.21711,34.14711],[-119.22492,34.15754],[-119.22243,34.15915],[-119.22271,34.16004],[-119.22215,34.1604],[-119.22293,34.16201],[-119.22274,34.16978],[-119.22281,34.17083],[-119.22366,34.17113],[-119.22368,34.17605],[-119.22745,34.17652],[-119.22802,34.18107],[-119.23352,34.19003],[-119.23571,34.19817],[-119.23825,34.20009],[-119.23851,34.20386],[-119.24696,34.20711],[-119.25016,34.20603],[-119.2466,34.20661],[-119.23911,34.2039],[-119.23872,34.20002],[-119.23615,34.19822],[-119.23422,34.19062],[-119.22858,34.18157],[-119.22795,34.17655],[-119.22406,34.176],[-119.22418,34.16862],[-119.22474,34.16759],[-119.22594,34.16743],[-119.22668,34.1686],[-119.22852,34.16796],[-119.22715,34.16506],[-119.22639,34.16529],[-119.22609,34.16469],[-119.22672,34.16438],[-119.2247,34.16104],[-119.22467,34.15957],[-119.22574,34.15864],[-119.23278,34.16803],[-119.23729,34.17614],[-119.26169,34.22523],[-119.26814,34.24858],[-119.26764,34.24913],[-119.26639,34.24888],[-119.26426,34.24086],[-119.26165,34.2404],[-119.26149,34.24339],[-119.25738,34.2447],[-119.25794,34.2464],[-119.26271,34.2467],[-119.26266,34.2457],[-119.26344,34.24562],[-119.26427,34.24752],[-119.26252,34.24942],[-119.2662,34.25073],[-119.26677,34.25035],[-119.26711,34.25202],[-119.26434,34.25422],[-119.26191,34.25446],[-119.26289,34.2579],[-119.2624,34.25498],[-119.2633,34.25488],[-119.26544,34.26074],[-119.26691,34.26044],[-119.26562,34.26018],[-119.26393,34.25525],[-119.26557,34.25491],[-119.26724,34.2603],[-119.2679,34.26001],[-119.26579,34.25377],[-119.2671,34.25274],[-119.2676,34.25338],[-119.26893,34.25312],[-119.26821,34.25083],[-119.26862,34.25032],[-119.26964,34.25399],[-119.27365,34.26049],[-119.28073,34.26964],[-119.28837,34.27425],[-119.29217,34.27551],[-119.30322,34.27352],[-119.31021,34.27492],[-119.31726,34.27969],[-119.32092,34.2834],[-119.33606,34.28962],[-119.34018,34.29325],[-119.34862,34.30385],[-119.35403,34.30814],[-119.35825,34.31003],[-119.3681,34.31835],[-119.37608,34.3212],[-119.38037,34.31992],[-119.41821,34.34367],[-119.43003,34.35493],[-119.43275,34.35601],[-119.4378,34.35596],[-119.44921,34.36311],[-119.45319,34.36787],[-119.46036,34.37386],[-119.46812,34.37581],[-119.47261,34.37562],[-119.55131,34.40795],[-119.55824,34.41298],[-119.56238,34.41496],[-119.56499,34.41539],[-119.56924,34.414],[-119.57337,34.41382],[-119.5848,34.41547],[-119.59766,34.41933],[-119.61624,34.42117],[-119.61874,34.42077],[-119.62003,34.41904],[-119.62811,34.41929],[-119.63108,34.41863],[-119.67539,34.41616],[-119.68586,34.41313],[-119.68967,34.41103],[-119.74384,34.40298],[-119.78472,34.41706],[-119.7976,34.41881],[-119.82919,34.41781],[-119.83949,34.41372],[-119.88682,34.41842],[-119.91385,34.42863],[-119.92513,34.43414],[-119.93139,34.43526],[-120.00817,34.46056],[-120.01705,34.4616],[-120.02002,34.46085],[-120.0326,34.46184],[-120.03856,34.46334],[-120.04433,34.46277],[-120.11317,34.46815],[-120.12618,34.47169],[-120.14066,34.47354],[-120.15269,34.47337],[-120.1599,34.47156],[-120.19278,34.47041],[-120.22888,34.47063],[-120.2368,34.46884],[-120.26328,34.46789],[-120.27213,34.46879],[-120.27639,34.46741],[-120.27902,34.46732],[-120.28987,34.47032],[-120.29451,34.47088],[-120.29892,34.4698],[-120.30046,34.46799],[-120.30315,34.46658],[-120.30751,34.46699],[-120.31338,34.46518],[-120.31685,34.465],[-120.31809,34.46421],[-120.40427,34.45716],[-120.44408,34.45211],[-120.44943,34.45024],[-120.45448,34.44461],[-120.4604,34.44748],[-120.46237,34.44775],[-120.46311,34.4486],[-120.4708,34.45111],[-120.47304,34.45585],[-120.47464,34.4687],[-120.47787,34.47817],[-120.48033,34.48128],[-120.48396,34.48387],[-120.50115,34.50872],[-120.5025,34.51094],[-120.50231,34.51199],[-120.50269,34.51133],[-120.50391,34.51258],[-120.51151,34.52325],[-120.51972,34.5302],[-120.57941,34.55754],[-120.60201,34.55942],[-120.61253,34.55642],[-120.62423,34.55617],[-120.63315,34.56322],[-120.63852,34.56912],[-120.63838,34.57046],[-120.6398,34.57116],[-120.63841,34.57134],[-120.63862,34.57237],[-120.64157,34.57268],[-120.64138,34.57327],[-120.64341,34.57516],[-120.64246,34.5758],[-120.64374,34.57555],[-120.64402,34.57669],[-120.64677,34.57819],[-120.64485,34.58049],[-120.64591,34.58151],[-120.64529,34.58313],[-120.64548,34.58604],[-120.64475,34.58632],[-120.64548,34.58724],[-120.64494,34.58838],[-120.64287,34.58875],[-120.64162,34.59073],[-120.63985,34.5964],[-120.64062,34.59831],[-120.63973,34.59902],[-120.641,34.60058],[-120.63874,34.60731],[-120.63777,34.60804],[-120.63657,34.61119],[-120.63638,34.6138],[-120.63458,34.61544],[-120.63145,34.62417],[-120.62536,34.63455],[-120.62272,34.64229],[-120.61951,34.64815],[-120.61492,34.65916],[-120.60648,34.68232],[-120.60225,34.69627],[-120.60062,34.70559],[-120.60192,34.70997],[-120.60399,34.71192],[-120.61337,34.72948],[-120.62038,34.73684],[-120.62652,34.73978],[-120.62993,34.74722],[-120.62961,34.74932],[-120.63131,34.75141],[-120.63164,34.75316],[-120.63283,34.75354],[-120.63612,34.76071],[-120.63383,34.76824],[-120.62338,34.79184],[-120.61425,34.82161],[-120.61,34.8413],[-120.61013,34.86127],[-120.61375,34.86749],[-120.64569,34.90291],[-120.65051,34.90484],[-120.66404,34.90377],[-120.6698,34.90468],[-120.66744,34.91287],[-120.66435,34.9199],[-120.66357,34.93067],[-120.64595,34.98385],[-120.6415,34.99977],[-120.64009,35.00193],[-120.63684,35.01434],[-120.63003,35.05121],[-120.62811,35.07409],[-120.63016,35.10258],[-120.63328,35.1198],[-120.63935,35.13609],[-120.65368,35.15117],[-120.69865,35.17293],[-120.70979,35.17672],[-120.73783,35.18033],[-120.74806,35.17877],[-120.75461,35.17495],[-120.78713,35.17963],[-120.84398,35.20533],[-120.85762,35.2138],[-120.8918,35.24324],[-120.89613,35.24813],[-120.89526,35.24907],[-120.89653,35.25114],[-120.89452,35.26276],[-120.89393,35.26271],[-120.89342,35.26471],[-120.89409,35.26529],[-120.89262,35.2738],[-120.89038,35.27288],[-120.89037,35.27365],[-120.88849,35.27415],[-120.88867,35.27544],[-120.88976,35.27652],[-120.88953,35.27967],[-120.88834,35.28004],[-120.887,35.28332],[-120.88314,35.28783],[-120.88299,35.28939],[-120.88144,35.29048],[-120.87976,35.29378],[-120.86738,35.32362],[-120.85978,35.36276],[-120.86039,35.36861],[-120.85891,35.36587],[-120.85698,35.3657],[-120.85769,35.36434],[-120.85561,35.3601],[-120.85705,35.35826],[-120.85887,35.3579],[-120.85908,35.35435],[-120.85781,35.35138],[-120.85879,35.35069],[-120.85736,35.34675],[-120.85912,35.34094],[-120.85769,35.33564],[-120.85967,35.3344],[-120.85927,35.33197],[-120.86033,35.32989],[-120.85958,35.32851],[-120.86054,35.3274],[-120.86033,35.32535],[-120.86269,35.32328],[-120.86222,35.3214],[-120.86432,35.3175],[-120.86552,35.31708],[-120.86549,35.31547],[-120.86715,35.31324],[-120.86686,35.31132],[-120.86446,35.31552],[-120.85603,35.31847],[-120.85408,35.31816],[-120.85123,35.32041],[-120.8504,35.31958],[-120.8495,35.32007],[-120.84842,35.31888],[-120.84906,35.32025],[-120.8512,35.32073],[-120.85024,35.32172],[-120.84792,35.32123],[-120.84195,35.32212],[-120.84104,35.323],[-120.84036,35.32577],[-120.84477,35.32865],[-120.8433,35.33176],[-120.84134,35.33266],[-120.83714,35.33108],[-120.83347,35.33135],[-120.82905,35.33538],[-120.82905,35.33764],[-120.82759,35.33809],[-120.83245,35.33971],[-120.83389,35.33935],[-120.83344,35.34036],[-120.83861,35.3405],[-120.84083,35.33941],[-120.84064,35.33988],[-120.84196,35.34026],[-120.83872,35.3413],[-120.83806,35.34324],[-120.83911,35.34129],[-120.84247,35.34134],[-120.84307,35.34391],[-120.84465,35.34535],[-120.84026,35.34459],[-120.84002,35.34516],[-120.8449,35.34643],[-120.84392,35.34796],[-120.84389,35.34974],[-120.84564,35.35145],[-120.84556,35.35327],[-120.84679,35.35521],[-120.85136,35.358],[-120.85472,35.36893],[-120.86074,35.37204],[-120.86281,35.39189],[-120.86705,35.40447],[-120.88675,35.43694],[-120.90241,35.44881],[-120.96607,35.45861],[-120.96962,35.4602],[-120.97196,35.45951],[-120.99098,35.46243],[-120.99235,35.46374],[-120.99447,35.46304],[-121.00789,35.46812],[-121.024,35.48248],[-121.02317,35.4839],[-121.02532,35.48471],[-121.02611,35.48436],[-121.04855,35.50495],[-121.10131,35.55129],[-121.10369,35.55555],[-121.10324,35.55664],[-121.10375,35.55814],[-121.10635,35.56032],[-121.11318,35.57257],[-121.11408,35.57544],[-121.11573,35.57714],[-121.12555,35.59473],[-121.16141,35.63189],[-121.17415,35.6403],[-121.2219,35.6521],[-121.24182,35.65456],[-121.25392,35.65928],[-121.25579,35.66186],[-121.26002,35.66419],[-121.26252,35.66417],[-121.26402,35.66322],[-121.26927,35.66527],[-121.27119,35.66693],[-121.27277,35.66663],[-121.27599,35.66789],[-121.28969,35.68743],[-121.28942,35.68889],[-121.29051,35.69116],[-121.29454,35.69486],[-121.29596,35.69752],[-121.2969,35.6977],[-121.31179,35.71891],[-121.3155,35.73092],[-121.31537,35.73342],[-121.31704,35.73589],[-121.31602,35.73722],[-121.31591,35.73905],[-121.31728,35.74086],[-121.3172,35.74224],[-121.31874,35.74373],[-121.318,35.74432],[-121.31873,35.74542],[-121.31687,35.74556],[-121.316,35.74674],[-121.31669,35.74797],[-121.31779,35.74817],[-121.31636,35.74836],[-121.31555,35.74955],[-121.31631,35.75345],[-121.31772,35.75607],[-121.31977,35.75672],[-121.32498,35.76806],[-121.32557,35.77141],[-121.32666,35.7733],[-121.33116,35.7779],[-121.33095,35.77924],[-121.33206,35.77919],[-121.33334,35.78102],[-121.33206,35.78185],[-121.33211,35.78259],[-121.33982,35.78825],[-121.3434,35.79273],[-121.34724,35.79476],[-121.35029,35.79785],[-121.35038,35.79882],[-121.35553,35.80206],[-121.35663,35.80388],[-121.364,35.80866],[-121.39882,35.83576],[-121.40151,35.8388],[-121.40264,35.83897],[-121.40354,35.84196],[-121.40713,35.84464],[-121.40786,35.84588],[-121.40793,35.84835],[-121.40986,35.85037],[-121.41054,35.85274],[-121.41248,35.85361],[-121.41203,35.85465],[-121.41342,35.85621],[-121.41725,35.85813],[-121.42568,35.85978],[-121.43295,35.86456],[-121.4383,35.86646],[-121.44112,35.86865],[-121.44174,35.87011],[-121.4435,35.8705],[-121.44655,35.87286],[-121.44825,35.87595],[-121.45038,35.87711],[-121.45264,35.88019],[-121.45903,35.88283],[-121.4613,35.8851],[-121.46261,35.8902],[-121.4616,35.89145],[-121.46198,35.8936],[-121.46102,35.89697],[-121.46182,35.8984],[-121.46507,35.89982],[-121.46286,35.90356],[-121.46537,35.90787],[-121.4677,35.91006],[-121.47056,35.92122],[-121.46858,35.92333],[-121.46851,35.92674],[-121.47075,35.929],[-121.47333,35.92985],[-121.47553,35.9362],[-121.47523,35.93692],[-121.47637,35.93863],[-121.4759,35.93964],[-121.47743,35.94169],[-121.48461,35.96241],[-121.48469,35.96546],[-121.48606,35.96885],[-121.48592,35.97114],[-121.48832,35.97311],[-121.48887,35.97687],[-121.4908,35.98151],[-121.49729,35.99018],[-121.502,35.99907],[-121.51153,36.00667],[-121.51778,36.00801],[-121.53103,36.01407],[-121.54823,36.01883],[-121.55978,36.02039],[-121.56863,36.02074],[-121.57272,36.02334],[-121.57695,36.02958],[-121.57761,36.03234],[-121.57975,36.03581],[-121.58152,36.03861],[-121.58228,36.03879],[-121.58202,36.04074],[-121.58483,36.0427],[-121.58633,36.04545],[-121.58963,36.04777],[-121.59132,36.0502],[-121.5899,36.05112],[-121.58914,36.05334],[-121.58976,36.0546],[-121.59244,36.0561],[-121.5931,36.05795],[-121.59242,36.0593],[-121.5927,36.06495],[-121.5993,36.06944],[-121.60049,36.06996],[-121.60093,36.06911],[-121.60616,36.07161],[-121.60774,36.0742],[-121.60756,36.07539],[-121.60929,36.07685],[-121.62156,36.09792],[-121.62331,36.10301],[-121.62523,36.10421],[-121.62654,36.10646],[-121.62597,36.10753],[-121.62825,36.10939],[-121.63223,36.11621],[-121.63178,36.11708],[-121.63282,36.11834],[-121.63331,36.12097],[-121.63715,36.12271],[-121.64992,36.13554],[-121.64982,36.13665],[-121.65212,36.13775],[-121.65401,36.13965],[-121.65395,36.14064],[-121.6571,36.14265],[-121.65951,36.14676],[-121.66307,36.14846],[-121.66425,36.15008],[-121.66541,36.15048],[-121.66557,36.1519],[-121.66798,36.1532],[-121.66862,36.1547],[-121.67173,36.15609],[-121.67246,36.15725],[-121.67316,36.15702],[-121.67364,36.15786],[-121.67253,36.15758],[-121.6717,36.15864],[-121.6748,36.15973],[-121.67382,36.16081],[-121.67571,36.16352],[-121.67734,36.16383],[-121.67828,36.16523],[-121.68031,36.16603],[-121.68345,36.16618],[-121.68406,36.16781],[-121.68665,36.16814],[-121.6897,36.17081],[-121.69055,36.1707],[-121.70136,36.17976],[-121.70165,36.18131],[-121.70403,36.18233],[-121.7039,36.18302],[-121.70656,36.18498],[-121.70804,36.18536],[-121.70752,36.18584],[-121.70805,36.18722],[-121.70958,36.18897],[-121.71538,36.19193],[-121.71512,36.19307],[-121.71776,36.19571],[-121.77903,36.22754],[-121.79158,36.23237],[-121.7954,36.23296],[-121.79535,36.23365],[-121.79702,36.23434],[-121.80033,36.23492],[-121.80379,36.23386],[-121.81415,36.23536],[-121.81521,36.2364],[-121.81486,36.23808],[-121.8166,36.23825],[-121.81719,36.23951],[-121.819,36.23996],[-121.81953,36.24127],[-121.82229,36.24205],[-121.82421,36.24163],[-121.82721,36.2435],[-121.82861,36.24617],[-121.8316,36.2477],[-121.83577,36.25182],[-121.83766,36.25773],[-121.84316,36.26697],[-121.84578,36.26987],[-121.84575,36.27113],[-121.84874,36.27461],[-121.8504,36.27559],[-121.85167,36.27768],[-121.85693,36.28089],[-121.85985,36.2809],[-121.85794,36.28214],[-121.86002,36.28126],[-121.85966,36.27984],[-121.86315,36.28086],[-121.86669,36.28516],[-121.87308,36.28868],[-121.88835,36.30375],[-121.89594,36.31356],[-121.89443,36.31758],[-121.89466,36.3211],[-121.8956,36.32335],[-121.8948,36.3253],[-121.89509,36.3287],[-121.89328,36.33471],[-121.89381,36.33609],[-121.89301,36.33662],[-121.89271,36.34095],[-121.89422,36.34401],[-121.89535,36.34462],[-121.90234,36.38057],[-121.90157,36.38172],[-121.90259,36.38286],[-121.90202,36.38356],[-121.90289,36.3852],[-121.90136,36.38604],[-121.90216,36.38642],[-121.90219,36.38745],[-121.90373,36.3877],[-121.90437,36.39102],[-121.90387,36.39315],[-121.90308,36.39335],[-121.90417,36.395],[-121.90523,36.3953],[-121.90512,36.39681],[-121.90587,36.39725],[-121.90566,36.39835],[-121.90638,36.39862],[-121.91474,36.42291],[-121.91448,36.42569],[-121.91571,36.42642],[-121.91558,36.42706],[-121.91611,36.42689],[-121.91644,36.42785],[-121.91578,36.42807],[-121.9166,36.42832],[-121.92626,36.45637],[-121.92528,36.45645],[-121.92606,36.45876],[-121.92563,36.45975],[-121.92676,36.45972],[-121.92684,36.46092],[-121.92759,36.46103],[-121.92783,36.46219],[-121.92811,36.46173],[-121.92801,36.4637],[-121.92929,36.46396],[-121.92974,36.46639],[-121.93061,36.46629],[-121.93176,36.4679],[-121.9336,36.4686],[-121.93384,36.46956],[-121.93408,36.46904],[-121.93701,36.47244],[-121.93676,36.47344],[-121.93735,36.47342],[-121.93828,36.47825],[-121.93776,36.47853],[-121.93832,36.47894],[-121.93749,36.47903],[-121.93854,36.4796],[-121.93832,36.48114],[-121.93896,36.48178],[-121.94143,36.49452],[-121.94113,36.4953],[-121.93983,36.4951],[-121.94025,36.49632],[-121.9391,36.49741],[-121.93709,36.49777],[-121.9366,36.49863],[-121.94047,36.50026],[-121.94021,36.50186],[-121.93863,36.50136],[-121.93887,36.5033],[-121.9395,36.50352],[-121.93915,36.50439],[-121.9379,36.50483],[-121.93907,36.50556],[-121.93924,36.50685],[-121.9424,36.50701],[-121.94224,36.50792],[-121.94106,36.50811],[-121.94264,36.50906],[-121.94193,36.50912],[-121.94266,36.50966],[-121.94193,36.51014],[-121.94198,36.51136],[-121.94384,36.51178],[-121.94509,36.51346],[-121.94331,36.52059],[-121.94236,36.5207],[-121.94235,36.52161],[-121.94004,36.52115],[-121.94056,36.51937],[-121.93815,36.51893],[-121.93674,36.51995],[-121.93759,36.52116],[-121.93641,36.52142],[-121.93794,36.5226],[-121.93728,36.52344],[-121.93441,36.52222],[-121.93368,36.52346],[-121.93044,36.52368],[-121.92861,36.52292],[-121.92552,36.52579],[-121.92544,36.52715],[-121.92646,36.5281],[-121.92629,36.53085],[-121.92814,36.53394],[-121.92922,36.53797],[-121.93041,36.54535],[-121.92957,36.54787],[-121.93071,36.55439],[-121.93278,36.55975],[-121.93431,36.5611],[-121.93577,36.56125],[-121.93552,36.56202],[-121.93963,36.56308],[-121.94011,36.56522],[-121.94363,36.5664],[-121.94535,36.56516],[-121.94518,36.56572],[-121.94639,36.56642],[-121.95005,36.56725],[-121.96609,36.58513],[-121.96386,36.58902],[-121.96539,36.59101],[-121.96184,36.59463],[-121.96174,36.5975],[-121.95471,36.60947],[-121.95292,36.60878],[-121.94915,36.61009],[-121.94644,36.61297],[-121.94606,36.61431],[-121.94365,36.61565],[-121.94146,36.61842],[-121.94203,36.62059],[-121.94124,36.62247],[-121.94172,36.62329],[-121.94054,36.6237],[-121.94099,36.6249],[-121.93988,36.62552],[-121.94063,36.62694],[-121.93841,36.62708],[-121.93759,36.63022],[-121.93898,36.63269],[-121.93905,36.63434],[-121.93577,36.63745],[-121.93118,36.63739],[-121.92789,36.63635],[-121.92766,36.63575],[-121.92521,36.63558],[-121.92186,36.63222],[-121.92124,36.62832],[-121.91776,36.62679],[-121.91514,36.62689],[-121.91637,36.62525],[-121.91438,36.62312],[-121.91202,36.62329],[-121.9096,36.62104],[-121.90604,36.62066],[-121.90538,36.62124],[-121.90587,36.62173],[-121.90408,36.62167],[-121.90302,36.61896],[-121.90136,36.61891],[-121.9011,36.61773],[-121.90054,36.61805],[-121.89929,36.61565],[-121.89736,36.61418],[-121.89771,36.61207],[-121.89637,36.6113],[-121.89537,36.60944],[-121.89384,36.60873],[-121.895,36.60844],[-121.89405,36.60753],[-121.89431,36.60516],[-121.8937,36.6042],[-121.89228,36.60565],[-121.89287,36.60332],[-121.88946,36.60146],[-121.88443,36.60134],[-121.87594,36.6026],[-121.86721,36.60654],[-121.85899,36.61212],[-121.85792,36.6118],[-121.85738,36.61379],[-121.84606,36.62531],[-121.83332,36.64278],[-121.82392,36.6591],[-121.81455,36.68305],[-121.81068,36.69659],[-121.80878,36.70888],[-121.80738,36.71374],[-121.80684,36.73798],[-121.80575,36.74969],[-121.80502,36.75075],[-121.80411,36.75073],[-121.80498,36.75193],[-121.80406,36.7566],[-121.80111,36.76289],[-121.80023,36.76852],[-121.79238,36.79424],[-121.78877,36.8021],[-121.78837,36.80489],[-121.78955,36.80587],[-121.78766,36.80725],[-121.78811,36.8084],[-121.78972,36.80763],[-121.78966,36.80955],[-121.79179,36.81543],[-121.79573,36.82092],[-121.79959,36.82816],[-121.80653,36.84371],[-121.80925,36.84834],[-121.80852,36.85001],[-121.81003,36.85236],[-121.8112,36.85228],[-121.81194,36.85315],[-121.82426,36.87437],[-121.86624,36.9371],[-121.8671,36.93728],[-121.87233,36.94326],[-121.89366,36.96263],[-121.90403,36.96931],[-121.92086,36.97653],[-121.93385,36.97954],[-121.94046,36.97851],[-121.97856,36.95712],[-121.98093,36.957],[-121.98379,36.95891],[-121.9832,36.95979],[-121.98426,36.96036],[-121.98931,36.96006],[-121.98947,36.96146],[-121.9902,36.95964],[-121.9927,36.95863],[-121.9931,36.96037],[-121.99633,36.961],[-121.998,36.96264],[-122.00109,36.96191],[-122.00121,36.96133],[-122.00152,36.96659],[-122.00252,36.96798],[-122.00109,36.96893],[-122.00109,36.97009],[-122.00359,36.96741],[-122.00187,36.96036],[-122.0029,36.96181],[-122.00421,36.96228],[-122.00899,36.96329],[-122.01201,36.96314],[-122.01244,36.96602],[-122.01336,36.96358],[-122.0196,36.96326],[-122.02328,36.96229],[-122.02547,36.95826],[-122.02432,36.95551],[-122.0254,36.95267],[-122.03492,36.95176],[-122.03649,36.95255],[-122.04082,36.95284],[-122.04323,36.95096],[-122.05326,36.95],[-122.07111,36.95047],[-122.07634,36.95168],[-122.07654,36.95273],[-122.0777,36.9531],[-122.07958,36.95335],[-122.08068,36.95269],[-122.08712,36.95418],[-122.08725,36.9547],[-122.08738,36.95424],[-122.10718,36.95883],[-122.11247,36.96081],[-122.11495,36.96261],[-122.11665,36.96238],[-122.11966,36.9635],[-122.12262,36.9659],[-122.12563,36.96573],[-122.13577,36.96952],[-122.13827,36.9732],[-122.14107,36.97541],[-122.1441,36.97703],[-122.14438,36.97654],[-122.14603,36.97754],[-122.14786,36.97749],[-122.1612,36.98638],[-122.1621,36.98781],[-122.16419,36.98837],[-122.17225,36.99375],[-122.17269,36.99469],[-122.17297,36.99423],[-122.18158,36.99996],[-122.18184,37.0009],[-122.18559,37.00263],[-122.18542,37.00385],[-122.18677,37.00351],[-122.18821,37.00437],[-122.19225,37.00706],[-122.1924,37.00818],[-122.19366,37.00915],[-122.19608,37.00961],[-122.19957,37.01247],[-122.20806,37.01758],[-122.21094,37.02061],[-122.21489,37.02213],[-122.21641,37.02463],[-122.21896,37.02489],[-122.22873,37.03572],[-122.23127,37.0413],[-122.23708,37.04604],[-122.24804,37.05712],[-122.25619,37.06615],[-122.25681,37.0679],[-122.25789,37.06802],[-122.25975,37.07008],[-122.25924,37.07109],[-122.26004,37.07136],[-122.26047,37.07272],[-122.26181,37.07242],[-122.26268,37.0736],[-122.26226,37.07489],[-122.2633,37.07547],[-122.26413,37.07726],[-122.26632,37.07842],[-122.26767,37.07835],[-122.26698,37.07888],[-122.26912,37.08389],[-122.27479,37.08811],[-122.27603,37.09389],[-122.27797,37.09629],[-122.2784,37.09605],[-122.27642,37.09376],[-122.27655,37.09276],[-122.2771,37.09276],[-122.27761,37.09448],[-122.28806,37.10439],[-122.28941,37.10455],[-122.29207,37.10638],[-122.29679,37.11102],[-122.30533,37.11545],[-122.30606,37.11639],[-122.30782,37.11678],[-122.36343,37.16669],[-122.36504,37.17012],[-122.36709,37.17187],[-122.36721,37.17301],[-122.36974,37.17342],[-122.37158,37.17539],[-122.37315,37.17597],[-122.37301,37.17672],[-122.3748,37.17842],[-122.3761,37.1786],[-122.37928,37.18122],[-122.38092,37.18074],[-122.38254,37.18218],[-122.38671,37.1834],[-122.38973,37.18282],[-122.39167,37.18319],[-122.39275,37.18166],[-122.39473,37.18142],[-122.39443,37.18297],[-122.39705,37.1853],[-122.39669,37.1865],[-122.39796,37.19213],[-122.40509,37.19587],[-122.40575,37.19777],[-122.40514,37.20682],[-122.40702,37.20812],[-122.40669,37.20921],[-122.40785,37.21089],[-122.40773,37.21341],[-122.40914,37.21374],[-122.40758,37.21505],[-122.40718,37.21868],[-122.40929,37.22196],[-122.40855,37.22202],[-122.40893,37.223],[-122.41058,37.22404],[-122.40886,37.22535],[-122.41025,37.22669],[-122.41153,37.22643],[-122.41063,37.22723],[-122.41171,37.22785],[-122.411,37.22789],[-122.41343,37.22997],[-122.4139,37.23161],[-122.41584,37.23276],[-122.41539,37.23346],[-122.41672,37.23588],[-122.41565,37.23689],[-122.41745,37.23862],[-122.4185,37.24266],[-122.41565,37.25485],[-122.41475,37.25531],[-122.41381,37.2585],[-122.41457,37.25954],[-122.41367,37.26016],[-122.41423,37.26098],[-122.4131,37.26285],[-122.41279,37.26714],[-122.40985,37.26334],[-122.40617,37.26338],[-122.40876,37.26416],[-122.40823,37.26497],[-122.40912,37.26497],[-122.41159,37.26701],[-122.40881,37.27987],[-122.40772,37.28893],[-122.40717,37.29141],[-122.40653,37.29141],[-122.40714,37.29161],[-122.40103,37.33593],[-122.40094,37.35357],[-122.40002,37.35659],[-122.40086,37.3594],[-122.40155,37.36061],[-122.40411,37.36193],[-122.40849,37.37028],[-122.40896,37.37552],[-122.4111,37.37708],[-122.41079,37.37884],[-122.41185,37.37947],[-122.41301,37.3789],[-122.41598,37.38455],[-122.41554,37.38554],[-122.41653,37.3856],[-122.42323,37.39837],[-122.42332,37.40089],[-122.42563,37.40303],[-122.42803,37.40755],[-122.4274,37.4095],[-122.42937,37.41092],[-122.44571,37.46059],[-122.44806,37.4728],[-122.456,37.48816],[-122.46412,37.49603],[-122.46956,37.49973],[-122.47534,37.50193],[-122.4757,37.50147],[-122.47678,37.50244],[-122.48065,37.50337],[-122.48149,37.50278],[-122.48319,37.50347],[-122.48876,37.50341],[-122.49482,37.50105],[-122.50179,37.50511],[-122.51026,37.51229],[-122.51278,37.51552],[-122.51445,37.51982],[-122.51728,37.52207],[-122.51798,37.52436],[-122.51716,37.52709],[-122.51815,37.52802],[-122.51708,37.5294],[-122.51973,37.53344],[-122.51975,37.53719],[-122.51852,37.5379],[-122.51857,37.54005],[-122.51739,37.54085],[-122.51747,37.54329],[-122.51539,37.54586],[-122.51362,37.55485],[-122.51372,37.55626],[-122.51591,37.55855],[-122.51433,37.55995],[-122.51444,37.5618],[-122.51541,37.56236],[-122.51421,37.5635],[-122.5145,37.56609],[-122.51516,37.56718],[-122.51817,37.56761],[-122.51629,37.56937],[-122.51739,37.56986],[-122.51687,37.57092],[-122.51838,37.5712],[-122.5178,37.57185],[-122.51857,37.57231],[-122.51753,37.57309],[-122.51927,37.57385],[-122.51918,37.57621],[-122.51836,37.57623],[-122.51803,37.57709],[-122.51737,37.59052],[-122.50875,37.59662],[-122.50713,37.59611],[-122.50395,37.59749],[-122.50061,37.60134],[-122.49985,37.60328],[-122.50103,37.60494],[-122.50027,37.60799],[-122.49851,37.60826],[-122.49697,37.61202],[-122.49827,37.61407],[-122.49539,37.62668],[-122.49415,37.64351],[-122.49433,37.66135],[-122.49562,37.66551],[-122.49632,37.68208],[-122.50316,37.70903],[-122.50804,37.73289],[-122.5082,37.74016],[-122.51174,37.76375],[-122.51247,37.77512],[-122.51295,37.7772],[-122.51431,37.77821],[-122.51467,37.78104],[-122.51264,37.784],[-122.50813,37.78609],[-122.50578,37.78832],[-122.49953,37.78873],[-122.49639,37.78737],[-122.49455,37.78815],[-122.49252,37.78776],[-122.48976,37.78939],[-122.48709,37.78941],[-122.48545,37.79048],[-122.48179,37.79819],[-122.46466,37.8047],[-122.41828,37.80929],[-122.40621,37.80615],[-122.38898,37.78831],[-122.38398,37.7484],[-122.38604,37.71657],[-122.39131,37.70739],[-122.3897,37.64991],[-122.37282,37.6042],[-122.3546,37.59094],[-122.298,37.5712],[-122.27936,37.57106],[-122.26847,37.57334],[-122.26187,37.57125],[-122.2078,37.53979],[-122.19859,37.52857],[-122.16717,37.49999],[-122.11503,37.46475],[-122.09172,37.45243],[-122.06234,37.44623],[-122.04703,37.448],[-122.03968,37.45142],[-122.03386,37.46146],[-122.0338,37.46424],[-122.05801,37.49544],[-122.09122,37.50201],[-122.11256,37.52451],[-122.14791,37.58292],[-122.15264,37.62527],[-122.15838,37.65246],[-122.16413,37.66746],[-122.19157,37.7009],[-122.2754,37.76053],[-122.33559,37.78137],[-122.33309,37.82216],[-122.31761,37.82843],[-122.31308,37.82742],[-122.30758,37.82827],[-122.30356,37.8327],[-122.30364,37.84408],[-122.31185,37.8742],[-122.32336,37.90368],[-122.33278,37.90914],[-122.35552,37.91019],[-122.36382,37.90811],[-122.36665,37.90489],[-122.37106,37.90476],[-122.38234,37.91059],[-122.40583,37.93039],[-122.43059,37.96209],[-122.43079,37.96408],[-122.41671,37.96304],[-122.41395,37.96226],[-122.40807,37.95597],[-122.4012,37.95649],[-122.37187,37.97606],[-122.29488,38.01584],[-122.26751,38.04171],[-122.26286,38.05053],[-122.23678,38.05871],[-122.21773,38.06104],[-122.22722,38.06819],[-122.23141,38.07007],[-122.2505,38.07309],[-122.27049,38.06972],[-122.29949,38.10135],[-122.31122,38.11126],[-122.35186,38.13446],[-122.38754,38.14813],[-122.39956,38.15036],[-122.40507,38.14876],[-122.41523,38.13375],[-122.43872,38.11881],[-122.45242,38.1164],[-122.46287,38.11651],[-122.48948,38.11168],[-122.49152,38.10834],[-122.49025,38.09431],[-122.48674,38.09037],[-122.4856,38.07396],[-122.50063,38.03322],[-122.49877,38.02099],[-122.49562,38.0162],[-122.483,38.00863],[-122.46211,38.00051],[-122.4524,37.99167],[-122.45101,37.98606],[-122.45379,37.98124],[-122.47586,37.9783],[-122.49707,37.96794],[-122.50574,37.93224],[-122.50243,37.92636],[-122.47445,37.9029],[-122.46012,37.89444],[-122.45138,37.89374],[-122.44046,37.88224],[-122.46067,37.8628],[-122.46288,37.86318],[-122.47178,37.87201],[-122.47403,37.88151],[-122.47776,37.88616],[-122.48989,37.89383],[-122.49974,37.89279],[-122.5027,37.88884],[-122.50248,37.87224],[-122.48584,37.85602],[-122.47419,37.83609],[-122.47936,37.82552],[-122.48141,37.82615],[-122.48311,37.82573],[-122.4845,37.82699],[-122.48627,37.82624],[-122.49068,37.82673],[-122.49606,37.82207],[-122.49872,37.82239],[-122.49985,37.82132],[-122.50168,37.82098],[-122.50176,37.82166],[-122.5046,37.82107],[-122.50563,37.82317],[-122.50933,37.82436],[-122.51558,37.82543],[-122.51681,37.82475],[-122.51803,37.82546],[-122.52077,37.82536],[-122.52372,37.82479],[-122.52434,37.82269],[-122.52575,37.822],[-122.5257,37.82114],[-122.52778,37.82097],[-122.52903,37.81989],[-122.53566,37.82442],[-122.53431,37.82581],[-122.53587,37.82891],[-122.53994,37.8318],[-122.54167,37.83161],[-122.54193,37.83261],[-122.54245,37.83201],[-122.54501,37.83322],[-122.55124,37.83914],[-122.55093,37.83967],[-122.55188,37.84113],[-122.55272,37.84165],[-122.55326,37.84106],[-122.55594,37.84445],[-122.55896,37.84649],[-122.55895,37.84797],[-122.5607,37.84812],[-122.56233,37.85112],[-122.56209,37.85205],[-122.56653,37.85406],[-122.56785,37.85343],[-122.57006,37.85366],[-122.57048,37.85467],[-122.57358,37.85588],[-122.57508,37.85853],[-122.57756,37.85959],[-122.57944,37.85957],[-122.59653,37.87033],[-122.59695,37.87133],[-122.60227,37.87558],[-122.60569,37.87564],[-122.64303,37.89753],[-122.6529,37.9022],[-122.66335,37.90526],[-122.67956,37.9071],[-122.68121,37.90851],[-122.68055,37.90919],[-122.67635,37.90787],[-122.67146,37.90894],[-122.66583,37.90862],[-122.66114,37.90919],[-122.65187,37.90605],[-122.65116,37.90549],[-122.65149,37.90436],[-122.65095,37.90371],[-122.6475,37.90273],[-122.65175,37.90678],[-122.65291,37.90675],[-122.65725,37.90977],[-122.65934,37.90991],[-122.66008,37.91088],[-122.66477,37.91292],[-122.66633,37.9143],[-122.6664,37.91587],[-122.66819,37.91749],[-122.67147,37.91896],[-122.67201,37.92079],[-122.67408,37.92214],[-122.67545,37.92408],[-122.67691,37.92502],[-122.6805,37.92543],[-122.68234,37.92771],[-122.68284,37.92979],[-122.68906,37.93045],[-122.68934,37.93227],[-122.6972,37.93443],[-122.69838,37.93361],[-122.69831,37.93236],[-122.6962,37.92996],[-122.69512,37.92588],[-122.69356,37.92359],[-122.69201,37.92261],[-122.69017,37.92317],[-122.68962,37.92167],[-122.68798,37.92176],[-122.68854,37.92022],[-122.68753,37.91872],[-122.6884,37.91574],[-122.68441,37.91049],[-122.68205,37.90959],[-122.68227,37.90642],[-122.68337,37.90546],[-122.69755,37.8988],[-122.70026,37.89644],[-122.70034,37.89519],[-122.70218,37.89391],[-122.71071,37.89701],[-122.71257,37.89955],[-122.71446,37.90061],[-122.72608,37.90302],[-122.73304,37.92036],[-122.73668,37.92554],[-122.75601,37.9357],[-122.78537,37.95749],[-122.79195,37.96979],[-122.79815,37.97744],[-122.80138,37.9803],[-122.80997,37.98559],[-122.81816,37.99238],[-122.82117,37.99634],[-122.82527,37.99874],[-122.82615,37.99833],[-122.83313,38.00358],[-122.8548,38.01583],[-122.86518,38.02011],[-122.88332,38.02556],[-122.90583,38.02954],[-122.90225,38.0294],[-122.89996,38.03027],[-122.89669,38.02972],[-122.89459,38.03032],[-122.89178,38.0293],[-122.88923,38.02963],[-122.88765,38.02754],[-122.88579,38.02744],[-122.88556,38.02822],[-122.88431,38.02845],[-122.88435,38.03254],[-122.88296,38.03322],[-122.88242,38.03495],[-122.88041,38.03644],[-122.88002,38.03896],[-122.88063,38.03898],[-122.88522,38.03348],[-122.88742,38.0298],[-122.88716,38.02857],[-122.88589,38.02805],[-122.88617,38.02757],[-122.88772,38.02793],[-122.88841,38.02985],[-122.89147,38.03244],[-122.89147,38.0363],[-122.89063,38.03682],[-122.89138,38.03715],[-122.89195,38.03963],[-122.8915,38.04191],[-122.89284,38.04314],[-122.8935,38.04006],[-122.89308,38.03758],[-122.89447,38.03532],[-122.89364,38.03424],[-122.89452,38.03279],[-122.89674,38.03167],[-122.8995,38.03149],[-122.90754,38.03317],[-122.90867,38.03495],[-122.90688,38.03656],[-122.9057,38.04045],[-122.90417,38.04187],[-122.90477,38.04342],[-122.90713,38.04456],[-122.90532,38.04736],[-122.90822,38.04926],[-122.90933,38.05166],[-122.91037,38.0488],[-122.91053,38.04457],[-122.91352,38.04002],[-122.9131,38.03519],[-122.91397,38.03351],[-122.91721,38.03381],[-122.91817,38.03712],[-122.91881,38.03381],[-122.9198,38.03306],[-122.92482,38.03423],[-122.92702,38.03598],[-122.92789,38.03531],[-122.93201,38.0355],[-122.93273,38.0384],[-122.9319,38.04193],[-122.93605,38.04394],[-122.93754,38.04607],[-122.93565,38.04882],[-122.93418,38.0536],[-122.9332,38.0549],[-122.92567,38.05847],[-122.92473,38.05967],[-122.92234,38.05955],[-122.92244,38.06168],[-122.91959,38.06353],[-122.92169,38.06474],[-122.9215,38.06627],[-122.91221,38.07028],[-122.91147,38.07286],[-122.91221,38.07325],[-122.91364,38.07155],[-122.91513,38.07104],[-122.9165,38.07141],[-122.91815,38.06939],[-122.92234,38.07127],[-122.92192,38.07246],[-122.92313,38.07474],[-122.92386,38.07356],[-122.9231,38.07079],[-122.92687,38.0639],[-122.92912,38.06238],[-122.93326,38.06421],[-122.93399,38.06634],[-122.9328,38.06843],[-122.93405,38.06958],[-122.93339,38.07216],[-122.93503,38.07508],[-122.93173,38.07987],[-122.93164,38.081],[-122.93249,38.08251],[-122.93496,38.08355],[-122.93537,38.08444],[-122.93126,38.0862],[-122.9301,38.0894],[-122.9281,38.09104],[-122.9303,38.0915],[-122.93506,38.08915],[-122.93456,38.08641],[-122.93756,38.0829],[-122.9364,38.08221],[-122.93673,38.08084],[-122.94029,38.0773],[-122.93937,38.07583],[-122.93966,38.07127],[-122.94209,38.06634],[-122.9415,38.06385],[-122.94428,38.06183],[-122.9443,38.06083],[-122.95287,38.06037],[-122.95433,38.06196],[-122.95307,38.06373],[-122.9543,38.06611],[-122.9532,38.07134],[-122.95456,38.07238],[-122.95409,38.07343],[-122.9547,38.0754],[-122.95649,38.07613],[-122.95609,38.07746],[-122.95713,38.07748],[-122.95718,38.07591],[-122.95633,38.07465],[-122.95689,38.07351],[-122.95616,38.07345],[-122.95643,38.0711],[-122.95543,38.06989],[-122.95746,38.06818],[-122.9577,38.06616],[-122.95616,38.06363],[-122.95829,38.0616],[-122.95472,38.0593],[-122.95067,38.05806],[-122.9482,38.0537],[-122.94923,38.04882],[-122.95565,38.05151],[-122.9601,38.05495],[-122.96362,38.05635],[-122.96412,38.05596],[-122.96348,38.05492],[-122.95968,38.05341],[-122.96005,38.05268],[-122.96128,38.05279],[-122.95836,38.05141],[-122.95675,38.04866],[-122.95411,38.04858],[-122.94926,38.04609],[-122.94713,38.04308],[-122.94181,38.03852],[-122.94034,38.03484],[-122.93878,38.03467],[-122.93926,38.03571],[-122.93869,38.03589],[-122.93659,38.03559],[-122.93576,38.03466],[-122.96039,38.02755],[-122.96525,38.02505],[-122.97371,38.0196],[-122.9786,38.01373],[-122.98299,38.00701],[-123.01164,38.00364],[-122.99638,38.03256],[-122.96491,38.10272],[-122.95772,38.12123],[-122.95643,38.12672],[-122.95402,38.13175],[-122.95143,38.14042],[-122.94867,38.1545],[-122.94963,38.15806],[-122.94952,38.16405],[-122.95211,38.1665],[-122.95142,38.16783],[-122.95175,38.16971],[-122.95367,38.17009],[-122.95403,38.17081],[-122.95324,38.17117],[-122.95298,38.17237],[-122.95385,38.17596],[-122.95553,38.17783],[-122.95788,38.17872],[-122.96571,38.19473],[-122.96654,38.19925],[-122.96807,38.20257],[-122.96993,38.20329],[-122.97206,38.20724],[-122.97559,38.20923],[-122.98135,38.21723],[-122.98076,38.22093],[-122.9817,38.22304],[-122.98385,38.22464],[-122.98486,38.22458],[-122.98593,38.22637],[-122.98737,38.22683],[-122.98684,38.22723],[-122.98774,38.22934],[-122.98901,38.22929],[-122.98908,38.23032],[-122.99187,38.23262],[-122.99191,38.23444],[-122.99383,38.23569],[-122.99329,38.23665],[-122.99552,38.23938],[-122.99473,38.24089],[-122.98288,38.23434],[-122.98128,38.23116],[-122.97873,38.22924],[-122.97748,38.22709],[-122.97098,38.22334],[-122.97005,38.22117],[-122.96154,38.21256],[-122.96097,38.21073],[-122.95911,38.20857],[-122.95713,38.20833],[-122.95503,38.20657],[-122.95157,38.20613],[-122.95003,38.20513],[-122.95046,38.20267],[-122.95152,38.20252],[-122.94859,38.20301],[-122.94643,38.20192],[-122.94565,38.19954],[-122.94624,38.19765],[-122.94786,38.19737],[-122.94722,38.19578],[-122.94848,38.19514],[-122.95143,38.1956],[-122.95005,38.19373],[-122.94628,38.19342],[-122.94305,38.1942],[-122.94133,38.19324],[-122.94104,38.19232],[-122.93744,38.19092],[-122.93744,38.18957],[-122.93543,38.18875],[-122.93494,38.18744],[-122.93312,38.18705],[-122.93164,38.1877],[-122.93211,38.18652],[-122.93008,38.18414],[-122.93067,38.1818],[-122.93015,38.18047],[-122.92732,38.17854],[-122.92673,38.17642],[-122.92294,38.17516],[-122.92357,38.17279],[-122.92175,38.17181],[-122.92093,38.16895],[-122.91909,38.16869],[-122.9153,38.1648],[-122.9152,38.16113],[-122.91175,38.15968],[-122.90826,38.154],[-122.91074,38.15209],[-122.9069,38.15167],[-122.90586,38.151],[-122.906,38.14972],[-122.90374,38.14905],[-122.9032,38.14796],[-122.90393,38.14568],[-122.90221,38.14525],[-122.90103,38.14442],[-122.90121,38.14353],[-122.89643,38.14068],[-122.8953,38.13875],[-122.89674,38.13632],[-122.89525,38.13569],[-122.89365,38.13272],[-122.88912,38.13224],[-122.88692,38.13],[-122.88685,38.12814],[-122.88299,38.12623],[-122.88221,38.12467],[-122.88253,38.12337],[-122.87966,38.12252],[-122.87485,38.11856],[-122.87431,38.11721],[-122.8698,38.1148],[-122.86933,38.11343],[-122.86586,38.11131],[-122.86428,38.1087],[-122.85725,38.10336],[-122.85508,38.10059],[-122.85089,38.09738],[-122.85034,38.09541],[-122.84676,38.09333],[-122.84504,38.09113],[-122.84179,38.09023],[-122.83289,38.08062],[-122.83204,38.07802],[-122.82907,38.07702],[-122.82381,38.0729],[-122.82794,38.07672],[-122.83188,38.07813],[-122.8319,38.07986],[-122.83749,38.08852],[-122.83732,38.08895],[-122.83514,38.08801],[-122.83216,38.08506],[-122.8335,38.08797],[-122.83297,38.08864],[-122.82766,38.08254],[-122.82624,38.08502],[-122.82554,38.0914],[-122.85081,38.12775],[-122.92573,38.21219],[-122.92574,38.21459],[-122.92249,38.22122],[-122.92748,38.2177],[-122.92872,38.21504],[-122.95333,38.23591],[-122.96962,38.23942],[-122.96822,38.24385],[-122.96737,38.25022],[-122.9685,38.25345],[-122.97053,38.25518],[-122.97121,38.25894],[-122.97418,38.26115],[-122.97449,38.26288],[-122.97777,38.26649],[-122.97722,38.26829],[-122.97779,38.26986],[-122.9784,38.27053],[-122.9806,38.27015],[-123.00161,38.29476],[-123.01538,38.30495],[-123.02274,38.30879],[-123.02482,38.31068],[-123.03409,38.31298],[-123.03932,38.3135],[-123.04455,38.31321],[-123.05083,38.311],[-123.05297,38.30844],[-123.05291,38.3059],[-123.05422,38.30622],[-123.05498,38.30851],[-123.05203,38.31238],[-123.05062,38.31254],[-123.05161,38.31376],[-123.05078,38.31465],[-123.04842,38.31538],[-123.04524,38.31494],[-123.0454,38.31435],[-123.03887,38.31488],[-123.03679,38.31667],[-123.03894,38.31734],[-123.04003,38.31972],[-123.03941,38.32181],[-123.03764,38.32242],[-123.03982,38.32432],[-123.04062,38.3261],[-123.04317,38.32811],[-123.04508,38.3286],[-123.04996,38.33434],[-123.05177,38.33299],[-123.05168,38.33377],[-123.0505,38.3344],[-123.05182,38.3344],[-123.05257,38.33353],[-123.05366,38.33474],[-123.05783,38.33641],[-123.05991,38.33456],[-123.05809,38.32827],[-123.05554,38.32669],[-123.05505,38.32447],[-123.05474,38.31947],[-123.0571,38.31661],[-123.05665,38.31442],[-123.05765,38.31364],[-123.06073,38.3132],[-123.0614,38.31229],[-123.05785,38.30756],[-123.0723,38.31858],[-123.07112,38.32845],[-123.06873,38.33468],[-123.06809,38.34603],[-123.067,38.35234],[-123.0677,38.3537],[-123.06778,38.35815],[-123.06932,38.36214],[-123.07253,38.36641],[-123.0734,38.36929],[-123.07651,38.37167],[-123.07903,38.37492],[-123.07857,38.37628],[-123.08041,38.37722],[-123.08132,38.37875],[-123.08234,38.38288],[-123.08463,38.38593],[-123.08554,38.39059],[-123.09082,38.3937],[-123.09863,38.40453],[-123.09887,38.4062],[-123.09819,38.40639],[-123.10012,38.40865],[-123.10002,38.41002],[-123.10201,38.4122],[-123.10191,38.4131],[-123.10571,38.41731],[-123.108,38.41808],[-123.10889,38.42029],[-123.11013,38.42047],[-123.12394,38.44038],[-123.12602,38.44248],[-123.12713,38.44717],[-123.12908,38.45042],[-123.12849,38.45027],[-123.12877,38.45101],[-123.13009,38.4513],[-123.13358,38.45426],[-123.13819,38.45534],[-123.14012,38.45649],[-123.14138,38.45636],[-123.14559,38.45888],[-123.14575,38.45993],[-123.14716,38.45983],[-123.15169,38.46255],[-123.15129,38.46357],[-123.15226,38.46437],[-123.15483,38.46444],[-123.15634,38.46535],[-123.15571,38.46621],[-123.15658,38.46694],[-123.15785,38.46682],[-123.15868,38.46828],[-123.16092,38.4681],[-123.16264,38.46971],[-123.16464,38.47033],[-123.16347,38.47068],[-123.16391,38.473],[-123.1655,38.4744],[-123.16856,38.47544],[-123.16972,38.47505],[-123.16997,38.4758],[-123.16917,38.47605],[-123.16991,38.47677],[-123.173,38.47715],[-123.17578,38.48014],[-123.17785,38.48051],[-123.1791,38.482],[-123.18233,38.48284],[-123.18306,38.48474],[-123.18504,38.48524],[-123.19334,38.49003],[-123.19922,38.49188],[-123.20078,38.49361],[-123.20304,38.49466],[-123.21033,38.49636],[-123.21479,38.49907],[-123.22132,38.49889],[-123.22709,38.50193],[-123.23176,38.50268],[-123.2311,38.50495],[-123.23449,38.50596],[-123.23524,38.50925],[-123.23892,38.5099],[-123.24043,38.50898],[-123.24085,38.5099],[-123.24266,38.51026],[-123.24263,38.51176],[-123.24475,38.51163],[-123.24608,38.51318],[-123.24749,38.51322],[-123.24915,38.5121],[-123.24998,38.51089],[-123.24954,38.50992],[-123.25113,38.51018],[-123.25209,38.51141],[-123.25445,38.51175],[-123.25511,38.5124],[-123.25407,38.5142],[-123.25426,38.51562],[-123.25617,38.51669],[-123.25815,38.51658],[-123.25837,38.51878],[-123.2615,38.51977],[-123.26169,38.52043],[-123.26282,38.52034],[-123.26452,38.52184],[-123.264,38.52318],[-123.26459,38.52385],[-123.26738,38.52427],[-123.2691,38.52529],[-123.26724,38.52711],[-123.26797,38.52971],[-123.27085,38.53022],[-123.27188,38.53231],[-123.27381,38.53288],[-123.27533,38.53295],[-123.27881,38.53149],[-123.27872,38.53425],[-123.27943,38.53617],[-123.2828,38.53598],[-123.2829,38.53695],[-123.28575,38.53991],[-123.28709,38.53963],[-123.28697,38.54021],[-123.28789,38.54022],[-123.28842,38.54127],[-123.29023,38.54042],[-123.29441,38.54322],[-123.29587,38.54304],[-123.29847,38.54404],[-123.29808,38.54498],[-123.29869,38.5452],[-123.29761,38.54685],[-123.30044,38.54661],[-123.30231,38.5476],[-123.3065,38.55214],[-123.30502,38.55448],[-123.30375,38.55458],[-123.30367,38.55538],[-123.30478,38.55601],[-123.3107,38.5562],[-123.31127,38.55706],[-123.31642,38.55867],[-123.33934,38.57459],[-123.34053,38.57691],[-123.33938,38.58085],[-123.33825,38.58173],[-123.33603,38.58141],[-123.33559,38.58255],[-123.33945,38.58347],[-123.34185,38.58672],[-123.34325,38.58687],[-123.34204,38.5876],[-123.34356,38.58923],[-123.34334,38.59016],[-123.34547,38.59132],[-123.34566,38.59272],[-123.3494,38.59537],[-123.34964,38.5969],[-123.35171,38.59693],[-123.35388,38.59853],[-123.35568,38.59845],[-123.35731,38.5971],[-123.35955,38.59738],[-123.36068,38.5983],[-123.36025,38.59885],[-123.36096,38.6009],[-123.36641,38.60211],[-123.36587,38.60242],[-123.36641,38.603],[-123.3687,38.60429],[-123.36848,38.60373],[-123.36903,38.60379],[-123.37101,38.60657],[-123.372,38.60647],[-123.37202,38.60726],[-123.37089,38.60805],[-123.36683,38.60833],[-123.36681,38.6093],[-123.36771,38.60998],[-123.36629,38.61209],[-123.36705,38.61353],[-123.37457,38.61607],[-123.37464,38.61698],[-123.37764,38.62034],[-123.37882,38.62066],[-123.3791,38.62203],[-123.38089,38.62231],[-123.38027,38.62335],[-123.38119,38.62351],[-123.38124,38.62506],[-123.38219,38.62513],[-123.38245,38.62585],[-123.38389,38.62559],[-123.38507,38.62731],[-123.38679,38.62743],[-123.38655,38.62891],[-123.38756,38.62825],[-123.38992,38.62979],[-123.39046,38.6306],[-123.38999,38.63128],[-123.38797,38.63068],[-123.3874,38.63195],[-123.3907,38.63606],[-123.39554,38.63765],[-123.39349,38.63858],[-123.39372,38.63987],[-123.39709,38.64271],[-123.39895,38.64339],[-123.3995,38.64455],[-123.40063,38.6448],[-123.39973,38.64576],[-123.40158,38.64685],[-123.39794,38.64723],[-123.39865,38.64814],[-123.40037,38.64857],[-123.39974,38.64977],[-123.4032,38.64947],[-123.4027,38.6509],[-123.40457,38.65136],[-123.40431,38.65208],[-123.40546,38.65248],[-123.4057,38.65346],[-123.40673,38.65337],[-123.40792,38.65504],[-123.4057,38.65668],[-123.40846,38.65926],[-123.40924,38.65911],[-123.40872,38.66027],[-123.40954,38.66251],[-123.41473,38.66603],[-123.4148,38.66697],[-123.41558,38.66677],[-123.41665,38.66768],[-123.41553,38.6677],[-123.41594,38.66843],[-123.41492,38.66888],[-123.41678,38.6703],[-123.41639,38.67075],[-123.4194,38.67271],[-123.41959,38.67466],[-123.42418,38.67552],[-123.43247,38.68587],[-123.43351,38.68963],[-123.43635,38.69071],[-123.43671,38.69222],[-123.43969,38.69488],[-123.43945,38.69628],[-123.4411,38.69769],[-123.44101,38.69937],[-123.4429,38.70052],[-123.44501,38.70067],[-123.44612,38.70167],[-123.44488,38.70209],[-123.44592,38.70338],[-123.4478,38.70297],[-123.4499,38.7047],[-123.44952,38.70512],[-123.45317,38.7074],[-123.45299,38.70862],[-123.45535,38.71021],[-123.45608,38.71314],[-123.45985,38.71484],[-123.4611,38.71725],[-123.46318,38.71849],[-123.46435,38.7183],[-123.46353,38.71881],[-123.46867,38.72005],[-123.46882,38.72114],[-123.47152,38.72143],[-123.47148,38.72244],[-123.47357,38.72221],[-123.4899,38.73209],[-123.49063,38.73397],[-123.49382,38.73716],[-123.49884,38.73791],[-123.53109,38.76278],[-123.532,38.76586],[-123.53421,38.76893],[-123.53572,38.76919],[-123.53896,38.7721],[-123.54093,38.77207],[-123.54169,38.7767],[-123.54483,38.77842],[-123.54534,38.77814],[-123.54551,38.77908],[-123.5473,38.77922],[-123.54758,38.78003],[-123.54971,38.77972],[-123.5503,38.78073],[-123.54931,38.78163],[-123.55122,38.78283],[-123.55483,38.78295],[-123.55678,38.78382],[-123.55643,38.7846],[-123.5578,38.78471],[-123.55841,38.78581],[-123.56039,38.78536],[-123.56249,38.78698],[-123.56124,38.78715],[-123.56166,38.7885],[-123.56061,38.7891],[-123.56108,38.79031],[-123.56244,38.79003],[-123.56339,38.79137],[-123.56317,38.79232],[-123.56428,38.79214],[-123.56586,38.79347],[-123.56884,38.79428],[-123.56841,38.79537],[-123.56923,38.79643],[-123.57062,38.79601],[-123.57141,38.79653],[-123.57152,38.79794],[-123.57386,38.79802],[-123.57423,38.79993],[-123.57551,38.79938],[-123.57777,38.80156],[-123.58042,38.80279],[-123.5835,38.80232],[-123.59869,38.81156],[-123.59867,38.81216],[-123.59966,38.81246],[-123.59904,38.81293],[-123.60008,38.81287],[-123.60027,38.81406],[-123.60197,38.81547],[-123.6018,38.81637],[-123.60308,38.81676],[-123.60171,38.8192],[-123.60418,38.82027],[-123.60489,38.82227],[-123.60721,38.82352],[-123.60751,38.82438],[-123.60944,38.82418],[-123.61037,38.82638],[-123.61313,38.82684],[-123.61539,38.82872],[-123.61666,38.82793],[-123.61742,38.8287],[-123.61888,38.82768],[-123.61998,38.83034],[-123.62581,38.83158],[-123.62543,38.83229],[-123.6277,38.83422],[-123.6286,38.83675],[-123.63029,38.83656],[-123.63074,38.83758],[-123.63345,38.83907],[-123.63307,38.83975],[-123.63369,38.84001],[-123.63553,38.83959],[-123.6359,38.84131],[-123.63654,38.8413],[-123.6386,38.84401],[-123.64246,38.84404],[-123.64244,38.84541],[-123.64333,38.84622],[-123.64539,38.84567],[-123.64691,38.8462],[-123.64719,38.8467],[-123.64636,38.84682],[-123.64756,38.84736],[-123.64624,38.84786],[-123.64678,38.84899],[-123.64817,38.84954],[-123.64796,38.85015],[-123.64903,38.84997],[-123.64944,38.85104],[-123.64888,38.85167],[-123.64998,38.85167],[-123.65092,38.85334],[-123.65027,38.85375],[-123.65127,38.85396],[-123.65256,38.85627],[-123.65466,38.86581],[-123.65571,38.86663],[-123.65604,38.86836],[-123.65994,38.87267],[-123.66366,38.87406],[-123.66591,38.87648],[-123.66727,38.87697],[-123.66787,38.87625],[-123.68634,38.89052],[-123.6876,38.89318],[-123.69104,38.89442],[-123.69494,38.89821],[-123.69803,38.89953],[-123.70526,38.90511],[-123.70661,38.9087],[-123.71158,38.91037],[-123.71232,38.91161],[-123.71031,38.91346],[-123.71126,38.91552],[-123.71357,38.91645],[-123.71798,38.91688],[-123.72191,38.91896],[-123.7246,38.91726],[-123.7251,38.91809],[-123.72547,38.91769],[-123.72807,38.91938],[-123.72866,38.92165],[-123.72797,38.92294],[-123.72875,38.92484],[-123.72741,38.92491],[-123.72831,38.92657],[-123.728,38.92728],[-123.72866,38.92789],[-123.72916,38.92701],[-123.73003,38.92896],[-123.72946,38.92987],[-123.7272,38.92924],[-123.72778,38.93076],[-123.72666,38.93036],[-123.72729,38.93229],[-123.72698,38.93301],[-123.72623,38.93267],[-123.72699,38.93453],[-123.7262,38.93469],[-123.72614,38.93563],[-123.72817,38.93774],[-123.72967,38.9379],[-123.72925,38.93836],[-123.73144,38.93922],[-123.73021,38.93941],[-123.73052,38.94006],[-123.73213,38.94102],[-123.7318,38.94232],[-123.73349,38.94372],[-123.73317,38.94448],[-123.73401,38.94608],[-123.73748,38.9499],[-123.7345,38.95516],[-123.73368,38.95509],[-123.73337,38.95298],[-123.73227,38.95164],[-123.73262,38.95376],[-123.73002,38.95207],[-123.73085,38.95438],[-123.73335,38.95442],[-123.7305,38.95547],[-123.72562,38.95896],[-123.71498,38.97151],[-123.70864,38.98157],[-123.69658,39.00509],[-123.6905,39.02221],[-123.69103,39.02384],[-123.69013,39.03117],[-123.68937,39.03215],[-123.69134,39.04344],[-123.69083,39.04457],[-123.69162,39.04569],[-123.6921,39.04958],[-123.69144,39.0514],[-123.69333,39.05307],[-123.69487,39.05746],[-123.69421,39.0571],[-123.69317,39.05825],[-123.69539,39.06011],[-123.69454,39.06106],[-123.69477,39.06194],[-123.69703,39.06358],[-123.7035,39.08332],[-123.70627,39.08982],[-123.706,39.09106],[-123.7074,39.09302],[-123.70917,39.09804],[-123.70758,39.0991],[-123.70788,39.10247],[-123.70887,39.10316],[-123.70749,39.10383],[-123.70975,39.10453],[-123.71131,39.10674],[-123.71236,39.10708],[-123.7134,39.11003],[-123.71296,39.1105],[-123.71362,39.11064],[-123.7148,39.11398],[-123.71293,39.11459],[-123.71519,39.11821],[-123.71649,39.11877],[-123.71644,39.11998],[-123.71823,39.1237],[-123.71765,39.12455],[-123.7184,39.12563],[-123.71776,39.12812],[-123.72055,39.13028],[-123.71926,39.13173],[-123.72017,39.13474],[-123.72156,39.1359],[-123.72105,39.13512],[-123.72196,39.13489],[-123.7231,39.13605],[-123.72312,39.13731],[-123.72371,39.13795],[-123.72442,39.13759],[-123.73532,39.15513],[-123.73509,39.15597],[-123.73578,39.15668],[-123.7345,39.15756],[-123.73446,39.15839],[-123.7382,39.15975],[-123.73797,39.16283],[-123.74237,39.16507],[-123.74352,39.16684],[-123.74523,39.16779],[-123.74407,39.16919],[-123.74685,39.16995],[-123.7465,39.17187],[-123.74942,39.17284],[-123.74902,39.17384],[-123.75042,39.17414],[-123.75286,39.17737],[-123.75235,39.1788],[-123.75395,39.18045],[-123.75563,39.18104],[-123.75666,39.18329],[-123.75631,39.18402],[-123.7576,39.18579],[-123.75748,39.18767],[-123.76081,39.19134],[-123.76072,39.19308],[-123.76149,39.1919],[-123.7636,39.19161],[-123.77027,39.20044],[-123.77054,39.20132],[-123.76963,39.20201],[-123.77136,39.204],[-123.77469,39.21481],[-123.77048,39.21416],[-123.76807,39.21583],[-123.76985,39.21598],[-123.77253,39.22055],[-123.77643,39.22295],[-123.77789,39.22529],[-123.77697,39.22524],[-123.77572,39.22667],[-123.77367,39.22619],[-123.77312,39.22714],[-123.77107,39.22701],[-123.76926,39.22587],[-123.76998,39.22667],[-123.76961,39.22803],[-123.77159,39.22947],[-123.77336,39.2288],[-123.77315,39.22972],[-123.77536,39.22985],[-123.77518,39.23053],[-123.77631,39.23039],[-123.77603,39.23095],[-123.77694,39.23097],[-123.77689,39.23162],[-123.77897,39.2308],[-123.77876,39.23198],[-123.78032,39.23348],[-123.7782,39.23409],[-123.77881,39.23559],[-123.77779,39.23544],[-123.77768,39.23664],[-123.77664,39.23682],[-123.77789,39.23793],[-123.77777,39.23877],[-123.77289,39.2395],[-123.77614,39.24061],[-123.77555,39.24137],[-123.77643,39.24089],[-123.77878,39.24196],[-123.77906,39.24126],[-123.77954,39.24149],[-123.77926,39.24379],[-123.78032,39.24444],[-123.78039,39.24588],[-123.7819,39.2465],[-123.78239,39.24858],[-123.78171,39.24893],[-123.78176,39.25048],[-123.78301,39.25039],[-123.78373,39.25201],[-123.78293,39.25268],[-123.78651,39.25318],[-123.78546,39.25465],[-123.78435,39.25445],[-123.78442,39.25534],[-123.78343,39.25523],[-123.78426,39.25622],[-123.78329,39.25672],[-123.78485,39.25696],[-123.78301,39.25763],[-123.78341,39.25807],[-123.78286,39.25864],[-123.7851,39.26005],[-123.78586,39.2587],[-123.78574,39.26044],[-123.78664,39.26075],[-123.78664,39.25971],[-123.78687,39.26225],[-123.7885,39.26328],[-123.78775,39.26437],[-123.78852,39.265],[-123.78803,39.26592],[-123.78871,39.26602],[-123.7881,39.26685],[-123.78954,39.26906],[-123.79041,39.26894],[-123.78984,39.27006],[-123.79173,39.27357],[-123.79116,39.27369],[-123.79252,39.27386],[-123.79664,39.29046],[-123.79451,39.29225],[-123.79557,39.29297],[-123.79676,39.29616],[-123.79548,39.29956],[-123.7963,39.29928],[-123.79376,39.30177],[-123.79261,39.30152],[-123.79222,39.30222],[-123.79631,39.30337],[-123.79815,39.30282],[-123.79979,39.30319],[-123.80217,39.31278],[-123.80137,39.31355],[-123.80199,39.31477],[-123.80018,39.31546],[-123.80017,39.31619],[-123.80138,39.3167],[-123.80048,39.31731],[-123.80187,39.31797],[-123.80029,39.31907],[-123.80128,39.31974],[-123.801,39.32019],[-123.80543,39.3224],[-123.80496,39.3228],[-123.80583,39.323],[-123.80562,39.32352],[-123.80682,39.3234],[-123.80659,39.32434],[-123.80876,39.32464],[-123.80392,39.32525],[-123.80461,39.32673],[-123.80697,39.32763],[-123.80482,39.32884],[-123.80513,39.32941],[-123.80734,39.32951],[-123.80798,39.32864],[-123.80949,39.32851],[-123.81006,39.32737],[-123.81124,39.32752],[-123.81116,39.32914],[-123.81194,39.32869],[-123.81308,39.32995],[-123.81178,39.32941],[-123.81258,39.33007],[-123.81137,39.33033],[-123.81242,39.33097],[-123.81157,39.3315],[-123.81394,39.33091],[-123.81267,39.33226],[-123.81457,39.33177],[-123.81676,39.3349],[-123.81614,39.33487],[-123.81616,39.336],[-123.81685,39.33631],[-123.81626,39.33658],[-123.81743,39.3373],[-123.8159,39.33784],[-123.81737,39.33883],[-123.81628,39.33927],[-123.81972,39.3397],[-123.81963,39.34058],[-123.8184,39.34016],[-123.81939,39.34104],[-123.81869,39.34145],[-123.82048,39.34243],[-123.81954,39.34309],[-123.82102,39.34283],[-123.82057,39.34406],[-123.82109,39.34452],[-123.82218,39.34336],[-123.82274,39.34498],[-123.82365,39.34476],[-123.82577,39.34778],[-123.8247,39.34853],[-123.82589,39.34796],[-123.82638,39.34865],[-123.82629,39.34939],[-123.82552,39.34909],[-123.82627,39.34957],[-123.82558,39.35001],[-123.8262,39.35021],[-123.82599,39.35208],[-123.82512,39.35326],[-123.82083,39.35369],[-123.82173,39.35566],[-123.82336,39.35603],[-123.8238,39.35731],[-123.82281,39.3576],[-123.82296,39.35867],[-123.82466,39.35912],[-123.82418,39.35974],[-123.82279,39.3592],[-123.8234,39.35985],[-123.82282,39.36011],[-123.82497,39.36103],[-123.82406,39.36097],[-123.82373,39.36183],[-123.82211,39.3613],[-123.82199,39.36047],[-123.81873,39.36035],[-123.81645,39.36183],[-123.81902,39.36291],[-123.82045,39.36574],[-123.82213,39.36649],[-123.82223,39.36586],[-123.8226,39.36699],[-123.82423,39.36754],[-123.82397,39.36985],[-123.82277,39.36942],[-123.8222,39.36994],[-123.82335,39.37131],[-123.82211,39.37206],[-123.82249,39.37267],[-123.82057,39.37242],[-123.81999,39.37301],[-123.82022,39.37446],[-123.82222,39.37595],[-123.8206,39.37563],[-123.81829,39.37703],[-123.81727,39.37684],[-123.81911,39.37736],[-123.81892,39.37828],[-123.82086,39.37852],[-123.82227,39.38],[-123.82144,39.38104],[-123.82008,39.38094],[-123.82064,39.38208],[-123.81975,39.38197],[-123.82111,39.38335],[-123.81958,39.38474],[-123.82112,39.3861],[-123.81913,39.38613],[-123.81847,39.38668],[-123.81923,39.38734],[-123.81736,39.38763],[-123.81812,39.38884],[-123.81963,39.38933],[-123.81826,39.38907],[-123.81795,39.38964],[-123.82053,39.39173],[-123.81847,39.39152],[-123.81779,39.39171],[-123.81793,39.39235],[-123.81633,39.39239],[-123.82086,39.39722],[-123.82074,39.39827],[-123.8189,39.39795],[-123.81927,39.39963],[-123.82045,39.40041],[-123.81977,39.40686],[-123.81925,39.40799],[-123.81868,39.40785],[-123.81939,39.4089],[-123.81866,39.40957],[-123.81597,39.40896],[-123.81612,39.41011],[-123.81486,39.41166],[-123.81524,39.41263],[-123.8139,39.41276],[-123.8148,39.41307],[-123.81442,39.41378],[-123.81525,39.41418],[-123.81527,39.41522],[-123.81289,39.41676],[-123.81307,39.41811],[-123.81545,39.41892],[-123.81553,39.42133],[-123.81729,39.42224],[-123.81766,39.42535],[-123.81666,39.42613],[-123.81321,39.4255],[-123.8101,39.42654],[-123.80968,39.42741],[-123.80586,39.42619],[-123.80552,39.42451],[-123.80428,39.42328],[-123.80281,39.42359],[-123.80098,39.42288],[-123.80076,39.42418],[-123.79951,39.42508],[-123.79972,39.42596],[-123.79532,39.42911],[-123.79657,39.4315],[-123.796,39.43238],[-123.79307,39.43116],[-123.79072,39.43117],[-123.78802,39.43234],[-123.78637,39.43456],[-123.78248,39.43268],[-123.77937,39.43386],[-123.77614,39.43749],[-123.77275,39.4366],[-123.77046,39.43748],[-123.77295,39.43684],[-123.77633,39.43767],[-123.77987,39.43385],[-123.78213,39.43307],[-123.78626,39.43478],[-123.78834,39.43256],[-123.7909,39.43153],[-123.79305,39.43161],[-123.79607,39.43297],[-123.79696,39.43166],[-123.79604,39.429],[-123.80383,39.4235],[-123.80522,39.42462],[-123.80444,39.42626],[-123.80569,39.42778],[-123.81043,39.42805],[-123.80947,39.42814],[-123.80921,39.42887],[-123.81034,39.43067],[-123.81371,39.4311],[-123.81591,39.43044],[-123.81666,39.43161],[-123.81572,39.43948],[-123.81503,39.44063],[-123.81236,39.44204],[-123.81441,39.44411],[-123.79562,39.49139],[-123.79033,39.49827],[-123.77595,39.52634],[-123.77062,39.54078],[-123.76796,39.55143],[-123.76614,39.55303],[-123.76543,39.54986],[-123.75741,39.54428],[-123.75522,39.54392],[-123.75369,39.54122],[-123.75114,39.5396],[-123.75114,39.54025],[-123.75352,39.5417],[-123.75454,39.54412],[-123.75666,39.5445],[-123.75907,39.54646],[-123.7588,39.54692],[-123.75697,39.54533],[-123.756,39.54535],[-123.7597,39.54723],[-123.76142,39.5498],[-123.76249,39.54952],[-123.76513,39.55131],[-123.76572,39.5534],[-123.76678,39.55393],[-123.76673,39.55829],[-123.76635,39.55941],[-123.76555,39.55937],[-123.7681,39.56056],[-123.76675,39.56032],[-123.76842,39.56226],[-123.76717,39.56319],[-123.7672,39.56538],[-123.76958,39.56617],[-123.78306,39.61173],[-123.78213,39.61352],[-123.78277,39.61711],[-123.78241,39.62154],[-123.78413,39.62363],[-123.78508,39.6476],[-123.78571,39.64858],[-123.78498,39.6517],[-123.78729,39.65633],[-123.78618,39.65974],[-123.7898,39.66583],[-123.7915,39.673],[-123.79196,39.68224],[-123.79475,39.68834],[-123.79467,39.6896],[-123.79932,39.69434],[-123.79984,39.69601],[-123.8025,39.69888],[-123.80437,39.70244],[-123.80495,39.70585],[-123.80673,39.7068],[-123.80811,39.71067],[-123.82568,39.719],[-123.83005,39.72392],[-123.83017,39.72613],[-123.83137,39.72657],[-123.83048,39.72795],[-123.83156,39.73061],[-123.82936,39.73138],[-123.82825,39.73397],[-123.82929,39.736],[-123.83301,39.73764],[-123.83115,39.73994],[-123.83182,39.7405],[-123.83144,39.74118],[-123.83246,39.7417],[-123.83175,39.74211],[-123.83217,39.74459],[-123.83427,39.74852],[-123.8376,39.78189],[-123.83978,39.796],[-123.84196,39.80171],[-123.84305,39.80202],[-123.848,39.82381],[-123.85184,39.83274],[-123.8591,39.8366],[-123.88106,39.84524],[-123.88714,39.84877],[-123.88926,39.85217],[-123.8929,39.85326],[-123.89368,39.85282],[-123.89403,39.85538],[-123.89584,39.85596],[-123.89757,39.8556],[-123.90051,39.85782],[-123.9017,39.86019],[-123.90379,39.86003],[-123.90614,39.86193],[-123.91568,39.87924],[-123.91589,39.88142],[-123.91825,39.88428],[-123.91945,39.8885],[-123.9229,39.89306],[-123.92985,39.90947],[-123.95573,39.92398],[-123.95935,39.92974],[-123.96113,39.9354],[-123.96685,39.94165],[-123.97136,39.94905],[-123.97483,39.9526],[-123.9758,39.95603],[-123.97863,39.95873],[-123.9804,39.96304],[-123.98365,39.96466],[-123.98518,39.96656],[-123.98997,39.96964],[-124.00128,39.97974],[-124.0066,39.9859],[-124.01109,39.9885],[-124.01681,39.9936],[-124.02027,39.99927],[-124.02219,40.00025],[-124.02532,40.00344],[-124.02919,40.00559],[-124.03209,40.00996],[-124.037,40.01435],[-124.04023,40.01612],[-124.04227,40.01633],[-124.04492,40.01893],[-124.05539,40.02393],[-124.07991,40.05854],[-124.08039,40.06574],[-124.08223,40.06825],[-124.08673,40.07814],[-124.08987,40.08108],[-124.09269,40.08236],[-124.09642,40.08831],[-124.10427,40.0956],[-124.11005,40.10341],[-124.11168,40.10445],[-124.1192,40.10652],[-124.12533,40.11088],[-124.13009,40.11302],[-124.13429,40.11349],[-124.13911,40.11621],[-124.1445,40.11751],[-124.14897,40.11776],[-124.1551,40.12073],[-124.17201,40.12465],[-124.17458,40.12683],[-124.17899,40.12819],[-124.1817,40.13017],[-124.18535,40.12995],[-124.18807,40.13079],[-124.19384,40.13862],[-124.20259,40.14664],[-124.20459,40.15035],[-124.2087,40.15493],[-124.21266,40.15762],[-124.2158,40.16187],[-124.22719,40.168],[-124.2317,40.17234],[-124.23868,40.17663],[-124.25193,40.18168],[-124.26248,40.18718],[-124.27237,40.19587],[-124.2769,40.19834],[-124.28317,40.2002],[-124.29664,40.20891],[-124.3073,40.2164],[-124.31464,40.22259],[-124.32058,40.22618],[-124.32383,40.22971],[-124.32739,40.23698],[-124.33056,40.23931],[-124.34322,40.24393],[-124.3472,40.24689],[-124.35253,40.24962],[-124.35612,40.25482],[-124.36013,40.25697],[-124.36327,40.26045],[-124.36218,40.26798],[-124.3634,40.27055],[-124.3627,40.27243],[-124.36288,40.27732],[-124.35734,40.29043],[-124.35056,40.30933],[-124.34836,40.31236],[-124.34786,40.31487],[-124.34828,40.31767],[-124.35156,40.32616],[-124.36483,40.37062],[-124.36501,40.37342],[-124.36997,40.38785],[-124.37491,40.39475],[-124.37795,40.39667],[-124.37918,40.3992],[-124.38272,40.40087],[-124.38802,40.40485],[-124.38953,40.40481],[-124.39007,40.40618],[-124.39139,40.40699],[-124.39351,40.41198],[-124.3989,40.41718],[-124.4032,40.42413],[-124.4024,40.42803],[-124.40373,40.43116],[-124.40373,40.43353],[-124.40825,40.43598],[-124.40942,40.43775],[-124.40567,40.44813],[-124.3937,40.46861],[-124.385,40.49032],[-124.38337,40.49881],[-124.38424,40.5009],[-124.38613,40.50207],[-124.37945,40.52048],[-124.36656,40.54245],[-124.35801,40.56028],[-124.32972,40.61273],[-124.31619,40.63444],[-124.31598,40.63217],[-124.31493,40.63086],[-124.3111,40.62805],[-124.30818,40.62737],[-124.31068,40.62842],[-124.3141,40.63163],[-124.31426,40.63469],[-124.31247,40.63744],[-124.31056,40.6372],[-124.30724,40.63382],[-124.30398,40.62782],[-124.30532,40.62777],[-124.30337,40.62485],[-124.30094,40.62567],[-124.3004,40.62748],[-124.30094,40.62949],[-124.30245,40.63102],[-124.30177,40.63099],[-124.30318,40.63307],[-124.30299,40.6343],[-124.29584,40.63233],[-124.29372,40.63133],[-124.29219,40.62819],[-124.2889,40.62626],[-124.28669,40.62095],[-124.2843,40.61995],[-124.28369,40.61855],[-124.27879,40.61665],[-124.27259,40.61655],[-124.2702,40.61565],[-124.2646,40.61705],[-124.26209,40.61605],[-124.25658,40.61735],[-124.25469,40.61785],[-124.2534,40.61975],[-124.25159,40.62025],[-124.2503,40.62205],[-124.24839,40.62255],[-124.24719,40.62435],[-124.24159,40.62575],[-124.2391,40.62475],[-124.24169,40.62105],[-124.2411,40.61965],[-124.24229,40.61775],[-124.23989,40.61675],[-124.2393,40.61535],[-124.23679,40.61445],[-124.23618,40.61305],[-124.23438,40.61345],[-124.2319,40.61245],[-124.22819,40.61345],[-124.22329,40.61145],[-124.22269,40.61005],[-124.22079,40.61055],[-124.21589,40.60855],[-124.21409,40.60905],[-124.21159,40.60805],[-124.2097,40.60855],[-124.20728,40.60755],[-124.20539,40.60805],[-124.20049,40.60605],[-124.19678,40.60705],[-124.18209,40.60125],[-124.17969,40.59555],[-124.17728,40.59455],[-124.17668,40.59316],[-124.17419,40.59225],[-124.17119,40.58515],[-124.16879,40.58415],[-124.16819,40.58275],[-124.15349,40.57695],[-124.15288,40.57555],[-124.15038,40.57466],[-124.14748,40.56755],[-124.14869,40.56565],[-124.14809,40.56426],[-124.15059,40.56056],[-124.15009,40.55905],[-124.15259,40.55535],[-124.15138,40.55255],[-124.15376,40.54843],[-124.13001,40.54836],[-124.11532,40.54619],[-124.11187,40.54534],[-124.10848,40.5431],[-124.10287,40.54256],[-124.10104,40.5432],[-124.09841,40.54587],[-124.09769,40.54766],[-124.07257,40.54205],[-124.06244,40.53739],[-124.05944,40.53723],[-124.05809,40.53401],[-124.04901,40.53428],[-124.04178,40.53293],[-124.02694,40.52249],[-124.01657,40.51277],[-124.00444,40.50998],[-124.00042,40.5104],[-123.99814,40.51184],[-123.98843,40.50975],[-123.99166,40.50359],[-123.9904,40.50107],[-123.98837,40.49901],[-123.98558,40.49858],[-123.97395,40.49945],[-123.97182,40.49884],[-123.97062,40.49781],[-123.96945,40.49433],[-123.96909,40.48916],[-123.96246,40.48209],[-123.96219,40.48095],[-123.96348,40.47758],[-123.96258,40.47564],[-123.95719,40.47639],[-123.95182,40.47969],[-123.94985,40.47763],[-123.94535,40.47589],[-123.93537,40.47642],[-123.92941,40.47886],[-123.92072,40.47786],[-123.91584,40.48042],[-123.91335,40.4804],[-123.91101,40.48394],[-123.90789,40.48563],[-123.90699,40.48706],[-123.90558,40.48731],[-123.89752,40.48511],[-123.89066,40.48105],[-123.89043,40.47984],[-123.88566,40.47769],[-123.88372,40.47448],[-123.88216,40.47352],[-123.87428,40.47157],[-123.86874,40.47254],[-123.86694,40.47211],[-123.86442,40.47032],[-123.86313,40.46611],[-123.86217,40.46511],[-123.85669,40.46419],[-123.85126,40.4617],[-123.84988,40.46209],[-123.84809,40.46404],[-123.84578,40.46403],[-123.8444,40.4623],[-123.84305,40.46253],[-123.83473,40.46893],[-123.83107,40.46933],[-123.82325,40.46844],[-123.82155,40.4675],[-123.81762,40.46777],[-123.81603,40.46862],[-123.80956,40.46871],[-123.80666,40.4672],[-123.8025,40.46805],[-123.79987,40.46651],[-123.7969,40.46613],[-123.79554,40.46695],[-123.79503,40.47],[-123.79317,40.47244],[-123.78775,40.4745],[-123.78415,40.47479],[-123.78059,40.47855],[-123.77309,40.47861],[-123.77657,40.4801],[-123.77774,40.48193],[-123.77447,40.48541],[-123.77366,40.48749],[-123.76847,40.48705],[-123.76656,40.48756],[-123.76797,40.48602],[-123.76761,40.48559],[-123.75984,40.48675],[-123.75894,40.48623],[-123.75853,40.48442],[-123.75613,40.48492],[-123.75394,40.48398],[-123.74764,40.48481],[-123.74359,40.48334],[-123.73862,40.48293],[-123.73604,40.48165],[-123.72966,40.48113],[-123.72852,40.48042],[-123.72741,40.47827],[-123.72345,40.47838],[-123.7207,40.47724],[-123.71638,40.47683],[-123.71273,40.47775],[-123.70967,40.47759],[-123.71039,40.47596],[-123.70985,40.47413],[-123.70718,40.47152],[-123.70436,40.47095],[-123.70227,40.46841],[-123.70155,40.46613],[-123.69894,40.46432],[-123.69975,40.46141],[-123.69909,40.45844],[-123.69468,40.45549],[-123.69175,40.44848],[-123.68899,40.44423],[-123.67536,40.43871],[-123.66824,40.44141],[-123.6662,40.44388],[-123.66201,40.44519],[-123.65775,40.44397],[-123.65509,40.44493],[-123.65479,40.45001],[-123.65565,40.45241],[-123.6549,40.45349],[-123.65329,40.45342],[-123.6532,40.45612],[-123.65194,40.45637],[-123.65236,40.45864],[-123.64987,40.45999],[-123.65047,40.46127],[-123.65202,40.46152],[-123.6531,40.46322],[-123.65388,40.46722],[-123.65283,40.46882],[-123.65481,40.47166],[-123.65498,40.47383],[-123.65348,40.47832],[-123.6522,40.47859],[-123.65381,40.48072],[-123.65169,40.48122],[-123.65129,40.48397],[-123.64887,40.48376],[-123.64821,40.48497],[-123.64632,40.48481],[-123.64362,40.48612],[-123.63292,40.48529],[-123.63049,40.48808],[-123.62603,40.48867],[-123.62497,40.49114],[-123.62307,40.49188],[-123.60928,40.49161],[-123.60484,40.49326],[-123.6008,40.49364],[-123.59792,40.49234],[-123.59483,40.49196],[-123.59019,40.48883],[-123.58464,40.48631],[-123.57972,40.48622],[-123.57835,40.48242],[-123.57283,40.47951],[-123.56813,40.47809],[-123.56609,40.47535],[-123.56339,40.47338],[-123.55824,40.47128],[-123.5562,40.47112],[-123.54428,40.46535],[-123.52771,40.46374],[-123.5284,40.462],[-123.52735,40.46102],[-123.5251,40.46079],[-123.51861,40.45754],[-123.51426,40.45719],[-123.51423,40.45552],[-123.51339,40.45481],[-123.51214,40.45522],[-123.51061,40.4522],[-123.50744,40.45229],[-123.5057,40.44987],[-123.50114,40.44943],[-123.49332,40.44266],[-123.49074,40.44241],[-123.49047,40.44069],[-123.48843,40.43871],[-123.48217,40.44003],[-123.48154,40.43941],[-123.47936,40.43946],[-123.47831,40.43862],[-123.479,40.43612],[-123.47831,40.43557],[-123.47833,40.43191],[-123.47731,40.43045],[-123.47531,40.43052],[-123.47312,40.43219],[-123.46935,40.43352],[-123.46237,40.43212],[-123.4633,40.43054],[-123.46174,40.42951],[-123.46249,40.42801],[-123.4609,40.42579],[-123.46183,40.42302],[-123.4612,40.42137],[-123.46222,40.42043],[-123.45839,40.41999],[-123.45659,40.41908],[-123.4565,40.41812],[-123.45461,40.418],[-123.45449,40.41729],[-123.44979,40.41455],[-123.44725,40.41023],[-123.44737,40.40693],[-123.44371,40.40448],[-123.44075,40.40373],[-123.44126,40.4002],[-123.44027,40.39828],[-123.43509,40.39608],[-123.43291,40.39379],[-123.42851,40.39329],[-123.42142,40.394],[-123.418,40.39542],[-123.41531,40.39311],[-123.41331,40.39318],[-123.4125,40.39112],[-123.40523,40.38805],[-123.40394,40.3864],[-123.40092,40.38573],[-123.3967,40.38313],[-123.39087,40.38189],[-123.38868,40.38239],[-123.38689,40.38148],[-123.38464,40.38188],[-123.38252,40.38083],[-123.3755,40.38037],[-123.37436,40.3789],[-123.37029,40.37797],[-123.36679,40.37525],[-123.36356,40.37384],[-123.36161,40.374],[-123.35802,40.37601],[-123.3559,40.37398],[-123.35449,40.3753],[-123.35195,40.37498],[-123.35007,40.37704],[-123.34704,40.37674],[-123.34151,40.37958],[-123.33846,40.37951],[-123.33645,40.37935],[-123.33526,40.37761],[-123.33137,40.37677],[-123.32059,40.37136],[-123.31697,40.37203],[-123.31499,40.37144],[-123.31225,40.37241],[-123.30946,40.37214],[-123.30599,40.3731],[-123.30022,40.37821],[-123.30043,40.38062],[-123.29755,40.38364],[-123.29429,40.38635],[-123.29122,40.38648],[-123.2944,40.38428],[-123.29725,40.38343],[-123.29993,40.38071],[-123.2999,40.37809],[-123.3043,40.37429],[-123.3014,40.37429],[-123.3014,40.37247],[-123.30378,40.37246],[-123.30378,40.37063],[-123.30853,40.37062],[-123.30853,40.37214],[-123.31221,40.37213],[-123.31508,40.37115],[-123.317,40.37174],[-123.31884,40.37142],[-123.32012,40.36979],[-123.32212,40.3691],[-123.32465,40.37239],[-123.32783,40.3748],[-123.33543,40.37738],[-123.33663,40.37909],[-123.33847,40.37924],[-123.34142,40.37931],[-123.34693,40.37649],[-123.34991,40.37678],[-123.35176,40.37476],[-123.35438,40.37504],[-123.3558,40.37372],[-123.3569,40.37398],[-123.35809,40.37573],[-123.36144,40.37377],[-123.36359,40.37358],[-123.36702,40.37503],[-123.37044,40.37771],[-123.37457,40.37868],[-123.37561,40.38009],[-123.37967,40.38065],[-123.3796,40.37224],[-123.38433,40.37223],[-123.38477,40.3816],[-123.38698,40.38122],[-123.38872,40.38213],[-123.39093,40.38163],[-123.39689,40.3829],[-123.40111,40.3855],[-123.40417,40.38619],[-123.40543,40.3878],[-123.41269,40.39089],[-123.41357,40.39299],[-123.41548,40.39287],[-123.41805,40.39513],[-123.42135,40.39373],[-123.43109,40.3931],[-123.43389,40.39402],[-123.43645,40.39637],[-123.43552,40.39414],[-123.42488,40.38999],[-123.41953,40.38601],[-123.41826,40.38433],[-123.41775,40.38115],[-123.41403,40.37817],[-123.41269,40.37573],[-123.40855,40.37221],[-123.40479,40.37052],[-123.40196,40.36631],[-123.39636,40.36322],[-123.39116,40.35808],[-123.38347,40.35487],[-123.37539,40.34934],[-123.36345,40.34555],[-123.362,40.34419],[-123.35698,40.34212],[-123.3521,40.34127],[-123.34771,40.3385],[-123.34213,40.33747],[-123.33907,40.33354],[-123.3332,40.32944],[-123.33128,40.32577],[-123.32453,40.32361],[-123.32219,40.32214],[-123.31945,40.31998],[-123.31786,40.31634],[-123.31334,40.31283],[-123.31272,40.31105],[-123.31079,40.30911],[-123.30625,40.30698],[-123.30396,40.30459],[-123.301,40.30106],[-123.29911,40.2973],[-123.29187,40.28959],[-123.28638,40.2854],[-123.28554,40.28351],[-123.2859,40.27793],[-123.28534,40.27556],[-123.28116,40.27204],[-123.28025,40.27032],[-123.26861,40.26495],[-123.26334,40.26005],[-123.26051,40.25838],[-123.25096,40.25535],[-123.24248,40.25564],[-123.23927,40.2548],[-123.23641,40.25501],[-123.23547,40.25363],[-123.23346,40.25292],[-123.23147,40.25015],[-123.22661,40.24837],[-123.22532,40.24388],[-123.22652,40.24084],[-123.22592,40.23597],[-123.22163,40.23022],[-123.21877,40.23088],[-123.20921,40.2307],[-123.20698,40.22796],[-123.1964,40.22634],[-123.19386,40.22681],[-123.18993,40.22355],[-123.17944,40.2224],[-123.17681,40.21823],[-123.1757,40.21358],[-123.17376,40.20991],[-123.16679,40.20806],[-123.16494,40.20825],[-123.16341,40.2074],[-123.15748,40.20805],[-123.14665,40.20456],[-123.14597,40.2018],[-123.14644,40.20019],[-123.14406,40.19746],[-123.14669,40.19346],[-123.14598,40.18994],[-123.14714,40.18505],[-123.14257,40.18078],[-123.1356,40.17776],[-123.13388,40.17432],[-123.13299,40.16664],[-123.13645,40.15823],[-123.13509,40.15613],[-123.1351,40.14898],[-123.1327,40.14649],[-123.13352,40.14417],[-123.13122,40.13929],[-123.12615,40.13769],[-123.12631,40.13588],[-123.12684,40.13479],[-123.13011,40.13338],[-123.13053,40.13045],[-123.13399,40.13044],[-123.13669,40.12754],[-123.14053,40.12559],[-123.14063,40.12401],[-123.14263,40.12162],[-123.14305,40.11889],[-123.1426,40.11455],[-123.14141,40.11259],[-123.14259,40.11214],[-123.14501,40.10872],[-123.14634,40.10182],[-123.14962,40.0973],[-123.15422,40.09495],[-123.15538,40.09359],[-123.16057,40.09502],[-123.16606,40.09407],[-123.16606,40.09335],[-123.16764,40.09206],[-123.17299,40.089],[-123.18169,40.08834],[-123.18482,40.089],[-123.18547,40.0884],[-123.18426,40.08651],[-123.18473,40.08069],[-123.18698,40.07948],[-123.18788,40.07697],[-123.18695,40.07559],[-123.18671,40.0712],[-123.18558,40.06818],[-123.18345,40.06648],[-123.18174,40.06336],[-123.17893,40.06336],[-123.17375,40.06078],[-123.17213,40.05832],[-123.17379,40.05609],[-123.1515,40.05603],[-123.15146,40.0414],[-123.15618,40.04139],[-123.1562,40.0269],[-123.16326,40.02689],[-123.16326,40.02327],[-123.16796,40.02328],[-123.16797,40.0269],[-123.17503,40.02691],[-123.17502,40.02329],[-123.17032,40.02328],[-123.17031,40.01603],[-123.16561,40.01603],[-123.1656,40.0124],[-123.14677,40.01242],[-123.14675,39.99791],[-123.15146,39.99791],[-123.15144,39.98383],[-123.14555,39.98387],[-123.1459,39.98012],[-123.15081,39.98009],[-123.15181,39.96886],[-123.14203,39.96892],[-123.14184,39.94708],[-123.13736,39.9448],[-123.13635,39.94292],[-123.13539,39.94281],[-123.12656,39.93301],[-123.12395,39.93156],[-123.12156,39.92614],[-123.12408,39.92273],[-123.12348,39.92138],[-123.12426,39.92026],[-123.12401,39.91901],[-123.12226,39.91791],[-123.12193,39.91621],[-123.12384,39.91194],[-123.12387,39.90859],[-123.12503,39.90515],[-123.1237,39.90365],[-123.12114,39.90267],[-123.12048,39.9014],[-123.12079,39.89898],[-123.12001,39.89812],[-123.1218,39.89635],[-123.12176,39.8939],[-123.12284,39.893],[-123.12258,39.89245],[-123.11788,39.89226],[-123.11925,39.89511],[-123.11455,39.89495],[-123.11318,39.89207],[-123.10433,39.89177],[-123.10311,39.88876],[-123.07654,39.88731],[-123.07616,39.87264],[-123.08362,39.85799],[-123.07898,39.84333],[-123.06989,39.84314],[-123.07081,39.84677],[-123.06614,39.84665],[-123.06539,39.83933],[-123.07899,39.83981],[-123.079,39.83629],[-123.07453,39.83607],[-123.07472,39.82874],[-123.07921,39.82922],[-123.07918,39.82559],[-123.07468,39.82525],[-123.07463,39.82175],[-123.07013,39.82153],[-123.07007,39.81786]],[[-122.83792,39.95728],[-122.8381,39.95352],[-122.84273,39.95368],[-122.84231,39.95011],[-122.84696,39.95046],[-122.84563,39.94026],[-122.84694,39.92662],[-122.85164,39.92592],[-122.85241,39.91235],[-122.84777,39.91336],[-122.83847,39.91237],[-122.83711,39.93194],[-122.83246,39.93114],[-122.83358,39.91832],[-122.82893,39.9177],[-122.82782,39.93033],[-122.81905,39.93348],[-122.81879,39.9369],[-122.81447,39.93862],[-122.81435,39.94217],[-122.82692,39.93656],[-122.8316,39.93754],[-122.83203,39.93434],[-122.83671,39.9352],[-122.8363,39.93846],[-122.8381,39.95352],[-122.82885,39.95321],[-122.82392,39.95446],[-122.82404,39.96244],[-122.81947,39.96342],[-122.81943,39.96724],[-122.81036,39.96934],[-122.8104,39.97238],[-122.82838,39.96981],[-122.82862,39.96147],[-122.833,39.96126],[-122.83303,39.9652],[-122.83752,39.96479],[-122.83722,39.97202],[-122.84149,39.97131],[-122.84132,39.97809],[-122.8457,39.97714],[-122.84592,39.97384],[-122.85041,39.97361],[-122.85143,39.9599],[-122.84686,39.96059],[-122.84646,39.96722],[-122.84186,39.96787],[-122.84252,39.95724],[-122.83792,39.95728]],[[-122.9666,39.23541],[-122.97118,39.23533],[-122.9712,39.23172],[-122.98033,39.23159],[-122.98033,39.22802],[-122.98489,39.22797],[-122.98486,39.22087],[-122.9758,39.2209],[-122.97579,39.22449],[-122.97125,39.22452],[-122.9712,39.23172],[-122.96663,39.23179],[-122.9666,39.23541],[-122.96198,39.23546],[-122.96213,39.22106],[-122.96674,39.22094],[-122.96668,39.21045],[-122.95757,39.21063],[-122.95758,39.20711],[-122.94851,39.20727],[-122.94841,39.21436],[-122.95299,39.21426],[-122.95296,39.21779],[-122.94837,39.21791],[-122.94814,39.23562],[-122.95275,39.23557],[-122.9527,39.24289],[-122.95731,39.24286],[-122.95728,39.24653],[-122.96653,39.24648],[-122.9666,39.23541]],[[-122.8568,39.9078],[-122.85703,39.91128],[-122.86165,39.9102],[-122.86075,39.92402],[-122.86531,39.923],[-122.86555,39.91948],[-122.88385,39.91995],[-122.88478,39.90647],[-122.88016,39.90625],[-122.87998,39.90009],[-122.87531,39.89951],[-122.87519,39.89627],[-122.8799,39.89702],[-122.88025,39.89431],[-122.86613,39.8926],[-122.86152,39.89357],[-122.8612,39.89599],[-122.85655,39.89731],[-122.85667,39.90078],[-122.86128,39.89955],[-122.86152,39.90661],[-122.8568,39.9078]],[[-122.68443,39.98633],[-122.68427,39.997],[-122.70037,39.99686],[-122.70036,39.99334],[-122.70493,39.99338],[-122.70494,39.99688],[-122.71408,39.99694],[-122.71402,39.98994],[-122.70035,39.98983],[-122.70035,39.98632],[-122.68443,39.98633],[-122.68419,39.97218],[-122.66609,39.97249],[-122.6659,39.98672],[-122.68443,39.98633]],[[-122.68421,40.02943],[-122.66578,40.02986],[-122.66581,40.0443],[-122.68448,40.04405],[-122.68452,40.04769],[-122.68912,40.04764],[-122.68917,40.05129],[-122.69377,40.05124],[-122.69384,40.05608],[-122.7004,40.05603],[-122.70034,40.04385],[-122.68448,40.04405],[-122.68421,40.02943],[-122.69358,40.02928],[-122.69354,40.02567],[-122.68415,40.02587],[-122.68421,40.02943]],[[-123.07933,39.80372],[-123.07905,39.78953],[-123.07447,39.7894],[-123.07464,39.79634],[-123.0654,39.79611],[-123.06526,39.79279],[-123.06057,39.79268],[-123.06076,39.796],[-123.05621,39.79584],[-123.05607,39.79246],[-123.05157,39.79225],[-123.05176,39.79925],[-123.04255,39.79898],[-123.04246,39.80609],[-123.05172,39.80632],[-123.05174,39.80278],[-123.06098,39.803],[-123.061,39.80655],[-123.07006,39.80697],[-123.07011,39.79976],[-123.0748,39.79992],[-123.07464,39.80718],[-123.07921,39.80739],[-123.07933,39.80372]],[[-122.78878,39.93349],[-122.79414,39.93333],[-122.79432,39.9298],[-122.79317,39.92258],[-122.79773,39.92239],[-122.79703,39.9155],[-122.79222,39.91549],[-122.79242,39.91173],[-122.78811,39.91172],[-122.788,39.91543],[-122.78379,39.91537],[-122.78462,39.92988],[-122.78412,39.93678],[-122.78875,39.93666],[-122.78878,39.93349]],[[-122.67954,40.00433],[-122.67959,40.00067],[-122.66572,40.00099],[-122.66574,40.01576],[-122.67939,40.01532],[-122.67954,40.00433]],[[-122.75147,40.04445],[-122.75606,40.04441],[-122.75601,40.03022],[-122.73777,40.03018],[-122.73774,40.03737],[-122.74689,40.03734],[-122.74688,40.04449],[-122.75147,40.04445]],[[-122.96894,40.36196],[-122.96898,40.36523],[-122.97421,40.3692],[-122.98055,40.36962],[-122.98241,40.36853],[-122.98649,40.37132],[-122.98633,40.35968],[-122.97868,40.35836],[-122.96891,40.35809],[-122.96894,40.36196]],[[-122.85568,39.93176],[-122.86493,39.92997],[-122.86503,39.9265],[-122.8559,39.92836],[-122.85568,39.93176],[-122.85122,39.93262],[-122.85045,39.93947],[-122.85162,39.94969],[-122.85628,39.94891],[-122.85515,39.93862],[-122.85568,39.93176]],[[-122.72331,39.99356],[-122.71861,39.99347],[-122.71869,40.00045],[-122.73704,40.00091],[-122.73722,39.99736],[-122.72794,39.99716],[-122.72801,39.99365],[-122.72331,39.99356]],[[-122.86975,39.95806],[-122.86891,39.96489],[-122.87821,39.96535],[-122.8786,39.96206],[-122.87391,39.96181],[-122.87527,39.95127],[-122.87494,39.94777],[-122.87012,39.94727],[-122.87061,39.95106],[-122.86975,39.95806]],[[-122.75588,40.00842],[-122.7605,40.00844],[-122.76044,40.00119],[-122.74644,40.00104],[-122.7465,40.00468],[-122.75586,40.00479],[-122.75588,40.00842]],[[-122.77925,39.91904],[-122.77914,39.9154],[-122.77449,39.91543],[-122.77515,39.92993],[-122.77989,39.92991],[-122.77925,39.91904]],[[-122.75117,39.99047],[-122.75116,39.994],[-122.75583,39.99405],[-122.75584,39.99761],[-122.76047,39.99763],[-122.76051,39.9905],[-122.75582,39.9905],[-122.75581,39.98694],[-122.75118,39.98695],[-122.75117,39.99047]],[[-122.75328,40.05931],[-122.75787,40.05935],[-122.75787,40.05606],[-122.74423,40.0559],[-122.7442,40.05922],[-122.75328,40.05931]],[[-123.16289,39.52248],[-123.1629,39.51886],[-123.15821,39.51879],[-123.1582,39.52243],[-123.16289,39.52248],[-123.16288,39.5261],[-123.16757,39.52612],[-123.16758,39.52252],[-123.16289,39.52248]],[[-122.85206,39.90203],[-122.85242,39.89534],[-122.84765,39.89648],[-122.84765,39.90323],[-122.85206,39.90203]],[[-122.9956,40.38237],[-122.99635,40.3823],[-122.9964,40.38025],[-122.99719,40.37947],[-122.99705,40.37702],[-122.99196,40.37715],[-122.99165,40.37362],[-122.98787,40.37367],[-122.98784,40.37477],[-122.98938,40.37672],[-122.99337,40.3791],[-122.9956,40.38237]],[[-123.17599,40.02329],[-123.17599,40.02691],[-123.17972,40.02692],[-123.17973,40.0203],[-123.17599,40.0203],[-123.17599,40.02329]],[[-122.99573,40.3597],[-123.00042,40.35971],[-123.00032,40.35587],[-122.99578,40.3559],[-122.99573,40.3597]],[[-123.16756,39.53344],[-123.16272,39.53332],[-123.16252,39.53699],[-123.16731,39.53707],[-123.16756,39.53344]],[[-123.08388,39.82572],[-123.08859,39.82584],[-123.08852,39.82219],[-123.08383,39.82208],[-123.08388,39.82572]],[[-123.15147,40.00904],[-123.15238,40.00903],[-123.15238,40.00541],[-123.14767,40.00542],[-123.14767,40.00905],[-123.15147,40.00904]],[[-122.7791,39.89711],[-122.7744,39.89712],[-122.77444,39.90077],[-122.77913,39.90072],[-122.7791,39.89711]],[[-122.76009,39.0711],[-122.75543,39.07107],[-122.75543,39.0747],[-122.76009,39.07473],[-122.76009,39.0711]],[[-123.03343,39.63792],[-123.03812,39.6379],[-123.03815,39.63433],[-123.03345,39.63434],[-123.03343,39.63792]],[[-123.02836,39.32533],[-123.02386,39.32534],[-123.02392,39.32895],[-123.02848,39.32883],[-123.02836,39.32533]],[[-122.85665,39.95234],[-122.85632,39.95578],[-122.86093,39.95506],[-122.8613,39.95161],[-122.85665,39.95234]],[[-122.85172,39.95649],[-122.85201,39.95309],[-122.84736,39.95384],[-122.84711,39.95721],[-122.85172,39.95649]],[[-122.88495,39.89488],[-122.88459,39.89779],[-122.88929,39.89809],[-122.88962,39.89507],[-122.88495,39.89488]],[[-122.68927,40.05488],[-122.68459,40.05497],[-122.68459,40.05615],[-122.6893,40.05612],[-122.68927,40.05488]],[[-123.30616,40.37246],[-123.30616,40.37279],[-123.30753,40.37246],[-123.30616,40.37246]],[[-122.96586,40.36333],[-122.96534,40.36327],[-122.96589,40.36342],[-122.96586,40.36333]]],[[[-123.00584,39.50381],[-123.01047,39.50418],[-123.01045,39.49676],[-123.0151,39.49707],[-123.01512,39.48586],[-123.02011,39.48571],[-123.02011,39.48941],[-123.03001,39.48905],[-123.03005,39.48541],[-123.03499,39.48526],[-123.03496,39.48707],[-123.03249,39.48715],[-123.03247,39.48897],[-123.03492,39.48888],[-123.03497,39.49067],[-123.04471,39.49093],[-123.04478,39.48547],[-123.04963,39.48557],[-123.04939,39.49653],[-123.06844,39.49681],[-123.06838,39.50047],[-123.07315,39.50051],[-123.073,39.51151],[-123.09206,39.50963],[-123.09212,39.52003],[-123.09685,39.52006],[-123.09686,39.52353],[-123.11103,39.52364],[-123.11114,39.52712],[-123.11583,39.52721],[-123.11597,39.53414],[-123.12058,39.53421],[-123.12061,39.53767],[-123.11604,39.53763],[-123.11607,39.545],[-123.12054,39.54498],[-123.12048,39.55224],[-123.11589,39.55234],[-123.11587,39.55587],[-123.11127,39.55596],[-123.11117,39.56299],[-123.10664,39.56314],[-123.10686,39.55268],[-123.08375,39.55369],[-123.0836,39.54591],[-123.07879,39.54617],[-123.07883,39.55001],[-123.07399,39.55022],[-123.07399,39.55401],[-123.06429,39.55404],[-123.06428,39.55031],[-123.06913,39.55027],[-123.06913,39.5465],[-123.03497,39.54692],[-123.03498,39.55399],[-123.01528,39.55397],[-123.0147,39.53981],[-123.01543,39.52549],[-123.01506,39.51203],[-123.01049,39.51158],[-123.01048,39.50788],[-123.00587,39.50747],[-123.00584,39.50381]]],[[[-122.97307,39.38551],[-122.97302,39.39287],[-122.9776,39.39291],[-122.97777,39.38554],[-122.97307,39.38551],[-122.97311,39.37824],[-122.98726,39.37842],[-122.98716,39.38204],[-122.98251,39.38196],[-122.98248,39.38557],[-122.98706,39.38566],[-122.98716,39.38204],[-122.99181,39.38212],[-122.99165,39.38574],[-122.99625,39.38583],[-122.99614,39.3933],[-123.00582,39.39332],[-123.00586,39.39699],[-123.00104,39.39699],[-123.0011,39.40068],[-122.99632,39.40059],[-122.99641,39.40426],[-123.00117,39.40437],[-123.00124,39.40806],[-123.00596,39.40801],[-123.00592,39.40433],[-123.01067,39.40429],[-123.01071,39.4116],[-123.0154,39.41154],[-123.0154,39.41873],[-123.02008,39.41872],[-123.02025,39.43349],[-123.00896,39.43369],[-123.01082,39.42221],[-123.01078,39.41874],[-123.00604,39.41892],[-123.00601,39.41534],[-123.00128,39.41542],[-123.0013,39.41911],[-122.99657,39.41897],[-122.99652,39.41161],[-122.95887,39.41114],[-122.95871,39.41857],[-122.95393,39.41861],[-122.95387,39.42233],[-122.96339,39.42225],[-122.96338,39.42965],[-122.96807,39.42963],[-122.96801,39.43699],[-122.97263,39.43692],[-122.97277,39.44069],[-122.96813,39.44073],[-122.96825,39.44447],[-122.9776,39.44443],[-122.97775,39.44814],[-122.96367,39.44824],[-122.9636,39.44449],[-122.95875,39.44449],[-122.95866,39.4408],[-122.94905,39.44085],[-122.94916,39.45166],[-122.93969,39.45166],[-122.9397,39.44445],[-122.94434,39.44449],[-122.94417,39.43727],[-122.9396,39.43719],[-122.93967,39.42971],[-122.94426,39.42984],[-122.94437,39.41869],[-122.9351,39.41823],[-122.93507,39.42957],[-122.9305,39.42944],[-122.93048,39.43323],[-122.92591,39.43313],[-122.9259,39.42546],[-122.93049,39.42563],[-122.93047,39.418],[-122.92136,39.41774],[-122.92135,39.41389],[-122.91666,39.41387],[-122.91666,39.41004],[-122.92577,39.41006],[-122.9258,39.41391],[-122.94919,39.41493],[-122.94903,39.39284],[-122.96845,39.39282],[-122.96842,39.38549],[-122.97307,39.38551]],[[-122.96844,39.40015],[-122.97304,39.40021],[-122.97303,39.39654],[-122.95894,39.39646],[-122.95894,39.40011],[-122.96844,39.40015]],[[-122.98229,39.39664],[-122.98242,39.40034],[-122.97773,39.40027],[-122.9777,39.4039],[-122.98701,39.40406],[-122.98686,39.39678],[-122.98229,39.39664]]],[[[-122.98563,39.78009],[-122.98085,39.78011],[-122.98083,39.78367],[-122.97126,39.78372],[-122.9713,39.79803],[-122.97142,39.80474],[-122.97621,39.80468],[-122.97625,39.80829],[-122.98099,39.80826],[-122.98096,39.80462],[-122.9857,39.80456],[-122.98579,39.81911],[-122.98109,39.81916],[-122.98103,39.82258],[-122.97643,39.82259],[-122.97634,39.81555],[-122.97159,39.81564],[-122.97162,39.81925],[-122.96684,39.8193],[-122.96694,39.82264],[-122.95774,39.82277],[-122.95782,39.82604],[-122.94737,39.82702],[-122.94788,39.81247],[-122.94725,39.80536],[-122.94245,39.80556],[-122.94227,39.79479],[-122.93756,39.79502],[-122.93759,39.79139],[-122.93279,39.7916],[-122.93285,39.78073],[-122.94233,39.78041],[-122.94224,39.78767],[-122.96159,39.7873],[-122.96158,39.78372],[-122.96647,39.78373],[-122.96644,39.77647],[-122.97127,39.7765],[-122.97126,39.78011],[-122.97608,39.78012],[-122.97609,39.77652],[-122.98566,39.77657],[-122.98563,39.78009]]],[[[-122.78422,39.14783],[-122.78793,39.14768],[-122.78784,39.1511],[-122.79857,39.15076],[-122.79846,39.15428],[-122.78775,39.15453],[-122.78766,39.15801],[-122.7914,39.15795],[-122.79133,39.16145],[-122.79823,39.16142],[-122.79815,39.17529],[-122.80857,39.17681],[-122.8084,39.17307],[-122.80332,39.17232],[-122.80329,39.16859],[-122.81315,39.17007],[-122.81384,39.16303],[-122.79823,39.16142],[-122.79834,39.15783],[-122.81849,39.1598],[-122.81865,39.16354],[-122.82742,39.1637],[-122.82738,39.16734],[-122.81836,39.16717],[-122.81807,39.1708],[-122.8227,39.17089],[-122.82269,39.17456],[-122.81805,39.17449],[-122.81805,39.18177],[-122.80873,39.18039],[-122.80889,39.18398],[-122.79792,39.18197],[-122.80037,39.19174],[-122.79294,39.19186],[-122.79247,39.18545],[-122.78795,39.18555],[-122.78822,39.19193],[-122.78697,39.19195],[-122.78717,39.19407],[-122.77811,39.1938],[-122.77877,39.19828],[-122.77093,39.19767],[-122.77124,39.20099],[-122.76253,39.20108],[-122.76202,39.19751],[-122.76728,39.1974],[-122.76729,39.19377],[-122.75574,39.19412],[-122.75497,39.19153],[-122.75305,39.19151],[-122.75287,39.18708],[-122.76713,39.18659],[-122.76712,39.19168],[-122.77877,39.19195],[-122.77863,39.18593],[-122.78344,39.18566],[-122.78335,39.17585],[-122.79494,39.17541],[-122.79497,39.17173],[-122.79147,39.1719],[-122.7912,39.16827],[-122.78358,39.16873],[-122.78355,39.16983],[-122.77429,39.16973],[-122.7743,39.16616],[-122.76075,39.16607],[-122.76062,39.17316],[-122.76517,39.17321],[-122.76528,39.17672],[-122.75711,39.17664],[-122.75701,39.16959],[-122.74766,39.16941],[-122.74774,39.16587],[-122.75239,39.16596],[-122.75242,39.16236],[-122.76079,39.16241],[-122.76083,39.15875],[-122.76533,39.1587],[-122.7653,39.1624],[-122.78377,39.16262],[-122.78422,39.14783]]],[[[-122.81479,39.20948],[-122.81463,39.20412],[-122.8016,39.19917],[-122.8007,39.19173],[-122.8144,39.19178],[-122.81445,39.19481],[-122.81894,39.1952],[-122.81892,39.19861],[-122.82812,39.19881],[-122.82813,39.20228],[-122.85559,39.20226],[-122.85558,39.19904],[-122.86492,39.19918],[-122.865,39.20914],[-122.87434,39.20923],[-122.87419,39.21253],[-122.89333,39.2143],[-122.89331,39.21792],[-122.88862,39.21743],[-122.88861,39.221],[-122.88392,39.22046],[-122.88392,39.22408],[-122.86994,39.22312],[-122.86994,39.2195],[-122.86074,39.21977],[-122.86057,39.2162],[-122.85599,39.21629],[-122.85583,39.21267],[-122.85135,39.21276],[-122.85118,39.20573],[-122.84675,39.20599],[-122.84681,39.20942],[-122.8329,39.2091],[-122.83303,39.21243],[-122.82844,39.21181],[-122.82829,39.20878],[-122.81918,39.20817],[-122.81962,39.21537],[-122.82418,39.2166],[-122.82447,39.22316],[-122.82185,39.2233],[-122.8219,39.22589],[-122.81522,39.22473],[-122.81479,39.20948]],[[-122.81007,39.19705],[-122.80562,39.19626],[-122.80579,39.19854],[-122.81019,39.19976],[-122.81007,39.19705]]],[[[-122.99161,39.47384],[-122.98689,39.47387],[-122.9869,39.47757],[-122.98222,39.47758],[-122.98223,39.48127],[-122.97755,39.48126],[-122.97759,39.48488],[-122.97287,39.48484],[-122.97283,39.48121],[-122.96811,39.48117],[-122.96804,39.47752],[-122.96331,39.47748],[-122.96314,39.47019],[-122.95837,39.47016],[-122.95825,39.46281],[-122.95353,39.46276],[-122.95346,39.45906],[-122.97256,39.4593],[-122.97261,39.46656],[-122.98687,39.4666],[-122.98677,39.45922],[-122.99161,39.45915],[-122.99151,39.45557],[-122.9965,39.45556],[-122.99646,39.45908],[-123.00106,39.45923],[-123.00091,39.45208],[-122.99988,39.45007],[-122.99641,39.45012],[-122.99587,39.4482],[-122.99515,39.44821],[-122.99455,39.44539],[-122.99134,39.44539],[-122.99126,39.44123],[-123.00392,39.44135],[-123.00467,39.44832],[-123.00997,39.44848],[-123.01051,39.45217],[-123.03414,39.45244],[-123.0342,39.45974],[-123.02468,39.45972],[-123.02469,39.46341],[-123.01991,39.46342],[-123.01991,39.45971],[-123.01515,39.45969],[-123.01515,39.45596],[-123.00568,39.45576],[-123.00572,39.46312],[-123.00106,39.46296],[-123.00104,39.46668],[-122.99161,39.46656],[-122.99161,39.47384]],[[-122.96781,39.46289],[-122.96303,39.46285],[-122.96306,39.46654],[-122.96785,39.46655],[-122.96781,39.46289]]],[[[-122.72289,39.82918],[-122.72266,39.83273],[-122.71328,39.83276],[-122.71361,39.82545],[-122.70897,39.82538],[-122.70896,39.82184],[-122.69469,39.82154],[-122.69469,39.81444],[-122.69955,39.81457],[-122.69946,39.80007],[-122.7228,39.80024],[-122.72287,39.8075],[-122.71817,39.8076],[-122.71819,39.81475],[-122.72294,39.81478],[-122.72291,39.82193],[-122.7276,39.82198],[-122.72756,39.82556],[-122.7412,39.82541],[-122.74085,39.82889],[-122.73211,39.82915],[-122.7318,39.83283],[-122.72726,39.83287],[-122.72729,39.82917],[-122.72289,39.82918]],[[-122.7182,39.81832],[-122.71358,39.81832],[-122.71359,39.82186],[-122.71822,39.82188],[-122.7182,39.81832]]],[[[-122.86291,39.30507],[-122.86436,39.29215],[-122.86896,39.29216],[-122.86957,39.28469],[-122.87416,39.2847],[-122.87428,39.28296],[-122.88815,39.2831],[-122.88848,39.27928],[-122.88381,39.27927],[-122.8841,39.27548],[-122.89811,39.27545],[-122.89733,39.28686],[-122.88782,39.28691],[-122.88749,39.29073],[-122.88748,39.29438],[-122.89227,39.29441],[-122.89227,39.29621],[-122.89706,39.29623],[-122.89707,39.29982],[-122.89227,39.29983],[-122.89227,39.30165],[-122.88986,39.30166],[-122.88986,39.30348],[-122.88745,39.30349],[-122.88745,39.30532],[-122.86291,39.30507]]],[[[-122.79555,40.16111],[-122.79545,40.15748],[-122.79059,40.15762],[-122.79049,40.154],[-122.80021,40.15369],[-122.79995,40.14003],[-122.81429,40.14007],[-122.81432,40.14737],[-122.81938,40.14756],[-122.81939,40.16557],[-122.80989,40.16478],[-122.79565,40.16474],[-122.79555,40.16111]]],[[[-123.06755,39.46014],[-123.06765,39.4638],[-123.07242,39.46385],[-123.07306,39.47485],[-123.0683,39.4748],[-123.06858,39.47847],[-123.08286,39.47848],[-123.0826,39.47492],[-123.08735,39.47495],[-123.08761,39.47847],[-123.09237,39.47845],[-123.09253,39.48538],[-123.08778,39.4855],[-123.08788,39.48198],[-123.07837,39.48211],[-123.07816,39.48935],[-123.07341,39.48951],[-123.06865,39.48947],[-123.06876,39.4858],[-123.064,39.48576],[-123.06296,39.46742],[-123.05819,39.46737],[-123.05811,39.4637],[-123.04379,39.46352],[-123.04374,39.45986],[-123.04851,39.45992],[-123.04838,39.45259],[-123.05313,39.45264],[-123.05327,39.45998],[-123.06755,39.46014]]],[[[-122.92593,39.37038],[-122.92607,39.36313],[-122.94968,39.3634],[-122.94969,39.3627],[-122.94492,39.36265],[-122.94501,39.35899],[-122.95456,39.35903],[-122.95438,39.36712],[-122.95913,39.36716],[-122.95925,39.36348],[-122.97309,39.36347],[-122.9731,39.36719],[-122.96388,39.3672],[-122.9637,39.3709],[-122.95901,39.37084],[-122.95896,39.37448],[-122.94951,39.37441],[-122.94964,39.36707],[-122.9449,39.36701],[-122.94466,39.37807],[-122.9258,39.37763],[-122.92593,39.37038]]],[[[-122.85698,39.59875],[-122.85678,39.595],[-122.84281,39.59513],[-122.84264,39.58772],[-122.86694,39.58795],[-122.86669,39.58052],[-122.88131,39.58031],[-122.88101,39.58774],[-122.88586,39.58767],[-122.88555,39.5951],[-122.8667,39.59516],[-122.86657,39.5989],[-122.85698,39.59875]]],[[[-122.85384,39.32722],[-122.85364,39.32361],[-122.86282,39.32351],[-122.86271,39.31992],[-122.87248,39.31964],[-122.87242,39.31238],[-122.88234,39.31237],[-122.88226,39.31948],[-122.88714,39.3194],[-122.88923,39.32645],[-122.8892,39.33363],[-122.86763,39.33427],[-122.86761,39.32704],[-122.85384,39.32722]]],[[[-123.28524,40.32065],[-123.28499,40.314],[-123.27563,40.31418],[-123.27609,40.29937],[-123.2851,40.29956],[-123.28505,40.30678],[-123.30353,40.3065],[-123.30481,40.31019],[-123.31059,40.31028],[-123.31136,40.31395],[-123.30609,40.31389],[-123.30659,40.3176],[-123.30146,40.31754],[-123.30209,40.32116],[-123.28524,40.32065]]],[[[-122.77504,39.14044],[-122.77967,39.1405],[-122.77974,39.13697],[-122.77513,39.13696],[-122.77504,39.14044],[-122.76586,39.14037],[-122.76591,39.13695],[-122.77052,39.13695],[-122.77082,39.12622],[-122.77539,39.12626],[-122.77507,39.1228],[-122.77966,39.12281],[-122.77936,39.11933],[-122.78795,39.11944],[-122.78816,39.12287],[-122.79209,39.12292],[-122.79215,39.12981],[-122.7883,39.12984],[-122.78838,39.1263],[-122.78451,39.12631],[-122.78446,39.12987],[-122.77988,39.12987],[-122.77981,39.13345],[-122.78822,39.13338],[-122.78806,39.14046],[-122.7989,39.14019],[-122.79879,39.14372],[-122.78426,39.14419],[-122.78422,39.14783],[-122.77475,39.14774],[-122.77504,39.14044]]],[[[-122.98735,40.27249],[-122.9878,40.26534],[-123.00902,40.26764],[-123.00902,40.2752],[-123.00615,40.28696],[-122.98701,40.28688],[-122.98735,40.27249]]],[[[-122.6407,39.22958],[-122.65057,39.22958],[-122.65087,39.244],[-122.6555,39.24402],[-122.65559,39.24775],[-122.66028,39.24771],[-122.66025,39.244],[-122.665,39.24399],[-122.66502,39.24034],[-122.66986,39.2403],[-122.66985,39.23665],[-122.67928,39.23669],[-122.6792,39.24033],[-122.6747,39.24025],[-122.67474,39.2439],[-122.66987,39.24394],[-122.66981,39.24763],[-122.67465,39.24757],[-122.67456,39.25125],[-122.66494,39.25137],[-122.66492,39.25317],[-122.66028,39.25323],[-122.66027,39.25413],[-122.65795,39.2542],[-122.658,39.25145],[-122.65096,39.25142],[-122.65093,39.24957],[-122.64159,39.24946],[-122.64159,39.24581],[-122.63927,39.2458],[-122.63927,39.24398],[-122.64159,39.24398],[-122.6407,39.22958]]],[[[-122.66017,39.38543],[-122.6602,39.37815],[-122.66719,39.37813],[-122.66727,39.37448],[-122.66024,39.3745],[-122.66033,39.36721],[-122.66978,39.36719],[-122.66987,39.36355],[-122.66512,39.36356],[-122.66518,39.35993],[-122.67948,39.35954],[-122.67891,39.37764],[-122.68845,39.37668],[-122.6883,39.38051],[-122.67417,39.38175],[-122.66485,39.38177],[-122.66483,39.38542],[-122.66017,39.38543]],[[-122.67418,39.37811],[-122.67429,39.37447],[-122.67195,39.37447],[-122.67185,39.37812],[-122.67418,39.37811]]],[[[-122.81427,39.36923],[-122.8144,39.36264],[-122.83332,39.36273],[-122.83303,39.35902],[-122.85131,39.35936],[-122.85181,39.36278],[-122.84733,39.36277],[-122.84729,39.36632],[-122.83329,39.36625],[-122.83319,39.3768],[-122.81412,39.37646],[-122.81427,39.36923]]],[[[-122.90946,39.98236],[-122.90937,39.97512],[-122.90654,39.97469],[-122.90624,39.96699],[-122.90744,39.95666],[-122.91029,39.95725],[-122.90958,39.96427],[-122.91427,39.96437],[-122.91397,39.96781],[-122.92826,39.96795],[-122.92815,39.98245],[-122.90946,39.98236]]],[[[-122.93175,40.22667],[-122.93155,40.22284],[-122.95072,40.22285],[-122.95157,40.23698],[-122.93234,40.23843],[-122.93175,40.22667]]],[[[-122.87026,39.40994],[-122.87023,39.40611],[-122.88857,39.40617],[-122.88866,39.42143],[-122.87034,39.42142],[-122.87026,39.40994]]],[[[-123.34626,40.35409],[-123.3463,40.35044],[-123.36553,40.35037],[-123.36525,40.36494],[-123.34629,40.36499],[-123.34626,40.35409]]],[[[-122.98223,39.48127],[-122.98692,39.48127],[-122.98696,39.48485],[-122.99168,39.48479],[-122.99174,39.48841],[-122.99648,39.48839],[-122.99647,39.49579],[-123.00579,39.49643],[-123.00584,39.50381],[-122.99176,39.50303],[-122.99177,39.49941],[-122.98714,39.4994],[-122.98709,39.49577],[-122.9824,39.49576],[-122.98223,39.48127]]],[[[-122.89807,39.45514],[-122.89795,39.45169],[-122.89339,39.45165],[-122.89339,39.44793],[-122.9026,39.44798],[-122.9026,39.43682],[-122.88875,39.43674],[-122.88873,39.43291],[-122.90723,39.433],[-122.90722,39.43685],[-122.91193,39.43688],[-122.91187,39.4517],[-122.90181,39.45172],[-122.90198,39.45866],[-122.89822,39.45859],[-122.89807,39.45514]]],[[[-122.87545,40.18452],[-122.87559,40.18089],[-122.89375,40.18125],[-122.89454,40.19556],[-122.87534,40.19527],[-122.87545,40.18452]]],[[[-122.94581,40.13767],[-122.95055,40.13752],[-122.95057,40.15178],[-122.93165,40.15186],[-122.9316,40.13814],[-122.94581,40.13767]]],[[[-122.91182,39.32667],[-122.91148,39.31943],[-122.91634,39.31937],[-122.91637,39.31223],[-122.92607,39.31213],[-122.92609,39.31461],[-122.9308,39.3146],[-122.93073,39.32539],[-122.92606,39.3253],[-122.92606,39.33038],[-122.91681,39.33032],[-122.91666,39.32669],[-122.91182,39.32667]]],[[[-123.15719,40.22993],[-123.15725,40.22659],[-123.17565,40.2265],[-123.17552,40.24065],[-123.15702,40.23996],[-123.15719,40.22993]]],[[[-122.77134,39.22506],[-122.77139,39.22166],[-122.75394,39.22183],[-122.75388,39.2149],[-122.75834,39.2148],[-122.75821,39.21138],[-122.76728,39.2112],[-122.76728,39.21459],[-122.77929,39.21447],[-122.77929,39.2111],[-122.78331,39.21107],[-122.78349,39.21701],[-122.77942,39.21714],[-122.77962,39.22138],[-122.77546,39.22152],[-122.77554,39.22493],[-122.77134,39.22506]]],[[[-122.78358,39.24171],[-122.78375,39.2383],[-122.77952,39.23843],[-122.77995,39.2282],[-122.7886,39.22792],[-122.78825,39.23826],[-122.80635,39.23812],[-122.8064,39.24167],[-122.81106,39.24167],[-122.81111,39.24521],[-122.79271,39.24522],[-122.79268,39.24169],[-122.78358,39.24171]]],[[[-122.84803,39.68601],[-122.84867,39.68585],[-122.84803,39.68601],[-122.84921,39.67313],[-122.85431,39.6714],[-122.85445,39.6677],[-122.85912,39.66858],[-122.85868,39.67572],[-122.8543,39.6751],[-122.8532,39.69588],[-122.84806,39.69634],[-122.84775,39.70157],[-122.84335,39.7015],[-122.84367,39.68706],[-122.84803,39.68601]]],[[[-122.90094,39.67436],[-122.90105,39.67086],[-122.90572,39.67078],[-122.90588,39.66373],[-122.91052,39.66357],[-122.91045,39.66561],[-122.9149,39.66568],[-122.91513,39.65862],[-122.91962,39.65871],[-122.91922,39.66928],[-122.91479,39.66921],[-122.91423,39.68361],[-122.90982,39.68355],[-122.91013,39.67785],[-122.90082,39.67786],[-122.90094,39.67436]]],[[[-122.93774,39.77316],[-122.93773,39.7661],[-122.94731,39.76605],[-122.94724,39.76271],[-122.95196,39.76259],[-122.95166,39.75543],[-122.95619,39.7555],[-122.95644,39.75899],[-122.96117,39.75883],[-122.96095,39.75529],[-122.96571,39.75509],[-122.96611,39.76225],[-122.9614,39.76237],[-122.96162,39.7659],[-122.95693,39.76596],[-122.95717,39.76945],[-122.94257,39.76946],[-122.9425,39.77306],[-122.93774,39.77316]]],[[[-122.96646,39.84575],[-122.96643,39.84215],[-122.9616,39.84218],[-122.962,39.83423],[-122.976,39.83439],[-122.97558,39.84173],[-122.98514,39.84175],[-122.98517,39.84535],[-122.97107,39.8456],[-122.97116,39.85259],[-122.96642,39.85263],[-122.96646,39.84575]]],[[[-122.83653,39.34471],[-122.83652,39.34291],[-122.84531,39.3435],[-122.8453,39.34262],[-122.84639,39.3427],[-122.84638,39.34183],[-122.84529,39.34175],[-122.8453,39.3399],[-122.8464,39.33998],[-122.84642,39.33722],[-122.84753,39.33729],[-122.84754,39.33637],[-122.84975,39.33652],[-122.84973,39.33744],[-122.85196,39.33831],[-122.85193,39.34016],[-122.85306,39.34013],[-122.85314,39.341],[-122.85417,39.34102],[-122.85416,39.34195],[-122.86326,39.34171],[-122.8633,39.34532],[-122.86794,39.34525],[-122.86804,39.34891],[-122.87267,39.3489],[-122.87286,39.35247],[-122.8592,39.35249],[-122.85867,39.34538],[-122.83653,39.34471]]],[[[-123.03016,39.92663],[-123.03587,39.92628],[-123.03608,39.94075],[-123.02381,39.94153],[-123.02444,39.92697],[-123.03016,39.92663]]],[[[-122.65646,39.56277],[-122.65642,39.559],[-122.65827,39.55909],[-122.6584,39.55533],[-122.66108,39.55543],[-122.66112,39.55163],[-122.66586,39.5517],[-122.66579,39.55918],[-122.67529,39.55912],[-122.67522,39.5665],[-122.66091,39.56681],[-122.66098,39.56301],[-122.65646,39.56277]]],[[[-122.69266,39.92243],[-122.69259,39.9188],[-122.68351,39.919],[-122.68347,39.91545],[-122.69948,39.91531],[-122.69952,39.91138],[-122.704,39.91163],[-122.70406,39.91887],[-122.69941,39.91872],[-122.69959,39.92952],[-122.6928,39.92959],[-122.69266,39.92243]]],[[[-123.04505,40.23543],[-123.04529,40.23167],[-123.06494,40.23176],[-123.06508,40.23919],[-123.04481,40.2392],[-123.04505,40.23543]]],[[[-123.31313,40.33593],[-123.31313,40.3323],[-123.32737,40.33232],[-123.32737,40.3469],[-123.32263,40.34688],[-123.3226,40.34324],[-123.31787,40.34322],[-123.31787,40.33594],[-123.31313,40.33593]]],[[[-123.04669,39.83568],[-123.04683,39.8317],[-123.05622,39.83176],[-123.05606,39.84292],[-123.05668,39.8465],[-123.04715,39.84639],[-123.04669,39.83568]]],[[[-122.99311,39.82095],[-122.99304,39.81901],[-122.99183,39.81903],[-122.99168,39.81544],[-122.99986,39.81536],[-122.99989,39.81625],[-123.00449,39.8162],[-123.00456,39.80823],[-123.01408,39.80828],[-123.01417,39.81547],[-123.00933,39.81539],[-123.00935,39.819],[-123.00444,39.81886],[-123.00446,39.81797],[-122.99997,39.81803],[-122.99995,39.81892],[-122.9977,39.81895],[-122.99798,39.82297],[-122.99571,39.82299],[-122.99558,39.82099],[-122.99311,39.82095]]],[[[-122.76001,39.75765],[-122.77874,39.7567],[-122.77874,39.76395],[-122.76001,39.7649],[-122.76001,39.75765]]],[[[-122.70429,39.9333],[-122.7041,39.92245],[-122.71345,39.92267],[-122.71349,39.92638],[-122.71819,39.92642],[-122.71822,39.93006],[-122.70884,39.9301],[-122.70911,39.94056],[-122.70446,39.94035],[-122.70429,39.9333]]],[[[-122.70765,39.22992],[-122.70774,39.22628],[-122.71249,39.22626],[-122.71256,39.21919],[-122.72178,39.21953],[-122.72177,39.22677],[-122.71713,39.22651],[-122.71711,39.23009],[-122.72176,39.23038],[-122.72176,39.23415],[-122.71243,39.23362],[-122.71246,39.22979],[-122.70765,39.22992]]],[[[-122.6274,39.42927],[-122.62742,39.42201],[-122.63205,39.422],[-122.63208,39.41471],[-122.63672,39.4147],[-122.63667,39.42563],[-122.63204,39.42563],[-122.63201,39.4329],[-122.63663,39.4329],[-122.63662,39.43654],[-122.62738,39.43653],[-122.6274,39.42927]]],[[[-123.22594,40.27043],[-123.22599,40.2598],[-123.23063,40.25993],[-123.23067,40.25641],[-123.23544,40.25649],[-123.23543,40.26003],[-123.24023,40.26013],[-123.24026,40.26726],[-123.23062,40.26697],[-123.23063,40.27048],[-123.22594,40.27043]]],[[[-122.60872,39.45099],[-122.64572,39.45134],[-122.64577,39.45496],[-122.60911,39.45466],[-122.60872,39.45099]]],[[[-122.73954,39.13169],[-122.7398,39.12094],[-122.74437,39.12083],[-122.7443,39.1279],[-122.75346,39.12765],[-122.75349,39.12413],[-122.75807,39.12404],[-122.75802,39.12758],[-122.76258,39.12751],[-122.76249,39.13117],[-122.73954,39.13169]]],[[[-122.67245,39.8505],[-122.68594,39.85029],[-122.68575,39.86441],[-122.6816,39.86441],[-122.68165,39.85775],[-122.67261,39.8578],[-122.67245,39.8505]]],[[[-122.76991,39.11595],[-122.76539,39.11599],[-122.76545,39.11674],[-122.76272,39.11681],[-122.76273,39.11322],[-122.75357,39.11344],[-122.75365,39.10985],[-122.76933,39.1091],[-122.76961,39.11253],[-122.77413,39.11247],[-122.77476,39.11935],[-122.77022,39.11937],[-122.76991,39.11595]]],[[[-122.88542,39.46887],[-122.88514,39.46525],[-122.88983,39.46525],[-122.88957,39.46184],[-122.90672,39.46212],[-122.90682,39.46559],[-122.89852,39.4655],[-122.89868,39.469],[-122.88542,39.46887]]],[[[-122.95444,39.29992],[-122.95459,39.30719],[-122.94483,39.30721],[-122.94484,39.2927],[-122.94957,39.29271],[-122.94956,39.2999],[-122.95444,39.29992]]],[[[-122.85553,39.24465],[-122.85553,39.24102],[-122.86019,39.24102],[-122.86019,39.23378],[-122.86485,39.23378],[-122.86485,39.24102],[-122.86951,39.24102],[-122.86951,39.24827],[-122.86485,39.24827],[-122.86485,39.24465],[-122.85553,39.24465]]],[[[-122.85288,39.84336],[-122.85277,39.83978],[-122.85741,39.83972],[-122.85726,39.83611],[-122.86194,39.83602],[-122.86217,39.84331],[-122.86678,39.84329],[-122.86686,39.84653],[-122.85282,39.84698],[-122.85288,39.84336]]],[[[-122.69396,39.31239],[-122.70181,39.31192],[-122.70185,39.31927],[-122.69269,39.32008],[-122.69324,39.32348],[-122.68837,39.32379],[-122.68822,39.31662],[-122.69332,39.31623],[-122.69396,39.31239]]],[[[-122.79305,39.82942],[-122.79304,39.81859],[-122.79727,39.81832],[-122.79763,39.82568],[-122.81027,39.82506],[-122.81025,39.82866],[-122.79305,39.82942]]],[[[-123.03323,39.79873],[-123.03315,39.8021],[-123.0285,39.8017],[-123.02846,39.80516],[-123.01651,39.80479],[-123.0165,39.79952],[-123.02384,39.79952],[-123.02383,39.79775],[-123.03323,39.79873]]],[[[-122.65115,39.26337],[-122.65091,39.25686],[-122.66023,39.25684],[-122.66021,39.25864],[-122.66254,39.2586],[-122.66264,39.26094],[-122.66031,39.26099],[-122.66052,39.26567],[-122.65359,39.26574],[-122.65351,39.26418],[-122.6512,39.26415],[-122.65115,39.26337]]],[[[-122.81414,39.29006],[-122.81412,39.28643],[-122.81872,39.28634],[-122.81874,39.28998],[-122.82334,39.2899],[-122.82322,39.29717],[-122.81416,39.29732],[-122.81414,39.29006]]],[[[-122.68391,39.26262],[-122.68369,39.25829],[-122.67899,39.25845],[-122.67903,39.25487],[-122.68879,39.25496],[-122.6891,39.25851],[-122.69421,39.25872],[-122.69435,39.26239],[-122.68391,39.26262]]],[[[-123.2177,40.35325],[-123.21759,40.34942],[-123.22238,40.34945],[-123.22222,40.34549],[-123.22697,40.34544],[-123.22766,40.35747],[-123.2227,40.35716],[-123.22254,40.35331],[-123.2177,40.35325]]],[[[-122.70765,39.22992],[-122.70764,39.23362],[-122.68731,39.23318],[-122.68713,39.22951],[-122.70765,39.22992]]],[[[-122.92401,39.72973],[-122.92399,39.72602],[-122.93088,39.72637],[-122.93085,39.73718],[-122.92406,39.73709],[-122.92401,39.72973]]],[[[-123.11301,40.00837],[-123.11209,40.00457],[-123.11671,40.00486],[-123.11905,40.01268],[-123.11917,40.01998],[-123.11414,40.01982],[-123.11392,40.01216],[-123.11301,40.00837]]],[[[-123.06938,40.20673],[-123.06918,40.20297],[-123.07934,40.2031],[-123.07956,40.21038],[-123.06957,40.21048],[-123.06938,40.20673]]],[[[-123.07884,40.24666],[-123.07936,40.24296],[-123.08404,40.24304],[-123.08472,40.23929],[-123.08942,40.23931],[-123.08911,40.243],[-123.09418,40.24296],[-123.09425,40.24659],[-123.07884,40.24666]]],[[[-122.97495,40.32491],[-122.97513,40.32133],[-122.97742,40.3214],[-122.97753,40.31948],[-122.97996,40.31955],[-122.98008,40.31665],[-122.98485,40.3167],[-122.98484,40.31769],[-122.98724,40.31773],[-122.98725,40.31872],[-122.99199,40.31871],[-122.99199,40.32069],[-122.98727,40.32072],[-122.9873,40.32371],[-122.9848,40.32361],[-122.98482,40.32164],[-122.98112,40.32152],[-122.98106,40.32346],[-122.97981,40.32341],[-122.97974,40.32516],[-122.97495,40.32491]]],[[[-123.05918,40.19521],[-123.05925,40.19163],[-123.06393,40.19171],[-123.06439,40.20672],[-123.0596,40.20658],[-123.05918,40.19521]]],[[[-122.71127,39.46619],[-122.7128,39.46237],[-122.72747,39.46202],[-122.72589,39.46574],[-122.71602,39.46608],[-122.71616,39.46962],[-122.71123,39.46973],[-122.71127,39.46619]]],[[[-122.66933,39.44747],[-122.66936,39.44383],[-122.6646,39.44391],[-122.66463,39.44022],[-122.67959,39.44004],[-122.6795,39.4437],[-122.67413,39.44374],[-122.6741,39.44737],[-122.66933,39.44747]]],[[[-122.7029,39.24409],[-122.70289,39.24065],[-122.71237,39.24126],[-122.71251,39.24891],[-122.70311,39.24811],[-122.7029,39.24409]]],[[[-122.87615,39.60272],[-122.87602,39.59894],[-122.88077,39.59895],[-122.88082,39.60277],[-122.88549,39.60281],[-122.88543,39.61052],[-122.88093,39.61049],[-122.88088,39.60663],[-122.87629,39.60659],[-122.87615,39.60272]]],[[[-122.93543,39.34793],[-122.93523,39.34426],[-122.9449,39.34434],[-122.94505,39.34801],[-122.94991,39.34804],[-122.94997,39.35175],[-122.94042,39.35163],[-122.94024,39.34797],[-122.93543,39.34793]]],[[[-122.70434,39.83617],[-122.69481,39.83609],[-122.69471,39.82874],[-122.70432,39.82888],[-122.70434,39.83617]]],[[[-122.66771,39.26789],[-122.66776,39.26566],[-122.66991,39.26553],[-122.66985,39.2643],[-122.67929,39.26423],[-122.67938,39.26581],[-122.68406,39.2656],[-122.68424,39.26901],[-122.66768,39.26921],[-122.66771,39.26789]]],[[[-123.2222,40.29617],[-123.22216,40.29435],[-123.2198,40.29423],[-123.21976,40.29241],[-123.21505,40.29216],[-123.21501,40.29031],[-123.20323,40.29008],[-123.2032,40.28818],[-123.20438,40.2882],[-123.20436,40.28726],[-123.20554,40.28728],[-123.20553,40.28634],[-123.20788,40.2864],[-123.20791,40.28827],[-123.22085,40.28873],[-123.2209,40.2906],[-123.22441,40.29077],[-123.2245,40.2945],[-123.22566,40.29457],[-123.22568,40.2955],[-123.22452,40.29542],[-123.22454,40.29634],[-123.2222,40.29617]]],[[[-123.0423,39.86411],[-123.04293,39.86055],[-123.04778,39.86067],[-123.04857,39.85709],[-123.04809,39.85352],[-123.05301,39.8536],[-123.05357,39.85719],[-123.05168,39.86437],[-123.0423,39.86411]]],[[[-123.00753,40.238],[-123.00753,40.23395],[-123.02602,40.23549],[-123.02601,40.23895],[-123.00753,40.238]]],[[[-122.78387,39.80417],[-122.78862,39.8042],[-122.78819,39.8005],[-122.7935,39.80052],[-122.79333,39.80783],[-122.78867,39.80781],[-122.78867,39.81144],[-122.78416,39.81143],[-122.78387,39.80417]]],[[[-122.6407,39.22958],[-122.63577,39.22958],[-122.63595,39.21524],[-122.64067,39.2152],[-122.6407,39.22958]]],[[[-123.03564,40.3802],[-123.05457,40.38012],[-123.05472,40.38649],[-123.05524,40.38682],[-123.05092,40.38611],[-123.03564,40.3802]]],[[[-122.99521,39.85948],[-122.99517,39.85595],[-123.00013,39.85594],[-123.00009,39.85238],[-123.00505,39.85235],[-123.00509,39.85593],[-123.0097,39.85588],[-123.00972,39.85944],[-122.99521,39.85948]]],[[[-122.63791,39.54066],[-122.6381,39.53332],[-122.65195,39.53344],[-122.65191,39.53721],[-122.64269,39.53715],[-122.64249,39.54065],[-122.63791,39.54066]]],[[[-122.79071,39.3517],[-122.79067,39.34806],[-122.79536,39.34804],[-122.79554,39.36263],[-122.79083,39.36267],[-122.79071,39.3517]]],[[[-122.96671,39.2678],[-122.9716,39.2677],[-122.97126,39.26422],[-122.97584,39.2642],[-122.97649,39.2676],[-122.98134,39.26749],[-122.98234,39.27082],[-122.96674,39.27136],[-122.96671,39.2678]]],[[[-122.87507,39.44412],[-122.87504,39.44038],[-122.87047,39.44035],[-122.87043,39.43661],[-122.88417,39.43671],[-122.88419,39.44045],[-122.87961,39.44041],[-122.87963,39.44415],[-122.87507,39.44412]]],[[[-122.65976,39.46602],[-122.67877,39.46591],[-122.67886,39.46959],[-122.66032,39.46962],[-122.65976,39.46602]]],[[[-122.85663,40.12879],[-122.85664,40.12518],[-122.87558,40.12497],[-122.87556,40.12857],[-122.85663,40.12879]]],[[[-122.70434,39.83617],[-122.70883,39.83606],[-122.70884,39.84333],[-122.69484,39.84322],[-122.69487,39.83952],[-122.70431,39.83945],[-122.70434,39.83617]]],[[[-123.09408,40.19933],[-123.09409,40.19562],[-123.10329,40.19559],[-123.10344,40.20286],[-123.09407,40.20302],[-123.09408,40.19933]]],[[[-122.89765,39.34102],[-122.89806,39.33739],[-122.90738,39.33747],[-122.90774,39.33386],[-122.91235,39.33391],[-122.91186,39.34113],[-122.89765,39.34102]]],[[[-122.94735,39.70536],[-122.94735,39.69821],[-122.96167,39.69817],[-122.96184,39.70167],[-122.95214,39.70175],[-122.95215,39.7053],[-122.94735,39.70536]]],[[[-123.26004,40.34726],[-123.25971,40.34365],[-123.26475,40.34374],[-123.26491,40.33615],[-123.26943,40.33672],[-123.26939,40.34742],[-123.26004,40.34726]]],[[[-122.65976,39.46602],[-122.65515,39.46601],[-122.65511,39.4624],[-122.64587,39.46221],[-122.64582,39.45859],[-122.65975,39.45871],[-122.65976,39.46602]]],[[[-122.66633,39.58847],[-122.66636,39.58484],[-122.68503,39.58473],[-122.68501,39.58838],[-122.66633,39.58847]]],[[[-122.67165,39.807],[-122.67622,39.80675],[-122.67614,39.80304],[-122.68092,39.80305],[-122.68107,39.81408],[-122.67636,39.81408],[-122.67628,39.81025],[-122.67162,39.81023],[-122.67165,39.807]]],[[[-122.99161,39.47384],[-123.00574,39.47422],[-123.00573,39.47792],[-122.99633,39.47744],[-122.99633,39.48109],[-122.99163,39.48118],[-122.99161,39.47384]]],[[[-122.98272,39.28191],[-122.9827,39.28553],[-122.97328,39.28554],[-122.97331,39.28193],[-122.96859,39.28194],[-122.96862,39.27833],[-122.97804,39.2784],[-122.97802,39.28192],[-122.98272,39.28191]]],[[[-122.7672,39.38327],[-122.76723,39.37971],[-122.77649,39.37961],[-122.77646,39.38306],[-122.77183,39.38317],[-122.77181,39.39073],[-122.76715,39.39078],[-122.7672,39.38327]]],[[[-122.58331,39.41666],[-122.58331,39.41485],[-122.59027,39.41482],[-122.59027,39.41664],[-122.59723,39.41662],[-122.59725,39.42207],[-122.59957,39.42206],[-122.59958,39.42566],[-122.59493,39.42567],[-122.59492,39.42026],[-122.59027,39.42027],[-122.59027,39.41846],[-122.58562,39.41847],[-122.58563,39.41665],[-122.58331,39.41666]]],[[[-122.95668,39.74454],[-122.95684,39.74098],[-122.96638,39.74111],[-122.96604,39.7481],[-122.95652,39.7481],[-122.95668,39.74454]]],[[[-122.80192,39.25584],[-122.80189,39.2523],[-122.81128,39.25269],[-122.81133,39.25985],[-122.80194,39.25947],[-122.80192,39.25584]]],[[[-122.92564,39.47627],[-122.92559,39.47275],[-122.93497,39.47328],[-122.93512,39.48412],[-122.93044,39.48376],[-122.93033,39.47657],[-122.92564,39.47627]]],[[[-122.78387,39.80417],[-122.77927,39.80414],[-122.77951,39.80777],[-122.775,39.80771],[-122.77474,39.80411],[-122.76994,39.80407],[-122.76972,39.80044],[-122.78373,39.80054],[-122.78387,39.80417]]],[[[-122.82733,39.18192],[-122.82733,39.17831],[-122.83195,39.17837],[-122.83195,39.182],[-122.83657,39.18208],[-122.83656,39.18935],[-122.83194,39.18926],[-122.83194,39.18563],[-122.82732,39.18554],[-122.82733,39.18192]]],[[[-122.98563,39.78009],[-122.99036,39.78011],[-122.99041,39.77656],[-122.99516,39.77654],[-122.99509,39.78012],[-122.99988,39.78009],[-122.99981,39.78365],[-122.98559,39.78361],[-122.98563,39.78009]]],[[[-122.61837,39.35986],[-122.61837,39.35626],[-122.62767,39.35625],[-122.62763,39.36349],[-122.61838,39.36344],[-122.61837,39.35986]]],[[[-123.00001,39.94944],[-123.00001,39.94579],[-123.01398,39.94549],[-123.01394,39.94914],[-123.00418,39.94957],[-123.00425,39.95299],[-123.00001,39.95286],[-123.00001,39.94944]]],[[[-122.84483,40.01717],[-122.84483,40.01342],[-122.84934,40.01352],[-122.84925,40.02832],[-122.84474,40.02829],[-122.84483,40.01717]]],[[[-122.93158,40.35087],[-122.94512,40.35109],[-122.94551,40.35832],[-122.94084,40.35829],[-122.94077,40.35465],[-122.93155,40.35455],[-122.93158,40.35087]]],[[[-123.04219,39.77406],[-123.04217,39.77046],[-123.06043,39.77095],[-123.06045,39.77463],[-123.04219,39.77406]]],[[[-123.00001,39.7978],[-123.00001,39.79424],[-123.00452,39.79422],[-123.0045,39.79073],[-123.0093,39.79068],[-123.0093,39.80126],[-123.00455,39.80124],[-123.00455,39.7978],[-123.00001,39.7978]]],[[[-122.89262,39.37373],[-122.89245,39.37012],[-122.89701,39.37014],[-122.89721,39.37377],[-122.90181,39.3738],[-122.90215,39.38102],[-122.89751,39.38097],[-122.89742,39.37739],[-122.89278,39.37735],[-122.89262,39.37373]]],[[[-122.71227,39.19633],[-122.71227,39.19427],[-122.7214,39.1942],[-122.7214,39.20145],[-122.71227,39.20152],[-122.71227,39.19633]]],[[[-122.69289,39.47702],[-122.69297,39.47337],[-122.7112,39.47327],[-122.71175,39.47675],[-122.69289,39.47702]]],[[[-122.81877,39.34448],[-122.80504,39.34446],[-122.80505,39.34083],[-122.80977,39.34085],[-122.80977,39.33722],[-122.8143,39.33724],[-122.81431,39.34087],[-122.81875,39.34085],[-122.81877,39.34448]]],[[[-122.90122,39.66039],[-122.90127,39.65343],[-122.91066,39.65294],[-122.9106,39.66006],[-122.90122,39.66039]]],[[[-123.02464,39.41519],[-123.03368,39.41537],[-123.03349,39.42274],[-123.02452,39.42248],[-123.02464,39.41519]]],[[[-122.63324,39.28119],[-122.63351,39.27758],[-122.65195,39.27758],[-122.65173,39.28112],[-122.63324,39.28119]]],[[[-122.63461,39.82834],[-122.63011,39.82837],[-122.63003,39.82112],[-122.62556,39.82101],[-122.62554,39.8174],[-122.63443,39.8174],[-122.63461,39.82834]]],[[[-122.86202,39.78292],[-122.86118,39.77936],[-122.87053,39.77928],[-122.87115,39.78284],[-122.87079,39.78986],[-122.86619,39.78993],[-122.86659,39.78287],[-122.86202,39.78292]]],[[[-122.92352,39.68734],[-122.92341,39.6838],[-122.92817,39.68392],[-122.9282,39.69825],[-122.92387,39.698],[-122.92352,39.68734]]],[[[-122.74583,39.82178],[-122.75006,39.82164],[-122.74987,39.82519],[-122.75926,39.82519],[-122.75884,39.82877],[-122.74499,39.82878],[-122.74583,39.82178]]],[[[-123.01648,40.38033],[-123.01644,40.37675],[-123.03065,40.37667],[-123.03069,40.37886],[-123.02702,40.37927],[-123.02077,40.38343],[-123.01805,40.38314],[-123.0165,40.38186],[-123.01648,40.38033]]],[[[-123.03309,39.76288],[-123.03315,39.75937],[-123.04213,39.75969],[-123.04216,39.76686],[-123.03302,39.76643],[-123.03309,39.76288]]],[[[-122.73522,39.20497],[-122.73509,39.20134],[-122.74875,39.20123],[-122.74909,39.20811],[-122.7445,39.20828],[-122.74435,39.20477],[-122.73522,39.20497]]],[[[-122.66163,39.12737],[-122.66172,39.12389],[-122.68024,39.12409],[-122.6801,39.12754],[-122.66163,39.12737]]],[[[-122.71189,39.13926],[-122.71213,39.13216],[-122.72121,39.13213],[-122.72104,39.13567],[-122.71652,39.13569],[-122.71623,39.14278],[-122.71177,39.14281],[-122.71189,39.13926]]],[[[-122.88618,40.2915],[-122.88616,40.29036],[-122.89536,40.29038],[-122.89547,40.29727],[-122.88622,40.29728],[-122.88618,40.2915]]],[[[-122.91979,39.27084],[-122.91988,39.26726],[-122.92441,39.26733],[-122.9244,39.2603],[-122.92897,39.26037],[-122.92872,39.27099],[-122.91979,39.27084]]],[[[-122.90362,40.14913],[-122.9037,40.14223],[-122.90828,40.14209],[-122.90824,40.14896],[-122.91286,40.1488],[-122.91285,40.15222],[-122.90357,40.15258],[-122.90362,40.14913]]],[[[-122.94974,39.61488],[-122.94975,39.61152],[-122.95918,39.6116],[-122.95917,39.61828],[-122.94972,39.61824],[-122.94974,39.61488]]],[[[-122.83544,39.603],[-122.83508,39.59935],[-122.82687,39.59962],[-122.82663,39.59603],[-122.83877,39.59541],[-122.83961,39.60279],[-122.83544,39.603]]],[[[-123.03285,39.88847],[-123.03249,39.88502],[-123.04131,39.88549],[-123.04225,39.89217],[-123.0332,39.89191],[-123.03285,39.88847]]],[[[-122.72475,39.36149],[-122.7249,39.35818],[-122.74392,39.35878],[-122.74376,39.36176],[-122.72475,39.36149]]],[[[-122.70762,39.67371],[-122.708,39.67081],[-122.71717,39.67105],[-122.7167,39.67762],[-122.7072,39.67699],[-122.70762,39.67371]]],[[[-123.05862,39.83719],[-123.05848,39.82809],[-123.06555,39.82822],[-123.06546,39.83563],[-123.06316,39.83551],[-123.06313,39.83738],[-123.05862,39.83719]]],[[[-122.7185,39.83639],[-122.72286,39.83603],[-122.72274,39.84981],[-122.71833,39.84973],[-122.7185,39.83639]]],[[[-122.75146,39.93353],[-122.75143,39.93101],[-122.75621,39.93251],[-122.75614,39.94447],[-122.75155,39.94444],[-122.75146,39.93353]]],[[[-122.87403,39.77209],[-122.87351,39.76877],[-122.87768,39.7688],[-122.87991,39.7827],[-122.87572,39.78277],[-122.87403,39.77209]]],[[[-122.71668,39.62137],[-122.72143,39.62125],[-122.72279,39.6249],[-122.70614,39.62483],[-122.70461,39.62167],[-122.71668,39.62137]]],[[[-123.12357,40.23541],[-123.12431,40.23201],[-123.14016,40.23277],[-123.14001,40.23626],[-123.12357,40.23541]]],[[[-122.74848,39.27916],[-122.74862,39.27548],[-122.75338,39.27549],[-122.75139,39.27137],[-122.75612,39.27127],[-122.75814,39.2755],[-122.75811,39.27914],[-122.74848,39.27916]]],[[[-122.9951,39.84886],[-122.99507,39.84521],[-123.00001,39.84513],[-123.00001,39.84145],[-123.00492,39.84135],[-123.00501,39.84877],[-122.9951,39.84886]]],[[[-122.98247,39.37089],[-122.98243,39.36716],[-122.98712,39.36725],[-122.98708,39.36356],[-122.99174,39.36363],[-122.99186,39.37103],[-122.98247,39.37089]]],[[[-122.62748,39.40376],[-122.62749,39.4001],[-122.63678,39.40008],[-122.63676,39.4074],[-122.63211,39.40742],[-122.63212,39.40375],[-122.62748,39.40376]]],[[[-122.95739,39.92594],[-122.95749,39.91883],[-122.96699,39.91887],[-122.96699,39.92241],[-122.96221,39.9224],[-122.96219,39.92594],[-122.95739,39.92594]]],[[[-122.91187,39.39544],[-122.91184,39.39185],[-122.92129,39.3919],[-122.92131,39.39906],[-122.91662,39.39905],[-122.9166,39.39546],[-122.91187,39.39544]]],[[[-123.04273,39.6486],[-123.04268,39.65572],[-123.03801,39.65571],[-123.03803,39.65215],[-123.03336,39.65215],[-123.03338,39.64859],[-123.04273,39.6486]]],[[[-122.76176,39.26137],[-122.76033,39.25784],[-122.75775,39.25838],[-122.75743,39.25654],[-122.75952,39.25584],[-122.76904,39.25586],[-122.77087,39.2594],[-122.76592,39.25941],[-122.76679,39.26131],[-122.76176,39.26137]]],[[[-122.63411,39.11986],[-122.63409,39.11635],[-122.63873,39.11646],[-122.63871,39.12698],[-122.63414,39.12689],[-122.63411,39.11986]]],[[[-123.06769,40.38752],[-123.05954,40.38731],[-123.05949,40.38373],[-123.06434,40.3837],[-123.06432,40.38012],[-123.06854,40.38055],[-123.06834,40.38775],[-123.06769,40.38752]]],[[[-123.22442,40.39179],[-123.22455,40.38994],[-123.22683,40.38994],[-123.2269,40.38902],[-123.22804,40.38901],[-123.22826,40.38624],[-123.23529,40.38628],[-123.2351,40.38905],[-123.23389,40.38904],[-123.23368,40.39181],[-123.22442,40.39179]]],[[[-123.28125,40.33586],[-123.28125,40.33224],[-123.28713,40.33227],[-123.28713,40.33589],[-123.28948,40.33591],[-123.28949,40.33771],[-123.29185,40.33771],[-123.29185,40.33952],[-123.28713,40.3395],[-123.28713,40.3377],[-123.28242,40.33766],[-123.28243,40.33587],[-123.28125,40.33586]]],[[[-122.9751,39.35711],[-122.97501,39.35526],[-122.97264,39.35527],[-122.97244,39.35155],[-122.98196,39.35151],[-122.9821,39.35521],[-122.97737,39.35524],[-122.97745,39.35709],[-122.9751,39.35711]]],[[[-122.91501,39.57772],[-122.91512,39.57412],[-122.92503,39.57454],[-122.92497,39.57816],[-122.91501,39.57772]]],[[[-122.77579,40.15446],[-122.78077,40.15432],[-122.78098,40.16148],[-122.77607,40.16157],[-122.77579,40.15446]]],[[[-122.80958,40.13277],[-122.80952,40.12908],[-122.81911,40.12911],[-122.81913,40.13279],[-122.80958,40.13277]]],[[[-122.79746,39.6576],[-122.79724,39.65389],[-122.80183,39.65397],[-122.80273,39.66118],[-122.79768,39.6613],[-122.79746,39.6576]]],[[[-122.95444,39.29992],[-122.95437,39.29632],[-122.9639,39.29636],[-122.96405,39.29996],[-122.95444,39.29992]]],[[[-122.95252,39.64496],[-122.95253,39.64143],[-122.95737,39.6415],[-122.9574,39.64854],[-122.95252,39.64849],[-122.95252,39.64496]]],[[[-122.88102,39.84675],[-122.88563,39.84669],[-122.88587,39.85393],[-122.88111,39.85401],[-122.88102,39.84675]]],[[[-122.64259,39.55836],[-122.64225,39.55476],[-122.65166,39.55511],[-122.6518,39.55879],[-122.64259,39.55836]]],[[[-122.99199,39.51023],[-122.99188,39.50663],[-122.99652,39.50663],[-122.99669,39.5139],[-122.99197,39.51389],[-122.99199,39.51023]]],[[[-122.97638,39.76593],[-122.97662,39.76238],[-122.98603,39.76249],[-122.98588,39.76602],[-122.97638,39.76593]]],[[[-123.02578,40.37313],[-123.02503,40.36983],[-123.03512,40.36974],[-123.0354,40.37315],[-123.02578,40.37313]]],[[[-122.80028,39.36953],[-122.80032,39.36608],[-122.80985,39.36609],[-122.80978,39.36955],[-122.80028,39.36953]]],[[[-122.68371,39.92966],[-122.68378,39.93318],[-122.67447,39.93306],[-122.67442,39.92953],[-122.68371,39.92966]]],[[[-122.88148,39.49764],[-122.8861,39.49743],[-122.88611,39.50097],[-122.87698,39.50136],[-122.87685,39.49784],[-122.88148,39.49764]]],[[[-122.68371,39.92966],[-122.68354,39.92256],[-122.6881,39.92249],[-122.68825,39.92963],[-122.68371,39.92966]]],[[[-122.87001,39.37625],[-122.86997,39.37446],[-122.87109,39.37447],[-122.87105,39.37269],[-122.87218,39.3727],[-122.87216,39.37181],[-122.87328,39.37181],[-122.87326,39.37092],[-122.87439,39.37092],[-122.87437,39.37003],[-122.87549,39.37003],[-122.87547,39.36914],[-122.87884,39.36916],[-122.87882,39.36826],[-122.88107,39.36827],[-122.88104,39.36737],[-122.88216,39.36737],[-122.88214,39.36647],[-122.88438,39.36648],[-122.88443,39.36738],[-122.88778,39.3674],[-122.88781,39.3683],[-122.88219,39.36827],[-122.88222,39.36917],[-122.88109,39.36917],[-122.88112,39.37007],[-122.87888,39.37003],[-122.8789,39.37095],[-122.87552,39.37093],[-122.87554,39.37183],[-122.87441,39.37182],[-122.87446,39.37361],[-122.87222,39.37449],[-122.87224,39.37539],[-122.87111,39.37538],[-122.87113,39.37628],[-122.87001,39.37625]]],[[[-122.74498,39.22576],[-122.74962,39.22526],[-122.74967,39.23215],[-122.74505,39.23278],[-122.74498,39.22576]]],[[[-122.69911,39.6455],[-122.69902,39.64252],[-122.70354,39.64254],[-122.70381,39.64959],[-122.69922,39.64958],[-122.69911,39.6455]]],[[[-123.04241,39.34654],[-123.04215,39.33957],[-123.04664,39.33971],[-123.04698,39.34661],[-123.04241,39.34654]]],[[[-122.88792,39.64369],[-122.8882,39.64019],[-122.89714,39.63991],[-122.89699,39.64335],[-122.88792,39.64369]]],[[[-122.69598,39.27649],[-122.70174,39.27548],[-122.70175,39.27911],[-122.69269,39.27995],[-122.69283,39.27704],[-122.69598,39.27649]]],[[[-123.15874,40.26402],[-123.15877,40.26315],[-123.15762,40.26311],[-123.15765,40.26223],[-123.15879,40.26227],[-123.15889,40.25877],[-123.16457,40.25894],[-123.16456,40.2616],[-123.1657,40.26164],[-123.16568,40.26253],[-123.16106,40.26323],[-123.16104,40.26411],[-123.15874,40.26402]]],[[[-122.85027,40.04733],[-122.84972,40.04323],[-122.855,40.04375],[-122.85609,40.04831],[-122.85027,40.04733]]],[[[-123.09604,39.44972],[-123.09512,39.44526],[-123.1001,39.44547],[-123.10088,39.4498],[-123.09604,39.44972]]],[[[-122.9149,39.8201],[-122.9147,39.81656],[-122.92047,39.8166],[-122.92063,39.82011],[-122.9149,39.8201]]],[[[-122.88374,39.76507],[-122.88359,39.76149],[-122.88864,39.7614],[-122.88879,39.76526],[-122.88374,39.76507]]],[[[-122.73464,39.34083],[-122.73928,39.34088],[-122.73942,39.34489],[-122.73473,39.3447],[-122.73464,39.34083]]],[[[-122.88102,39.84675],[-122.8763,39.8468],[-122.87609,39.84316],[-122.88102,39.84307],[-122.88102,39.84675]]],[[[-123.06755,39.46014],[-123.06746,39.45647],[-123.07222,39.45652],[-123.07232,39.46019],[-123.06755,39.46014]]],[[[-122.97763,39.42232],[-122.97762,39.41859],[-122.98231,39.41854],[-122.98237,39.42221],[-122.97763,39.42232]]],[[[-122.90664,39.29799],[-122.91148,39.29785],[-122.91152,39.30145],[-122.90668,39.30158],[-122.90664,39.29799]]],[[[-122.70139,39.72674],[-122.70134,39.72304],[-122.70607,39.72306],[-122.70607,39.72674],[-122.70139,39.72674]]],[[[-122.83792,39.95728],[-122.83776,39.96091],[-122.83318,39.96125],[-122.83333,39.95731],[-122.83792,39.95728]]],[[[-122.93067,39.28567],[-122.93068,39.28201],[-122.93543,39.28198],[-122.9354,39.28562],[-122.93067,39.28567]]],[[[-122.6555,39.24402],[-122.6555,39.24041],[-122.66026,39.24038],[-122.66025,39.244],[-122.6555,39.24402]]],[[[-123.00542,39.8991],[-123.00551,39.89551],[-123.01025,39.89543],[-123.01028,39.89899],[-123.00542,39.8991]]],[[[-122.99633,39.48109],[-123.00103,39.48135],[-123.00108,39.48502],[-122.99642,39.48473],[-122.99633,39.48109]]],[[[-123.00131,39.51437],[-123.0013,39.51067],[-123.0059,39.51113],[-123.00593,39.51484],[-123.00131,39.51437]]],[[[-122.76873,39.85028],[-122.76871,39.84664],[-122.77331,39.84663],[-122.77344,39.85028],[-122.76873,39.85028]]],[[[-122.95913,39.50289],[-122.95903,39.49926],[-122.96371,39.49929],[-122.96379,39.50292],[-122.95913,39.50289]]],[[[-122.95932,39.51016],[-122.95922,39.50653],[-122.96387,39.50655],[-122.96396,39.51019],[-122.95932,39.51016]]],[[[-122.73459,39.33721],[-122.73454,39.33359],[-122.73916,39.33354],[-122.73922,39.33721],[-122.73459,39.33721]]],[[[-122.98665,39.7414],[-122.98662,39.73783],[-122.99127,39.73774],[-122.99139,39.74132],[-122.98665,39.7414]]],[[[-123.11619,39.48906],[-123.11626,39.48555],[-123.12101,39.48575],[-123.12094,39.4893],[-123.11619,39.48906]]],[[[-122.7879,39.87547],[-122.78776,39.87195],[-122.79252,39.87191],[-122.79262,39.87546],[-122.7879,39.87547]]],[[[-122.82129,39.2517],[-122.82139,39.24805],[-122.82606,39.24826],[-122.8261,39.25167],[-122.82129,39.2517]]],[[[-123.04273,39.6486],[-123.04276,39.64503],[-123.04744,39.64505],[-123.04741,39.64861],[-123.04273,39.6486]]],[[[-122.72996,39.3372],[-122.73459,39.33721],[-122.73464,39.34083],[-122.73,39.34077],[-122.72996,39.3372]]],[[[-122.69926,39.90433],[-122.69925,39.9008],[-122.70398,39.90092],[-122.70398,39.90444],[-122.69926,39.90433]]],[[[-123.09185,39.47152],[-123.0916,39.46805],[-123.09636,39.46802],[-123.09662,39.47149],[-123.09185,39.47152]]],[[[-122.93809,39.86298],[-122.93799,39.85926],[-122.9425,39.85931],[-122.9424,39.86307],[-122.93809,39.86298]]],[[[-122.75537,39.87914],[-122.75554,39.87555],[-122.76007,39.87553],[-122.76002,39.87909],[-122.75537,39.87914]]],[[[-122.72996,39.3372],[-122.72532,39.33719],[-122.72531,39.33367],[-122.72992,39.33363],[-122.72996,39.3372]]],[[[-122.88792,39.64369],[-122.88765,39.64718],[-122.88299,39.64728],[-122.8833,39.64372],[-122.88792,39.64369]]],[[[-122.98076,39.79433],[-122.98073,39.79082],[-122.98538,39.79081],[-122.9854,39.79433],[-122.98076,39.79433]]],[[[-122.93545,39.49886],[-122.9353,39.49549],[-122.93996,39.49542],[-122.94014,39.49898],[-122.93545,39.49886]]],[[[-122.81877,39.34448],[-122.82322,39.34447],[-122.82325,39.3481],[-122.81879,39.34811],[-122.81877,39.34448]]],[[[-123.04542,39.87139],[-123.0462,39.86782],[-123.05074,39.86796],[-123.0498,39.87155],[-123.04542,39.87139]]],[[[-122.88765,39.64718],[-122.89231,39.64707],[-122.89205,39.65049],[-122.88737,39.65067],[-122.88765,39.64718]]],[[[-122.64769,39.14144],[-122.64774,39.13787],[-122.65225,39.13788],[-122.65218,39.14144],[-122.64769,39.14144]]],[[[-122.69274,39.90443],[-122.69281,39.90087],[-122.69695,39.90083],[-122.69696,39.90432],[-122.69274,39.90443]]],[[[-123.30373,40.35411],[-123.30369,40.35044],[-123.30605,40.35044],[-123.30613,40.35593],[-123.30375,40.35595],[-123.30373,40.35411]]],[[[-123.25184,40.31761],[-123.2519,40.3144],[-123.25429,40.31535],[-123.25424,40.31826],[-123.25545,40.31837],[-123.25542,40.3203],[-123.25301,40.32009],[-123.25305,40.3177],[-123.25184,40.31761]]],[[[-123.20244,40.40182],[-123.20245,40.40053],[-123.20761,40.40059],[-123.20244,40.40182]]],[[[-122.68566,39.63834],[-122.68573,39.63676],[-122.68728,39.6368],[-122.68727,39.63835],[-122.68566,39.63834]]],[[[-122.65714,39.55402],[-122.65712,39.55298],[-122.65828,39.55298],[-122.65833,39.55403],[-122.65714,39.55402]]],[[[-123.21111,40.40068],[-123.21084,40.40062],[-123.2121,40.40064],[-123.21111,40.40068]]]]},"properties":{"id":"CrowOpen","kind":"crow_open_area","species":"American Crow","hunt":"Non-game","zone_name":null,"zone_des":"See Map","zone_description":"The following areas are closed to hunting of American Crow. All other areas are open:\r\n1) Those portions of Trinity and Mendocino National Forests south of Highway 36\r\n2) North and east of a line beginning at the mouth of the Eel River; south along the Eel River to the town of Alton; east on Highway 36 from the town of Alton to Highway 89 west of Chester; south and east on Highways 89 and 395 to Interstate 15 near Hesperia; south on Interstate 15 to Interstate 10; and east on Interstate 10 to the California-Arizona border.","source_url":"https://services2.arcgis.com/Uq9r85Potqm3MfRV/arcgis/rest/services/Upland_Game_AGOL_gdb/FeatureServer/1/query","fetched_at":"2026-09-19T22:10:55.518395+00:00"}},{"type":"Feature","geometry":{"type":"MultiPolygon","coordinates":[[[[-123.81048,41.99572],[-123.72724,41.99774],[-123.65733,41.99587],[-123.62563,42.00048],[-123.6233,42.00152],[-123.44923,42.0008],[-123.34798,41.99929],[-123.30933,42.00014],[-123.12419,42.00886],[-123.06653,42.0057],[-123.00112,42.00434],[-122.63574,42.00505],[-122.51122,42.00857],[-122.46607,42.00811],[-122.38368,42.00946],[-122.2963,42.00984],[-122.25623,42.00819],[-122.14942,42.0078],[-122.08772,42.00681],[-121.99598,42.00403],[-121.84358,42.00304],[-121.59917,41.9992],[-121.35487,41.99632],[-121.29478,41.99773],[-121.1667,41.99699],[-121.0011,41.99308],[-120.8169,41.99402],[-120.70712,41.99388],[-120.62417,41.99297],[-120.53145,41.99368],[-120.2887,41.99284],[-120.17965,41.99461],[-119.9992,41.99499],[-119.9989,41.68436],[-120.00007,41.49887],[-120.00025,41.24403],[-119.99928,40.88966],[-119.99816,40.81676],[-119.99851,40.75826],[-119.99567,40.55526],[-119.99613,40.32251],[-119.9976,40.10566],[-119.99742,40.01046],[-120.00058,39.79468],[-119.99758,39.79469],[-120.00102,39.74445],[-120.00135,39.72282],[-120.00548,39.2001],[-120.00116,39.00053],[-119.9804,38.98478],[-119.31686,38.5265],[-118.54599,37.98146],[-117.75631,37.40834],[-116.93426,36.79752],[-116.35009,36.3538],[-115.65025,35.81018],[-115.73615,35.80986],[-115.73487,35.79411],[-116.30506,35.79406],[-117.63415,35.79862],[-118.7302,35.7912],[-118.77246,36.08301],[-118.85345,36.29076],[-118.92895,36.60726],[-119.31164,36.83222],[-119.74698,37.07479],[-119.7614,37.10425],[-119.78003,37.41996],[-119.92686,37.53517],[-120.15016,37.69293],[-120.21299,37.81589],[-120.2493,37.88448],[-120.39761,38.07848],[-120.41059,38.17563],[-120.44038,38.32801],[-120.48422,38.43663],[-120.56798,38.53525],[-120.59407,38.59576],[-120.75047,38.73759],[-120.80352,38.78719],[-120.87614,38.9383],[-120.87858,38.95166],[-120.80812,39.10189],[-120.80847,39.16753],[-120.86928,39.21393],[-120.90697,39.2285],[-120.94965,39.28697],[-121.18525,39.3669],[-121.24144,39.465],[-121.24102,39.47551],[-121.23267,39.50528],[-121.2231,39.52762],[-121.2402,39.52743],[-121.24003,39.51358],[-121.27732,39.51292],[-121.27696,39.52047],[-121.30536,39.51961],[-121.30522,39.49813],[-121.30994,39.49818],[-121.31032,39.48683],[-121.31489,39.48718],[-121.31482,39.47609],[-121.32395,39.47582],[-121.32407,39.46901],[-121.33328,39.46913],[-121.3334,39.46547],[-121.33834,39.465],[-121.33834,39.4547],[-121.34215,39.45477],[-121.34511,39.45266],[-121.34544,39.44735],[-121.34689,39.44513],[-121.34365,39.44128],[-121.34566,39.43893],[-121.34385,39.43787],[-121.34091,39.43153],[-121.33548,39.43048],[-121.33419,39.42573],[-121.33566,39.42446],[-121.34101,39.42334],[-121.34189,39.42034],[-121.34508,39.41981],[-121.34836,39.41792],[-121.34916,39.41668],[-121.35098,39.41624],[-121.35208,39.41516],[-121.35243,39.41353],[-121.35633,39.41029],[-121.3589,39.4093],[-121.36332,39.40378],[-121.36335,39.40289],[-121.36041,39.40102],[-121.36011,39.39886],[-121.3615,39.39729],[-121.36301,39.38841],[-121.36428,39.38599],[-121.36422,39.38466],[-121.36726,39.37965],[-121.36729,39.3778],[-121.36847,39.37628],[-121.3713,39.3756],[-121.37263,39.37352],[-121.37125,39.3683],[-121.37281,39.36712],[-121.37242,39.3648],[-121.3757,39.36451],[-121.37667,39.3633],[-121.38012,39.36242],[-121.38224,39.36311],[-121.38587,39.35914],[-121.3874,39.356],[-121.38926,39.35472],[-121.39071,39.35507],[-121.39813,39.35071],[-121.40306,39.34969],[-121.40235,39.34704],[-121.40314,39.34541],[-121.40683,39.34457],[-121.40677,39.34348],[-121.40509,39.3415],[-121.40639,39.34],[-121.41131,39.33944],[-121.41532,39.34013],[-121.4193,39.3388],[-121.42469,39.33539],[-121.42716,39.33479],[-121.43043,39.33513],[-121.43235,39.33699],[-121.43488,39.33736],[-121.43751,39.33658],[-121.43836,39.33479],[-121.44239,39.3316],[-121.44499,39.33174],[-121.4472,39.33041],[-121.44826,39.33055],[-121.45202,39.33389],[-121.45731,39.33535],[-121.45822,39.33524],[-121.4594,39.33273],[-121.46355,39.33108],[-121.46765,39.33346],[-121.47142,39.33303],[-121.47469,39.33376],[-121.47769,39.32921],[-121.48459,39.3257],[-121.48508,39.32186],[-121.48255,39.32015],[-121.48534,39.31746],[-121.48802,39.31792],[-121.48994,39.31969],[-121.49139,39.31975],[-121.49551,39.31876],[-121.49653,39.31537],[-121.49795,39.31444],[-121.50443,39.31831],[-121.51162,39.31697],[-121.51722,39.31729],[-121.52011,39.31965],[-121.52647,39.31795],[-121.53021,39.31833],[-121.53172,39.31802],[-121.53619,39.31431],[-121.54055,39.31455],[-121.54555,39.31214],[-121.54714,39.31218],[-121.54743,39.31052],[-121.55046,39.30778],[-121.55582,39.30752],[-121.56039,39.30594],[-121.56198,39.3062],[-121.56345,39.3049],[-121.56468,39.30514],[-121.56545,39.30658],[-121.57135,39.30859],[-121.57398,39.31034],[-121.58169,39.30996],[-121.58503,39.31173],[-121.58885,39.30827],[-121.59348,39.3078],[-121.60225,39.31171],[-121.6035,39.31317],[-121.603,39.3156],[-121.60428,39.31821],[-121.60894,39.3197],[-121.61185,39.31941],[-121.61259,39.31855],[-121.61232,39.31667],[-121.61787,39.31103],[-121.61879,39.30586],[-121.62061,39.30333],[-121.61822,39.30154],[-121.61972,39.30041],[-121.6206,39.29841],[-121.62274,39.29727],[-121.62359,39.29596],[-121.6266,39.29678],[-121.6321,39.3018],[-121.63246,39.3041],[-121.63025,39.306],[-121.72466,39.30456],[-121.90822,39.30371],[-121.90875,39.30804],[-121.9081,39.31193],[-121.90587,39.31717],[-121.90556,39.32285],[-121.9047,39.32317],[-121.9046,39.32559],[-121.90317,39.32771],[-121.9031,39.33006],[-121.90015,39.33395],[-121.89975,39.33574],[-121.8952,39.3381],[-121.89434,39.34121],[-121.8947,39.34222],[-121.89787,39.34479],[-121.89832,39.34921],[-121.89979,39.35328],[-121.89886,39.3556],[-121.89929,39.35717],[-121.89829,39.35818],[-121.89638,39.35813],[-121.89562,39.35919],[-121.89387,39.35879],[-121.89388,39.36026],[-121.89281,39.36214],[-121.89335,39.36324],[-121.89126,39.36448],[-121.89186,39.36619],[-121.88891,39.36952],[-121.88856,39.37114],[-121.88783,39.37212],[-121.88401,39.37332],[-121.88584,39.3778],[-121.8889,39.38165],[-121.88886,39.38337],[-121.88994,39.38392],[-122.00991,39.38388],[-122.00801,39.38629],[-122.00757,39.39228],[-122.00478,39.39512],[-122.00367,39.39753],[-122.00386,39.40338],[-122.00669,39.40539],[-122.00867,39.41339],[-122.1359,39.41462],[-122.13612,39.38548],[-122.42993,39.38374],[-122.50747,39.38401],[-122.59939,39.38537],[-122.6743,39.38465],[-122.70167,39.38297],[-122.73923,39.38338],[-122.73921,39.40552],[-122.74162,39.43542],[-122.73269,39.45031],[-122.73159,39.47979],[-122.73235,39.49436],[-122.73603,39.50858],[-122.73645,39.56613],[-122.7356,39.58061],[-122.75398,39.58126],[-122.7725,39.5794],[-122.79091,39.57973],[-122.81409,39.58144],[-122.82852,39.57958],[-122.86718,39.58059],[-122.886,39.5802],[-122.88513,39.61105],[-122.88925,39.62466],[-122.8905,39.62469],[-122.89132,39.6814],[-122.89413,39.70901],[-122.91197,39.70934],[-122.91207,39.74776],[-122.93783,39.74759],[-122.93728,39.755],[-122.93753,39.79794],[-122.93996,39.79872],[-122.94345,39.80247],[-122.944,39.80823],[-122.94356,39.8126],[-122.9456,39.81482],[-122.94718,39.82606],[-122.94663,39.83316],[-122.9514,39.83726],[-122.95586,39.83862],[-122.95706,39.84183],[-122.95975,39.84457],[-122.95827,39.84663],[-122.9574,39.85076],[-122.95424,39.85432],[-122.95555,39.85752],[-122.95537,39.859],[-122.95141,39.86435],[-122.95037,39.8682],[-122.95097,39.87052],[-122.9533,39.87277],[-122.94924,39.87944],[-122.95016,39.88563],[-122.94752,39.89205],[-122.94789,39.89816],[-122.94726,39.9003],[-122.94787,39.90259],[-122.95055,39.9051],[-122.95056,39.90648],[-122.94909,39.90832],[-122.94641,39.90809],[-122.94552,39.90901],[-122.94344,39.90879],[-122.93721,39.91019],[-122.93633,39.9111],[-122.93395,39.91088],[-122.9298,39.91181],[-122.92504,39.91468],[-122.92144,39.91578],[-122.91972,39.91733],[-122.91973,39.9194],[-122.92094,39.92237],[-122.92024,39.92929],[-122.9126,39.93184],[-122.90971,39.93614],[-122.91268,39.93546],[-122.91388,39.93706],[-122.91774,39.93796],[-122.91894,39.94001],[-122.92192,39.94185],[-122.92312,39.9439],[-122.92669,39.94504],[-122.92613,39.95122],[-122.92735,39.9558],[-122.92469,39.95924],[-122.925,39.96221],[-122.9262,39.9645],[-122.92591,39.96541],[-122.92711,39.96746],[-122.92593,39.96884],[-122.92683,39.96975],[-122.92654,39.97113],[-122.92922,39.97318],[-122.93101,39.97364],[-122.93519,39.97706],[-122.93404,39.97852],[-123.54436,39.97729],[-123.54481,40.00216],[-124.0233,40.00133],[-124.02929,40.00554],[-124.03232,40.01014],[-124.03699,40.01419],[-124.04012,40.01596],[-124.0422,40.01623],[-124.04533,40.01916],[-124.04762,40.0198],[-124.05012,40.02161],[-124.05553,40.02403],[-124.06184,40.02534],[-124.06622,40.02418],[-124.06717,40.02191],[-124.06857,40.02131],[-124.07095,40.02186],[-124.07339,40.02275],[-124.07366,40.02435],[-124.07545,40.02511],[-124.0756,40.02639],[-124.07714,40.02838],[-124.08069,40.02992],[-124.08078,40.0315],[-124.0792,40.0341],[-124.07863,40.03689],[-124.08087,40.03772],[-124.07968,40.03898],[-124.08078,40.04223],[-124.07989,40.05905],[-124.07995,40.06348],[-124.08073,40.06612],[-124.08711,40.07845],[-124.09277,40.08257],[-124.09706,40.08865],[-124.10481,40.09616],[-124.11057,40.10377],[-124.11879,40.10624],[-124.12446,40.11031],[-124.13011,40.11292],[-124.13452,40.11338],[-124.13997,40.11636],[-124.14897,40.11769],[-124.15472,40.12048],[-124.17079,40.12421],[-124.17561,40.12723],[-124.17892,40.12796],[-124.18184,40.13013],[-124.18789,40.13055],[-124.19421,40.13878],[-124.20235,40.14627],[-124.20561,40.15114],[-124.20826,40.1542],[-124.21232,40.15713],[-124.21533,40.16141],[-124.22703,40.16779],[-124.23279,40.17294],[-124.24004,40.17712],[-124.24705,40.17936],[-124.25843,40.18428],[-124.2663,40.19003],[-124.27316,40.19646],[-124.29034,40.20356],[-124.29956,40.21145],[-124.30344,40.21361],[-124.31448,40.22259],[-124.32093,40.22662],[-124.32392,40.22992],[-124.3261,40.23555],[-124.32771,40.23737],[-124.33034,40.23927],[-124.34339,40.2441],[-124.34727,40.24703],[-124.3522,40.24952],[-124.35626,40.25485],[-124.36101,40.25743],[-124.36343,40.26098],[-124.36245,40.264],[-124.36234,40.26846],[-124.36371,40.27093],[-124.36276,40.2726],[-124.36366,40.27622],[-124.36204,40.27869],[-124.3622,40.28054],[-124.36056,40.28516],[-124.35647,40.29297],[-124.35453,40.29912],[-124.35382,40.3048],[-124.34847,40.31217],[-124.34787,40.31464],[-124.34871,40.31942],[-124.35347,40.33212],[-124.35889,40.33662],[-124.36194,40.34117],[-124.36269,40.34353],[-124.36251,40.34545],[-124.36401,40.34831],[-124.36297,40.3495],[-124.36276,40.35163],[-124.364,40.36849],[-124.36463,40.36932],[-124.36493,40.37343],[-124.3687,40.38415],[-124.37362,40.39292],[-124.37803,40.39645],[-124.3791,40.39883],[-124.38586,40.40353],[-124.38978,40.40517],[-124.39152,40.40705],[-124.3937,40.41202],[-124.40264,40.42211],[-124.40306,40.42502],[-124.40246,40.42802],[-124.40369,40.43327],[-124.40794,40.43598],[-124.40961,40.43808],[-124.40763,40.4451],[-124.39489,40.46544],[-124.38379,40.49339],[-124.38323,40.49986],[-124.38696,40.50361],[-124.3862,40.50859],[-124.38734,40.51045],[-124.38437,40.51416],[-124.38284,40.519],[-124.37642,40.52568],[-124.36623,40.54287],[-124.36126,40.55394],[-124.35838,40.55848],[-124.35386,40.56983],[-124.35218,40.57204],[-124.34061,40.59575],[-124.33362,40.60731],[-124.33029,40.61513],[-124.32705,40.61939],[-124.31738,40.63621],[-124.31516,40.63953],[-124.31105,40.64331],[-124.3112,40.64457],[-124.30945,40.64777],[-124.28051,40.69226],[-124.25101,40.73083],[-124.23506,40.75619],[-124.23409,40.75642],[-124.22934,40.74921],[-124.22588,40.74838],[-124.22723,40.7482],[-124.22771,40.7471],[-124.22681,40.74427],[-124.229,40.74598],[-124.23258,40.74566],[-124.23457,40.74444],[-124.24094,40.73783],[-124.2413,40.73632],[-124.24244,40.73554],[-124.24316,40.73247],[-124.24968,40.72815],[-124.25004,40.72664],[-124.25229,40.72485],[-124.25406,40.7217],[-124.25801,40.71822],[-124.26264,40.70939],[-124.2627,40.70855],[-124.2606,40.70703],[-124.26586,40.70386],[-124.26689,40.70104],[-124.2652,40.69994],[-124.26208,40.69937],[-124.26139,40.69775],[-124.25796,40.69653],[-124.24298,40.69418],[-124.23381,40.69107],[-124.23131,40.68974],[-124.22944,40.68661],[-124.22638,40.68581],[-124.22584,40.68451],[-124.22287,40.68448],[-124.22214,40.68574],[-124.21905,40.68707],[-124.22022,40.68915],[-124.22253,40.69034],[-124.22079,40.69403],[-124.22085,40.69556],[-124.22308,40.69956],[-124.21656,40.70196],[-124.21419,40.70185],[-124.21325,40.70242],[-124.21382,40.7041],[-124.2159,40.70352],[-124.21743,40.70393],[-124.21539,40.70508],[-124.21208,40.70494],[-124.21121,40.70677],[-124.2171,40.71414],[-124.21726,40.71692],[-124.22315,40.72319],[-124.22141,40.72459],[-124.22147,40.7258],[-124.21997,40.72773],[-124.21919,40.72775],[-124.21949,40.72919],[-124.21823,40.72956],[-124.21835,40.73273],[-124.21669,40.73347],[-124.21654,40.73095],[-124.21567,40.731],[-124.21486,40.73539],[-124.21579,40.73862],[-124.21778,40.7366],[-124.22009,40.73656],[-124.22196,40.73873],[-124.22196,40.74061],[-124.20548,40.7437],[-124.19802,40.75229],[-124.19733,40.75648],[-124.19931,40.76233],[-124.20229,40.76657],[-124.20223,40.77171],[-124.19805,40.77062],[-124.19573,40.77167],[-124.19441,40.7756],[-124.19399,40.7799],[-124.19107,40.78256],[-124.18981,40.78718],[-124.18749,40.78775],[-124.18972,40.78663],[-124.18978,40.7843],[-124.18683,40.78778],[-124.18661,40.79192],[-124.18683,40.79267],[-124.18767,40.79269],[-124.18767,40.79105],[-124.18818,40.79098],[-124.18815,40.79343],[-124.18285,40.80038],[-124.17966,40.80253],[-124.17815,40.80219],[-124.17463,40.8048],[-124.16593,40.80621],[-124.16066,40.80623],[-124.14524,40.81127],[-124.14148,40.81001],[-124.13871,40.80797],[-124.13151,40.80561],[-124.12694,40.80661],[-124.12487,40.80579],[-124.12334,40.80625],[-124.12235,40.80691],[-124.12153,40.80936],[-124.11882,40.80815],[-124.11967,40.80906],[-124.11931,40.80977],[-124.11461,40.81382],[-124.10811,40.81413],[-124.08806,40.82411],[-124.08694,40.82534],[-124.08785,40.82619],[-124.08535,40.83113],[-124.08339,40.83097],[-124.083,40.83216],[-124.08381,40.83921],[-124.08523,40.84163],[-124.08345,40.84356],[-124.0846,40.8442],[-124.08394,40.8447],[-124.08412,40.84616],[-124.08282,40.8449],[-124.08288,40.84646],[-124.08529,40.8471],[-124.08439,40.84891],[-124.08533,40.84977],[-124.09129,40.84886],[-124.09229,40.85209],[-124.09123,40.85499],[-124.09331,40.85376],[-124.09901,40.85565],[-124.09802,40.85812],[-124.09844,40.85895],[-124.10015,40.85808],[-124.10013,40.8589],[-124.10326,40.86009],[-124.10549,40.85792],[-124.10835,40.85794],[-124.1151,40.85279],[-124.11736,40.85251],[-124.12447,40.85685],[-124.12577,40.85841],[-124.12915,40.85816],[-124.13123,40.85914],[-124.13343,40.86359],[-124.13526,40.86459],[-124.13942,40.86487],[-124.14171,40.86425],[-124.14907,40.86551],[-124.15208,40.86437],[-124.15302,40.86357],[-124.14988,40.85863],[-124.15585,40.85726],[-124.15811,40.85819],[-124.15754,40.85373],[-124.15814,40.8511],[-124.16022,40.85007],[-124.16116,40.84815],[-124.16288,40.8471],[-124.16315,40.84582],[-124.16613,40.84335],[-124.1667,40.84145],[-124.16851,40.8393],[-124.16845,40.83813],[-124.17023,40.83598],[-124.17086,40.83392],[-124.16978,40.83282],[-124.17086,40.82722],[-124.17038,40.82617],[-124.17728,40.82017],[-124.18053,40.81836],[-124.18056,40.81724],[-124.18324,40.81535],[-124.18743,40.81059],[-124.18818,40.80777],[-124.19258,40.79992],[-124.19227,40.79917],[-124.19324,40.79837],[-124.1933,40.79363],[-124.19498,40.78961],[-124.19784,40.78606],[-124.19971,40.78235],[-124.20251,40.78068],[-124.20651,40.77633],[-124.21514,40.77038],[-124.21743,40.7669],[-124.22017,40.76498],[-124.21968,40.76361],[-124.22053,40.76139],[-124.22221,40.75958],[-124.22687,40.76057],[-124.23374,40.76525],[-124.22826,40.7694],[-124.22243,40.77804],[-124.21314,40.78924],[-124.19207,40.8193],[-124.17673,40.84362],[-124.15834,40.87607],[-124.15683,40.88081],[-124.15406,40.88495],[-124.14431,40.90675],[-124.1437,40.90972],[-124.13709,40.92574],[-124.13243,40.9425],[-124.12774,40.95545],[-124.12792,40.95717],[-124.12554,40.9627],[-124.12088,40.9814],[-124.11931,40.98506],[-124.11928,40.98698],[-124.11768,40.98735],[-124.11771,40.98831],[-124.11856,40.98858],[-124.11531,41.00365],[-124.11176,41.02784],[-124.11334,41.03124],[-124.11639,41.03213],[-124.11748,41.03513],[-124.11911,41.03586],[-124.11908,41.03817],[-124.12192,41.03979],[-124.12096,41.03993],[-124.12023,41.0414],[-124.12465,41.04636],[-124.1255,41.04652],[-124.12547,41.04851],[-124.12765,41.04929],[-124.12992,41.05146],[-124.1324,41.05208],[-124.13524,41.0549],[-124.14122,41.05687],[-124.14551,41.05706],[-124.14663,41.05662],[-124.14639,41.0555],[-124.14829,41.05591],[-124.14723,41.05289],[-124.14896,41.05147],[-124.15129,41.05111],[-124.15364,41.05356],[-124.15267,41.05669],[-124.15013,41.0587],[-124.1491,41.06147],[-124.15164,41.06458],[-124.15085,41.06586],[-124.15119,41.06683],[-124.15351,41.06797],[-124.1563,41.06682],[-124.15938,41.06928],[-124.15799,41.07047],[-124.15932,41.07218],[-124.15959,41.07385],[-124.15717,41.07538],[-124.15554,41.07746],[-124.15626,41.08035],[-124.15768,41.0811],[-124.15623,41.08215],[-124.15659,41.08449],[-124.15889,41.08481],[-124.15961,41.08575],[-124.15813,41.08643],[-124.15698,41.08579],[-124.15453,41.08716],[-124.15589,41.08911],[-124.15589,41.09064],[-124.15755,41.0916],[-124.16058,41.09902],[-124.16284,41.10087],[-124.16454,41.10117],[-124.16296,41.10162],[-124.1629,41.10261],[-124.16067,41.10449],[-124.16169,41.106],[-124.16208,41.10883],[-124.15969,41.11197],[-124.15966,41.11725],[-124.16084,41.11947],[-124.15909,41.12082],[-124.15908,41.12196],[-124.1654,41.13026],[-124.16083,41.13328],[-124.16241,41.13472],[-124.1618,41.13584],[-124.16401,41.13868],[-124.1618,41.14046],[-124.16189,41.14129],[-124.15856,41.14303],[-124.15275,41.1411],[-124.14969,41.14085],[-124.14718,41.14151],[-124.14382,41.14469],[-124.14052,41.14986],[-124.1227,41.18973],[-124.11432,41.21046],[-124.11212,41.21788],[-124.10867,41.22456],[-124.10686,41.23042],[-124.10743,41.23485],[-124.10913,41.23636],[-124.10753,41.23774],[-124.10048,41.25759],[-124.09905,41.26334],[-124.09978,41.26624],[-124.09566,41.27589],[-124.09251,41.28658],[-124.09164,41.29649],[-124.08906,41.30408],[-124.08719,41.31522],[-124.08543,41.32014],[-124.08604,41.32227],[-124.08222,41.33435],[-124.08128,41.34034],[-124.07351,41.36876],[-124.07357,41.37146],[-124.07248,41.37391],[-124.0713,41.38081],[-124.07145,41.38413],[-124.0641,41.4278],[-124.0631,41.43959],[-124.06319,41.44199],[-124.06419,41.44281],[-124.0637,41.44343],[-124.06413,41.44697],[-124.06629,41.45203],[-124.06589,41.46216],[-124.0651,41.46386],[-124.06608,41.47026],[-124.06845,41.47557],[-124.06842,41.47854],[-124.06948,41.48152],[-124.07131,41.48371],[-124.07265,41.4912],[-124.07533,41.49408],[-124.07484,41.4965],[-124.07594,41.50176],[-124.077,41.50291],[-124.07782,41.50638],[-124.08111,41.50988],[-124.08176,41.5226],[-124.08285,41.52377],[-124.08465,41.5243],[-124.08273,41.52569],[-124.08179,41.53774],[-124.08201,41.54777],[-124.08496,41.55003],[-124.08907,41.55131],[-124.09066,41.55307],[-124.09233,41.55319],[-124.09367,41.55511],[-124.09425,41.55762],[-124.09642,41.56041],[-124.09581,41.56113],[-124.09617,41.56286],[-124.09879,41.56382],[-124.09904,41.56487],[-124.09825,41.56593],[-124.10114,41.5692],[-124.1013,41.57199],[-124.10227,41.57416],[-124.10005,41.57727],[-124.10197,41.57945],[-124.09929,41.58196],[-124.0974,41.58526],[-124.09808,41.58697],[-124.1014,41.5891],[-124.10094,41.59061],[-124.10289,41.59184],[-124.10479,41.59441],[-124.10317,41.59532],[-124.10168,41.59761],[-124.10098,41.6025],[-124.10199,41.60422],[-124.10482,41.60593],[-124.1054,41.60818],[-124.10742,41.60957],[-124.11096,41.61387],[-124.11361,41.61531],[-124.1158,41.6151],[-124.1137,41.61778],[-124.11563,41.62133],[-124.11606,41.62885],[-124.11951,41.63363],[-124.11988,41.63958],[-124.12287,41.64283],[-124.12385,41.64509],[-124.12634,41.64704],[-124.1274,41.65063],[-124.13557,41.65731],[-124.13523,41.66212],[-124.13666,41.66523],[-124.13864,41.66706],[-124.13828,41.67072],[-124.14114,41.67234],[-124.13876,41.67555],[-124.13839,41.67889],[-124.13909,41.68083],[-124.14092,41.68266],[-124.1404,41.68504],[-124.14354,41.6874],[-124.14186,41.68953],[-124.14318,41.69042],[-124.14183,41.69341],[-124.14229,41.69465],[-124.14357,41.69502],[-124.14366,41.69641],[-124.14201,41.69673],[-124.14186,41.69909],[-124.14375,41.70549],[-124.14472,41.70659],[-124.1435,41.70929],[-124.14743,41.71796],[-124.15427,41.72881],[-124.16046,41.73636],[-124.16474,41.74013],[-124.1713,41.74352],[-124.17781,41.74571],[-124.18285,41.74078],[-124.18276,41.73986],[-124.18538,41.73936],[-124.18593,41.73974],[-124.18572,41.74098],[-124.18389,41.7413],[-124.18102,41.7442],[-124.18114,41.74482],[-124.18349,41.74588],[-124.1834,41.74736],[-124.18569,41.7488],[-124.19354,41.74998],[-124.19953,41.74594],[-124.19763,41.74398],[-124.19898,41.74404],[-124.1995,41.74317],[-124.2009,41.74528],[-124.20316,41.74587],[-124.20386,41.74704],[-124.20796,41.74903],[-124.2119,41.74984],[-124.21251,41.75089],[-124.2163,41.7508],[-124.21623,41.75165],[-124.21495,41.75222],[-124.21562,41.75377],[-124.22112,41.75576],[-124.22412,41.76047],[-124.2361,41.76754],[-124.24176,41.77186],[-124.24466,41.77176],[-124.24649,41.77039],[-124.24873,41.77146],[-124.25196,41.77002],[-124.25438,41.77067],[-124.25416,41.77117],[-124.25202,41.77107],[-124.25126,41.77222],[-124.2487,41.77236],[-124.24851,41.77348],[-124.25068,41.77455],[-124.25066,41.77609],[-124.25415,41.77844],[-124.2536,41.77998],[-124.25601,41.78302],[-124.25497,41.7851],[-124.25033,41.78691],[-124.24505,41.7923],[-124.2307,41.81869],[-124.21961,41.84644],[-124.20846,41.8882],[-124.20403,41.92455],[-124.20477,41.92868],[-124.2044,41.93372],[-124.20272,41.93642],[-124.20345,41.93747],[-124.20348,41.94264],[-124.20444,41.94674],[-124.20774,41.94598],[-124.20836,41.94857],[-124.21026,41.95069],[-124.20922,41.95302],[-124.21032,41.95417],[-124.20815,41.95485],[-124.20606,41.96252],[-124.20497,41.98345],[-124.20561,41.98635],[-124.20874,41.98889],[-124.20982,41.99559],[-124.21172,41.9989],[-124.00122,41.99659],[-123.84323,41.9966],[-123.81048,41.99572]]]]},"properties":{"id":"Quail1","kind":"upland_zone","species":"Quail","hunt":"Zone Q1 (All Quail)","zone_name":"Zone Q1","zone_des":"See Map","zone_description":"Quail Zone 1 includes the counties of Alpine, Butte, Del Norte,  Glenn, Humboldt, Inyo, Lassen, Modoc, Mono, Plumas, Shasta, Sierra, Siskiyou, Tehama, Trinity, and those portions of Amador, Calaveras, El Dorado, Fresno, Madera, Mariposa, Nevada, Placer, Tuolumne, Tulare, and Yuba counties lying east of the western boundary of the national forests. ","source_url":"https://services2.arcgis.com/Uq9r85Potqm3MfRV/arcgis/rest/services/Upland_Game_AGOL_gdb/FeatureServer/1/query","fetched_at":"2026-09-19T22:10:55.518395+00:00"}},{"type":"Feature","geometry":{"type":"MultiPolygon","coordinates":[[[[-122.93966,39.97827],[-122.93404,39.97852],[-122.93519,39.97706],[-122.93101,39.97364],[-122.92922,39.97318],[-122.92654,39.97113],[-122.92683,39.96975],[-122.92593,39.96862],[-122.92711,39.96746],[-122.92591,39.96541],[-122.9262,39.9645],[-122.925,39.96221],[-122.92469,39.95924],[-122.92735,39.9558],[-122.92613,39.95122],[-122.92669,39.94504],[-122.92312,39.9439],[-122.92192,39.94185],[-122.91894,39.94001],[-122.91774,39.93796],[-122.91388,39.93706],[-122.91268,39.93546],[-122.90971,39.93614],[-122.9126,39.93184],[-122.92024,39.92929],[-122.92094,39.92237],[-122.91973,39.9194],[-122.91972,39.91733],[-122.92144,39.91578],[-122.92504,39.91468],[-122.9298,39.91181],[-122.93395,39.91088],[-122.93633,39.9111],[-122.93721,39.91019],[-122.94344,39.90879],[-122.94552,39.90901],[-122.94641,39.90809],[-122.94909,39.90832],[-122.95056,39.90648],[-122.95055,39.9051],[-122.94787,39.90259],[-122.94726,39.9003],[-122.94789,39.89816],[-122.94752,39.89205],[-122.95016,39.88563],[-122.94924,39.87944],[-122.9533,39.87277],[-122.95097,39.87052],[-122.95037,39.8682],[-122.95141,39.86435],[-122.95537,39.859],[-122.95555,39.85752],[-122.95424,39.85432],[-122.9574,39.85076],[-122.95827,39.84663],[-122.95975,39.84457],[-122.95706,39.84183],[-122.95586,39.83862],[-122.9514,39.83726],[-122.94663,39.83316],[-122.94718,39.82606],[-122.9456,39.81482],[-122.94356,39.8126],[-122.944,39.80823],[-122.94345,39.80247],[-122.93996,39.79872],[-122.93753,39.79794],[-122.93728,39.755],[-122.93783,39.74759],[-122.91207,39.74776],[-122.91197,39.70934],[-122.89413,39.70901],[-122.89132,39.6814],[-122.8905,39.62469],[-122.88925,39.62466],[-122.88513,39.61105],[-122.886,39.5802],[-122.86718,39.58059],[-122.82852,39.57958],[-122.81409,39.58144],[-122.79091,39.57973],[-122.7725,39.5794],[-122.75398,39.58126],[-122.7356,39.58061],[-122.73645,39.56613],[-122.73603,39.50858],[-122.73235,39.49436],[-122.73159,39.47979],[-122.73269,39.45031],[-122.74162,39.43542],[-122.73921,39.40552],[-122.73923,39.38338],[-122.78528,39.38293],[-122.78221,39.37947],[-122.77902,39.37937],[-122.77422,39.3748],[-122.77021,39.37516],[-122.76804,39.37391],[-122.7661,39.37673],[-122.76005,39.37823],[-122.75509,39.37533],[-122.75168,39.37015],[-122.74535,39.36909],[-122.74318,39.36754],[-122.74127,39.36005],[-122.7422,39.35795],[-122.74801,39.35303],[-122.74951,39.34999],[-122.75138,39.34851],[-122.7524,39.34593],[-122.75892,39.34452],[-122.76092,39.34492],[-122.76536,39.34261],[-122.76571,39.33902],[-122.76466,39.33746],[-122.765,39.33552],[-122.76807,39.33152],[-122.76894,39.32857],[-122.76858,39.32601],[-122.77257,39.32385],[-122.77326,39.32194],[-122.77314,39.319],[-122.77531,39.31573],[-122.77549,39.31245],[-122.77035,39.30972],[-122.76836,39.30457],[-122.76674,39.30386],[-122.76612,39.3015],[-122.76403,39.30026],[-122.7591,39.29492],[-122.75694,39.28923],[-122.75776,39.28565],[-122.75697,39.28438],[-122.75234,39.28244],[-122.74622,39.27849],[-122.74126,39.27657],[-122.73778,39.27339],[-122.73503,39.27205],[-122.73256,39.2719],[-122.72875,39.27341],[-122.72323,39.26784],[-122.72305,39.2653],[-122.71782,39.26408],[-122.71639,39.26266],[-122.71679,39.26077],[-122.71324,39.25956],[-122.71167,39.2567],[-122.70669,39.2552],[-122.697,39.24933],[-122.69222,39.24744],[-122.68927,39.24493],[-122.68701,39.24107],[-122.682,39.23883],[-122.68142,39.23749],[-122.68201,39.23452],[-122.67616,39.23034],[-122.67649,39.22937],[-122.67975,39.22681],[-122.67942,39.22413],[-122.6728,39.22522],[-122.67007,39.22125],[-122.66694,39.21979],[-122.6651,39.21753],[-122.65313,39.21515],[-122.6495,39.21361],[-122.64765,39.21571],[-122.64533,39.21584],[-122.64132,39.21741],[-122.63532,39.22271],[-122.63198,39.22225],[-122.62188,39.22298],[-122.61996,39.22128],[-122.61632,39.22067],[-122.6112,39.21771],[-122.61045,39.21625],[-122.60578,39.21546],[-122.60256,39.21401],[-122.59938,39.21433],[-122.59433,39.21358],[-122.59149,39.21225],[-122.58963,39.21308],[-122.58135,39.21159],[-122.57843,39.21021],[-122.57675,39.2071],[-122.57417,39.20648],[-122.5734,39.20499],[-122.57044,39.20356],[-122.56308,39.20414],[-122.55865,39.20595],[-122.54795,39.20621],[-122.54482,39.20732],[-122.54168,39.20694],[-122.53592,39.21133],[-122.53364,39.20999],[-122.52904,39.21162],[-122.52792,39.2091],[-122.52191,39.21009],[-122.51911,39.20826],[-122.51625,39.20904],[-122.51546,39.20787],[-122.51591,39.20216],[-122.5143,39.19657],[-122.51232,39.19518],[-122.50831,39.19037],[-122.5008,39.18929],[-122.49999,39.19082],[-122.49802,39.19011],[-122.4964,39.18835],[-122.49567,39.18566],[-122.49367,39.18342],[-122.49316,39.18145],[-122.49416,39.17836],[-122.49135,39.17496],[-122.48893,39.17583],[-122.48436,39.17479],[-122.48165,39.17508],[-122.47758,39.17377],[-122.4759,39.17217],[-122.47516,39.17012],[-122.4766,39.16764],[-122.48256,39.16272],[-122.48249,39.16155],[-122.47913,39.1574],[-122.4798,39.15532],[-122.47867,39.15417],[-122.47938,39.15314],[-122.48251,39.15227],[-122.47863,39.14959],[-122.4747,39.14429],[-122.47651,39.14266],[-122.4773,39.14069],[-122.48037,39.13925],[-122.48252,39.13945],[-122.48743,39.1415],[-122.48902,39.14115],[-122.4916,39.13892],[-122.49646,39.14015],[-122.49711,39.13953],[-122.49464,39.13514],[-122.49671,39.13384],[-122.49768,39.1264],[-122.50085,39.12404],[-122.49998,39.12254],[-122.50085,39.12118],[-122.50045,39.11998],[-122.49813,39.11796],[-122.49806,39.1166],[-122.49499,39.11484],[-122.49416,39.11335],[-122.49625,39.11059],[-122.49575,39.10817],[-122.49401,39.10346],[-122.48899,39.09818],[-122.489,39.09495],[-122.48747,39.09221],[-122.48803,39.08952],[-122.48646,39.08555],[-122.48624,39.08257],[-122.48698,39.08128],[-122.48952,39.07999],[-122.4891,39.07858],[-122.49063,39.07564],[-122.48981,39.07295],[-122.48908,39.07249],[-122.48882,39.06891],[-122.48598,39.06906],[-122.4844,39.06628],[-122.49073,39.06488],[-122.48964,39.06219],[-122.49054,39.06028],[-122.49238,39.05873],[-122.49244,39.05366],[-122.48969,39.05257],[-122.48015,39.05284],[-122.47162,39.04965],[-122.46559,39.04857],[-122.46584,39.047],[-122.46822,39.04462],[-122.46733,39.04306],[-122.46313,39.0408],[-122.46233,39.03935],[-122.46093,39.03863],[-122.45656,39.03826],[-122.45491,39.03628],[-122.45461,39.03442],[-122.44969,39.03158],[-122.44357,39.02572],[-122.43934,39.02376],[-122.43749,39.02135],[-122.43519,39.02232],[-122.43203,39.02213],[-122.42828,39.02171],[-122.42384,39.02014],[-122.42289,39.02098],[-122.42093,39.02098],[-122.41162,39.019],[-122.41038,39.01749],[-122.41159,39.01494],[-122.40955,39.01153],[-122.41086,39.00988],[-122.40928,39.00703],[-122.41065,39.00543],[-122.41298,39.00477],[-122.41172,39.00396],[-122.41113,39.00218],[-122.41227,39.00081],[-122.41191,38.99774],[-122.41573,38.99689],[-122.41404,38.99488],[-122.41635,38.9915],[-122.41859,38.99048],[-122.41912,38.98945],[-122.41851,38.98378],[-122.41665,38.97819],[-122.40818,38.97266],[-122.40676,38.9707],[-122.40704,38.96885],[-122.40927,38.96752],[-122.40817,38.96613],[-122.40944,38.96405],[-122.40881,38.96273],[-122.40465,38.95855],[-122.40266,38.95748],[-122.40159,38.95553],[-122.39549,38.95614],[-122.38829,38.95098],[-122.3835,38.94851],[-122.37873,38.94374],[-122.37295,38.9397],[-122.36771,38.93874],[-122.36323,38.93532],[-122.34863,38.92798],[-122.34494,38.92788],[-122.34111,38.92662],[-122.34005,38.92403],[-122.40437,38.92553],[-122.40505,38.9227],[-122.41079,38.91776],[-122.41268,38.91256],[-122.41733,38.90874],[-122.41763,38.90815],[-122.41676,38.90723],[-122.41735,38.90602],[-122.42114,38.90434],[-122.42303,38.90271],[-122.42278,38.90018],[-122.41987,38.89762],[-122.41732,38.89752],[-122.41581,38.89602],[-122.41416,38.89278],[-122.41213,38.89109],[-122.41196,38.88894],[-122.40635,38.88347],[-122.40685,38.87975],[-122.40329,38.87748],[-122.40205,38.87554],[-122.39708,38.87368],[-122.39562,38.86994],[-122.39162,38.86824],[-122.3959,38.86408],[-122.39179,38.8576],[-122.3875,38.85496],[-122.38509,38.85208],[-122.38192,38.84973],[-122.3759,38.84852],[-122.3743,38.84746],[-122.37318,38.84524],[-122.37114,38.84407],[-122.36585,38.84266],[-122.3609,38.83982],[-122.35028,38.83561],[-122.34866,38.83586],[-122.34236,38.84159],[-122.33776,38.84212],[-122.33459,38.84342],[-122.33065,38.84197],[-122.32417,38.84615],[-122.31905,38.84313],[-122.31752,38.84064],[-122.31518,38.83947],[-122.30328,38.84215],[-122.30184,38.83947],[-122.29973,38.83897],[-122.29412,38.83846],[-122.28749,38.83956],[-122.28499,38.83538],[-122.28125,38.82467],[-122.27863,38.82259],[-122.27664,38.81964],[-122.27392,38.81301],[-122.27332,38.8088],[-122.2706,38.80541],[-122.26965,38.80296],[-122.2662,38.8],[-122.26468,38.79625],[-122.26066,38.79194],[-122.26038,38.79012],[-122.25844,38.7888],[-122.25925,38.78672],[-122.25882,38.78585],[-122.25695,38.78472],[-122.25479,38.78158],[-122.25022,38.76695],[-122.24855,38.75484],[-122.24538,38.75005],[-122.24251,38.7476],[-122.24024,38.74344],[-122.23605,38.74144],[-122.23211,38.7375],[-122.23242,38.73636],[-122.2305,38.73477],[-122.22837,38.7291],[-122.22547,38.72669],[-122.22411,38.72098],[-122.22697,38.72048],[-122.2242,38.71421],[-122.2238,38.7082],[-122.22172,38.70477],[-122.22267,38.6988],[-122.2197,38.69507],[-122.21187,38.69335],[-122.21062,38.69382],[-122.21099,38.69476],[-122.21038,38.69541],[-122.20915,38.69489],[-122.20684,38.69535],[-122.20228,38.69114],[-122.19795,38.6829],[-122.19876,38.68044],[-122.20197,38.67768],[-122.20152,38.67641],[-122.19804,38.67288],[-122.19743,38.67024],[-122.19304,38.66728],[-122.18958,38.66285],[-122.18135,38.65723],[-122.17374,38.65831],[-122.16647,38.65521],[-122.16543,38.65394],[-122.16129,38.64722],[-122.16134,38.64542],[-122.16042,38.64379],[-122.16412,38.64173],[-122.16399,38.64017],[-122.15925,38.63513],[-122.16051,38.63271],[-122.16845,38.62948],[-122.16792,38.62689],[-122.16636,38.62436],[-122.16682,38.62038],[-122.16598,38.61887],[-122.16393,38.6173],[-122.16041,38.61898],[-122.15933,38.61884],[-122.15609,38.62196],[-122.14932,38.62491],[-122.14868,38.62417],[-122.14929,38.62219],[-122.14533,38.61825],[-122.14337,38.6153],[-122.14242,38.61212],[-122.13994,38.60931],[-122.13827,38.60927],[-122.13683,38.60815],[-122.13493,38.60488],[-122.13365,38.59998],[-122.13163,38.59718],[-122.13086,38.59274],[-122.12844,38.59016],[-122.12672,38.58675],[-122.1263,38.58022],[-122.12161,38.56901],[-122.12155,38.56647],[-122.1232,38.56437],[-122.1208,38.55985],[-122.11656,38.54455],[-122.11395,38.53802],[-122.11523,38.53602],[-122.11516,38.53446],[-122.1115,38.53059],[-122.11294,38.52889],[-122.11267,38.52688],[-122.11168,38.52417],[-122.10948,38.52324],[-122.10961,38.52181],[-122.10832,38.51989],[-122.10345,38.51545],[-122.10316,38.51349],[-122.09851,38.51284],[-122.09548,38.51318],[-122.09165,38.51632],[-122.08766,38.51458],[-122.08203,38.51487],[-122.07956,38.51408],[-122.07164,38.51396],[-122.06192,38.5158],[-122.05855,38.51763],[-122.0566,38.51711],[-122.05151,38.51206],[-122.04962,38.51147],[-122.04608,38.50829],[-122.04206,38.506],[-122.04171,38.50364],[-122.03653,38.49735],[-122.03213,38.49459],[-122.02416,38.49202],[-122.02052,38.48966],[-122.01431,38.48886],[-122.01126,38.48974],[-122.00499,38.49405],[-122.00137,38.49472],[-121.99893,38.49703],[-121.9972,38.49991],[-121.98949,38.5014],[-121.9854,38.50531],[-121.98342,38.50518],[-121.97695,38.50785],[-121.97601,38.50873],[-121.97621,38.51136],[-121.9753,38.51295],[-121.97364,38.51435],[-121.97029,38.51557],[-121.96949,38.51823],[-121.96748,38.51988],[-121.96307,38.52279],[-121.9608,38.52289],[-121.94566,38.52768],[-121.94435,38.52873],[-121.94226,38.53251],[-121.94078,38.53339],[-121.93571,38.53287],[-121.9252,38.52977],[-121.90979,38.52967],[-121.90072,38.53247],[-121.89404,38.53313],[-121.89188,38.53443],[-121.8898,38.53688],[-121.8847,38.53919],[-121.88047,38.53784],[-121.87103,38.53878],[-121.86699,38.53732],[-121.86051,38.53846],[-121.85426,38.53673],[-121.84953,38.53701],[-121.84628,38.5361],[-121.84011,38.53392],[-121.83249,38.53001],[-121.82577,38.52969],[-121.8132,38.52628],[-121.8076,38.52733],[-121.79714,38.52759],[-121.786,38.5232],[-121.78361,38.52357],[-121.78316,38.52666],[-121.77993,38.52974],[-121.77565,38.53053],[-121.77121,38.53274],[-121.76946,38.5321],[-121.76538,38.52866],[-121.76223,38.52759],[-121.75842,38.53184],[-121.74917,38.53512],[-121.74785,38.53621],[-121.74638,38.53909],[-121.7422,38.54038],[-121.73917,38.54021],[-121.73878,38.53846],[-121.73744,38.53759],[-121.73418,38.5375],[-121.73159,38.53617],[-121.72477,38.53616],[-121.72193,38.53498],[-121.71151,38.53789],[-121.70982,38.53694],[-121.70945,38.53553],[-121.70727,38.53547],[-121.70534,38.532],[-121.70408,38.53224],[-121.70389,38.53059],[-121.69972,38.52712],[-121.69468,38.52706],[-121.69624,38.50076],[-121.69554,38.48827],[-121.69337,38.48824],[-121.69411,38.34813],[-121.69298,38.3147],[-121.59301,38.31381],[-121.59625,38.31129],[-121.59827,38.31059],[-121.59826,38.30876],[-121.59738,38.30807],[-121.59968,38.30486],[-121.59994,38.30097],[-121.60312,38.29888],[-121.60513,38.29613],[-121.60363,38.28973],[-121.60535,38.28674],[-121.60533,38.28491],[-121.60241,38.2824],[-121.60064,38.27875],[-121.60235,38.27437],[-121.60435,38.2714],[-121.60169,38.26407],[-121.60167,38.26156],[-121.60048,38.25813],[-121.60047,38.25629],[-121.60248,38.25354],[-121.60304,38.25125],[-121.6024,38.24346],[-121.60324,38.23956],[-121.60252,38.22217],[-121.60366,38.21917],[-121.61054,38.2093],[-121.61139,38.20724],[-121.61135,38.20242],[-121.61249,38.19899],[-121.61566,38.19621],[-121.62086,38.19413],[-121.62462,38.19342],[-121.62955,38.19432],[-121.63592,38.19292],[-121.64083,38.1906],[-121.64688,38.18575],[-121.65352,38.18344],[-121.65937,38.18233],[-121.65906,38.18721],[-121.66118,38.18798],[-121.66486,38.18455],[-121.67153,38.17576],[-121.67588,38.17226],[-121.67594,38.17116],[-121.67716,38.17107],[-121.6798,38.16844],[-121.68203,38.16478],[-121.68713,38.15954],[-121.68899,38.15663],[-121.69026,38.15162],[-121.69212,38.14814],[-121.69287,38.14468],[-121.69837,38.13063],[-121.70154,38.12491],[-121.70699,38.11771],[-121.70981,38.10421],[-121.70911,38.09998],[-121.70986,38.093],[-121.71146,38.08897],[-121.71496,38.08482],[-121.72938,38.08326],[-121.73535,38.08516],[-121.74008,38.08913],[-121.74468,38.09044],[-121.74974,38.08834],[-121.75305,38.08586],[-121.77765,38.0745],[-121.78318,38.07047],[-121.79754,38.06423],[-121.80354,38.06292],[-121.81778,38.06718],[-121.82314,38.06947],[-121.82548,38.06921],[-121.83159,38.0713],[-121.83272,38.07233],[-121.83026,38.07599],[-121.83304,38.07327],[-121.83411,38.07301],[-121.83831,38.07611],[-121.83776,38.078],[-121.83886,38.07635],[-121.84263,38.07716],[-121.84963,38.07459],[-121.86448,38.07202],[-121.86561,38.06614],[-121.86885,38.06291],[-121.88002,38.05654],[-121.89337,38.05293],[-121.89748,38.05094],[-121.91685,38.05033],[-121.92848,38.05175],[-121.93366,38.05344],[-121.93387,38.05527],[-121.93187,38.05674],[-121.92391,38.05724],[-121.91922,38.05898],[-121.91841,38.06047],[-121.9184,38.0647],[-121.91982,38.068],[-121.91921,38.06876],[-121.9195,38.06969],[-121.91464,38.07187],[-121.91039,38.0722],[-121.90934,38.07519],[-121.9065,38.07578],[-121.90734,38.07791],[-121.90893,38.07743],[-121.90815,38.07921],[-121.91021,38.08034],[-121.9109,38.08276],[-121.91849,38.08302],[-121.92234,38.08149],[-121.9283,38.08077],[-121.92938,38.08158],[-121.93447,38.08009],[-121.93624,38.07998],[-121.93751,38.08089],[-121.94206,38.07842],[-121.94707,38.07711],[-121.94927,38.07746],[-121.95089,38.07539],[-121.95344,38.07695],[-121.95567,38.07739],[-121.95671,38.07876],[-121.95952,38.07938],[-121.96036,38.07908],[-121.96065,38.07707],[-121.96181,38.07716],[-121.9636,38.07517],[-121.96705,38.07565],[-121.96815,38.07455],[-121.972,38.07404],[-121.97385,38.07484],[-121.9767,38.08178],[-121.98072,38.08097],[-121.98347,38.08471],[-121.98504,38.08564],[-121.98854,38.08669],[-121.99242,38.08605],[-121.99688,38.08667],[-122.00108,38.08912],[-122.01296,38.09393],[-122.01226,38.09672],[-122.01333,38.09795],[-122.01145,38.09921],[-122.00899,38.09935],[-122.00632,38.10152],[-122.00684,38.10198],[-122.0038,38.10136],[-122.00116,38.1022],[-121.99954,38.10424],[-121.99655,38.1043],[-121.99554,38.10553],[-121.99224,38.10597],[-121.99119,38.10679],[-121.99114,38.10835],[-121.99293,38.10896],[-121.9927,38.10954],[-121.98749,38.11229],[-121.98132,38.11329],[-121.97961,38.11675],[-121.98005,38.1187],[-121.98765,38.13053],[-121.99093,38.13414],[-121.99559,38.13688],[-121.99568,38.13791],[-121.99704,38.1392],[-122.0002,38.14056],[-122.00139,38.14017],[-122.00203,38.13848],[-122.00383,38.1396],[-122.00904,38.1408],[-122.02015,38.13737],[-122.02391,38.13801],[-122.02751,38.13723],[-122.03409,38.13753],[-122.0371,38.13653],[-122.04249,38.13637],[-122.04368,38.13696],[-122.04919,38.13541],[-122.05356,38.13294],[-122.05701,38.13433],[-122.06182,38.13172],[-122.06159,38.12604],[-122.06249,38.1245],[-122.06649,38.12301],[-122.07098,38.12253],[-122.07901,38.12492],[-122.08188,38.12492],[-122.07828,38.12154],[-122.07512,38.12037],[-122.0693,38.11958],[-122.0657,38.11798],[-122.06594,38.11243],[-122.06796,38.10765],[-122.07199,38.10282],[-122.07787,38.09767],[-122.10352,38.07775],[-122.11466,38.0679],[-122.1241,38.05677],[-122.12658,38.05269],[-122.12786,38.04915],[-122.1276,38.04746],[-122.12876,38.04576],[-122.13015,38.0445],[-122.13487,38.04302],[-122.14668,38.04199],[-122.14755,38.04204],[-122.14755,38.04284],[-122.14827,38.04218],[-122.14975,38.04225],[-122.1571,38.04355],[-122.15675,38.04429],[-122.15441,38.04428],[-122.15377,38.04497],[-122.15727,38.04621],[-122.158,38.04566],[-122.15803,38.04367],[-122.16161,38.04383],[-122.16289,38.04367],[-122.16341,38.04271],[-122.16457,38.04289],[-122.16526,38.04429],[-122.16271,38.0449],[-122.16156,38.04694],[-122.1624,38.04721],[-122.16112,38.04811],[-122.16164,38.05042],[-122.16433,38.0517],[-122.16349,38.05271],[-122.16399,38.05383],[-122.16517,38.0545],[-122.1683,38.05395],[-122.17012,38.05475],[-122.16876,38.05583],[-122.1692,38.05628],[-122.17157,38.05605],[-122.17281,38.0566],[-122.17334,38.05775],[-122.17475,38.05786],[-122.17527,38.05841],[-122.17449,38.05979],[-122.17559,38.06118],[-122.17742,38.0621],[-122.17933,38.06198],[-122.183,38.06498],[-122.18355,38.068],[-122.18636,38.06864],[-122.1881,38.07057],[-122.19137,38.06883],[-122.19276,38.06615],[-122.19276,38.06164],[-122.1945,38.05985],[-122.20058,38.0615],[-122.2013,38.06242],[-122.2013,38.06443],[-122.2033,38.06404],[-122.2035,38.06528],[-122.20623,38.06784],[-122.20996,38.0656],[-122.2141,38.06594],[-122.22646,38.06486],[-122.22977,38.06608],[-122.23191,38.06848],[-122.23495,38.06955],[-122.23791,38.0717],[-122.23964,38.07358],[-122.23953,38.07512],[-122.24162,38.07804],[-122.24657,38.0806],[-122.24582,38.08136],[-122.24654,38.08294],[-122.24767,38.08333],[-122.24829,38.08797],[-122.24968,38.08724],[-122.25104,38.08827],[-122.25084,38.08935],[-122.25312,38.09161],[-122.25506,38.09203],[-122.25506,38.09303],[-122.25746,38.09541],[-122.25925,38.09679],[-122.25998,38.09656],[-122.26279,38.09942],[-122.2658,38.10309],[-122.26574,38.10412],[-122.2675,38.10524],[-122.26788,38.10806],[-122.27193,38.11188],[-122.273,38.11469],[-122.2752,38.11726],[-122.27448,38.11822],[-122.27567,38.11783],[-122.27642,38.11838],[-122.2761,38.12159],[-122.277,38.12225],[-122.27621,38.12252],[-122.27645,38.12417],[-122.27584,38.12494],[-122.27384,38.12531],[-122.27674,38.12599],[-122.27372,38.12609],[-122.27245,38.12794],[-122.27181,38.13114],[-122.27334,38.13352],[-122.27036,38.13442],[-122.26713,38.14188],[-122.26832,38.14492],[-122.27235,38.1479],[-122.27843,38.1501],[-122.28151,38.14992],[-122.28177,38.14951],[-122.27994,38.1484],[-122.28003,38.14506],[-122.28336,38.14809],[-122.28374,38.15049],[-122.28797,38.15152],[-122.29096,38.15365],[-122.29009,38.15837],[-122.28771,38.16109],[-122.2871,38.16507],[-122.28776,38.16763],[-122.28434,38.16851],[-122.28376,38.16933],[-122.28588,38.17127],[-122.28614,38.17345],[-122.28538,38.17512],[-122.28834,38.17812],[-122.29014,38.18222],[-122.29121,38.18316],[-122.29434,38.18469],[-122.29933,38.18533],[-122.30304,38.18513],[-122.30368,38.18359],[-122.30803,38.18341],[-122.30968,38.18513],[-122.31288,38.19234],[-122.31609,38.192],[-122.31714,38.18673],[-122.32356,38.18556],[-122.32325,38.18445],[-122.31548,38.18124],[-122.31206,38.17654],[-122.30884,38.17437],[-122.29892,38.17324],[-122.29577,38.1716],[-122.29492,38.16857],[-122.29823,38.15848],[-122.29802,38.15538],[-122.40723,38.15597],[-122.40508,38.15244],[-122.4064,38.15163],[-122.40457,38.14758],[-122.40736,38.14117],[-122.41031,38.13723],[-122.41481,38.13341],[-122.42098,38.12991],[-122.42281,38.12762],[-122.42834,38.12559],[-122.42959,38.1237],[-122.43425,38.12102],[-122.43791,38.11999],[-122.43962,38.11784],[-122.44361,38.11612],[-122.44779,38.11718],[-122.45126,38.11676],[-122.45144,38.11894],[-122.45376,38.12004],[-122.45932,38.11793],[-122.47946,38.11545],[-122.48962,38.11243],[-122.49426,38.1122],[-122.49411,38.10917],[-122.48872,38.10536],[-122.48935,38.1],[-122.48857,38.09993],[-122.48794,38.10515],[-122.49339,38.10959],[-122.48942,38.10746],[-122.48739,38.10501],[-122.48816,38.0973],[-122.48715,38.09768],[-122.48761,38.09482],[-122.48608,38.09366],[-122.48535,38.09139],[-122.48418,38.07264],[-122.48609,38.06699],[-122.48788,38.06475],[-122.49164,38.0565],[-122.4925,38.05055],[-122.49143,38.04856],[-122.49273,38.04805],[-122.49701,38.03672],[-122.49741,38.03203],[-122.49828,38.03134],[-122.49822,38.02695],[-122.4972,38.02347],[-122.4974,38.01914],[-122.49922,38.01756],[-122.50104,38.01712],[-122.50107,38.01593],[-122.49586,38.01571],[-122.489,38.0142],[-122.48741,38.01367],[-122.48292,38.00951],[-122.47951,38.0074],[-122.47676,38.00647],[-122.47375,38.00656],[-122.47262,38.00525],[-122.47077,38.00512],[-122.46947,38.00377],[-122.46519,38.00436],[-122.46391,38.00283],[-122.46247,38.00343],[-122.45998,37.99932],[-122.45593,37.99729],[-122.45445,37.99498],[-122.45283,37.99415],[-122.45289,37.99323],[-122.45078,37.99255],[-122.44785,37.98856],[-122.44722,37.98516],[-122.44967,37.98318],[-122.45274,37.98229],[-122.45627,37.98],[-122.46333,37.98181],[-122.4657,37.98439],[-122.46691,37.98456],[-122.4727,37.98206],[-122.47463,37.97945],[-122.47556,37.9764],[-122.47504,37.97489],[-122.47735,37.97388],[-122.48088,37.97487],[-122.47677,37.97293],[-122.47689,37.9713],[-122.48339,37.97116],[-122.47738,37.97173],[-122.4772,37.97279],[-122.48059,37.97363],[-122.48067,37.97217],[-122.48198,37.9732],[-122.48409,37.97258],[-122.48406,37.97178],[-122.48492,37.97246],[-122.48579,37.97216],[-122.48498,37.97114],[-122.48576,37.97031],[-122.49062,37.9707],[-122.49273,37.96996],[-122.49466,37.97066],[-122.49499,37.96697],[-122.49105,37.9655],[-122.48963,37.96417],[-122.4896,37.96129],[-122.49079,37.95978],[-122.48659,37.94669],[-122.48505,37.94577],[-122.48106,37.94543],[-122.47719,37.94316],[-122.47713,37.94234],[-122.48005,37.94236],[-122.48248,37.9406],[-122.48482,37.94087],[-122.48805,37.93725],[-122.48935,37.93698],[-122.49092,37.93744],[-122.49207,37.93908],[-122.49366,37.93897],[-122.493,37.93821],[-122.49658,37.93926],[-122.49823,37.94116],[-122.50989,37.94586],[-122.50729,37.94318],[-122.50472,37.9418],[-122.50579,37.94032],[-122.5046,37.94043],[-122.50541,37.93759],[-122.50392,37.93214],[-122.50247,37.93191],[-122.50181,37.92816],[-122.49975,37.92583],[-122.50105,37.92534],[-122.49857,37.92532],[-122.49758,37.92415],[-122.49755,37.92285],[-122.49663,37.92381],[-122.49379,37.92152],[-122.48998,37.92068],[-122.48614,37.921],[-122.47923,37.91631],[-122.47501,37.91739],[-122.47463,37.91615],[-122.47535,37.91663],[-122.47856,37.91546],[-122.47798,37.91446],[-122.47463,37.91521],[-122.47289,37.90933],[-122.47367,37.90917],[-122.47417,37.90988],[-122.47509,37.90949],[-122.4759,37.91059],[-122.47564,37.9091],[-122.47223,37.90826],[-122.47656,37.90844],[-122.47674,37.90576],[-122.4759,37.90461],[-122.47211,37.90324],[-122.47104,37.90159],[-122.46934,37.90192],[-122.46861,37.90022],[-122.46587,37.89779],[-122.46197,37.89725],[-122.46084,37.89571],[-122.45833,37.89436],[-122.45137,37.89376],[-122.4494,37.89429],[-122.44822,37.89372],[-122.4444,37.888],[-122.44435,37.8866],[-122.43891,37.88294],[-122.43834,37.88129],[-122.43897,37.88019],[-122.44123,37.88086],[-122.4431,37.87994],[-122.4442,37.87868],[-122.44359,37.87605],[-122.44876,37.87451],[-122.45029,37.87209],[-122.45286,37.8724],[-122.45332,37.87174],[-122.45396,37.87266],[-122.45613,37.87293],[-122.45685,37.87254],[-122.45682,37.87131],[-122.45743,37.87128],[-122.46037,37.87378],[-122.4634,37.87222],[-122.46239,37.86881],[-122.46083,37.86799],[-122.45838,37.86508],[-122.45788,37.86203],[-122.45849,37.86203],[-122.46909,37.86879],[-122.47409,37.8749],[-122.47432,37.87732],[-122.47158,37.88097],[-122.47366,37.8847],[-122.47681,37.88736],[-122.48453,37.89165],[-122.4882,37.8949],[-122.49158,37.89488],[-122.49328,37.89353],[-122.49897,37.89352],[-122.50027,37.89428],[-122.50079,37.89634],[-122.50077,37.89702],[-122.50019,37.89684],[-122.49923,37.89538],[-122.49958,37.89707],[-122.50198,37.8976],[-122.50189,37.89522],[-122.50418,37.89446],[-122.50334,37.89281],[-122.50346,37.89004],[-122.50099,37.88679],[-122.5013,37.88445],[-122.4996,37.88265],[-122.49862,37.88281],[-122.50087,37.88851],[-122.5021,37.88961],[-122.50152,37.89048],[-122.50297,37.89025],[-122.50245,37.89192],[-122.50079,37.89178],[-122.49859,37.88656],[-122.49584,37.87876],[-122.49599,37.87789],[-122.49729,37.87725],[-122.49948,37.87812],[-122.50205,37.8804],[-122.50413,37.88075],[-122.50349,37.88205],[-122.50447,37.88302],[-122.50653,37.88362],[-122.50907,37.88251],[-122.51115,37.88334],[-122.51201,37.88465],[-122.50935,37.8868],[-122.51187,37.88845],[-122.51522,37.88572],[-122.5171,37.88582],[-122.51981,37.88879],[-122.51862,37.88938],[-122.51822,37.89232],[-122.51972,37.8914],[-122.5192,37.88998],[-122.52039,37.88952],[-122.52313,37.8925],[-122.52324,37.89431],[-122.5246,37.8958],[-122.52359,37.89207],[-122.52512,37.89172],[-122.52296,37.89101],[-122.52287,37.88875],[-122.52039,37.88641],[-122.52189,37.88543],[-122.51727,37.88208],[-122.51482,37.88133],[-122.51488,37.88046],[-122.51398,37.88016],[-122.51372,37.88091],[-122.51274,37.88007],[-122.51309,37.87901],[-122.51222,37.87814],[-122.50572,37.87379],[-122.50523,37.87425],[-122.5063,37.87569],[-122.50399,37.87729],[-122.50549,37.87571],[-122.50503,37.87537],[-122.50208,37.87716],[-122.50465,37.8751],[-122.50387,37.87512],[-122.5044,37.87267],[-122.5004,37.87168],[-122.49996,37.87081],[-122.49731,37.87214],[-122.49863,37.8704],[-122.49771,37.86999],[-122.49621,37.87099],[-122.4956,37.87042],[-122.49742,37.86907],[-122.49725,37.86745],[-122.49644,37.86628],[-122.49519,37.86617],[-122.49543,37.86546],[-122.49459,37.86445],[-122.49257,37.86477],[-122.49349,37.86356],[-122.48826,37.86395],[-122.4893,37.86246],[-122.4874,37.8615],[-122.48748,37.86228],[-122.4865,37.86195],[-122.48546,37.86015],[-122.48303,37.8596],[-122.48075,37.85788],[-122.47807,37.85942],[-122.47784,37.85846],[-122.47861,37.85782],[-122.47847,37.85164],[-122.47968,37.84756],[-122.47757,37.84646],[-122.47676,37.84241],[-122.47558,37.84186],[-122.47162,37.8366],[-122.47277,37.83191],[-122.47395,37.8322],[-122.4745,37.83364],[-122.47802,37.83305],[-122.47704,37.83115],[-122.47846,37.83092],[-122.47811,37.82535],[-122.48151,37.82606],[-122.48327,37.82565],[-122.48324,37.82629],[-122.48457,37.82689],[-122.48613,37.82629],[-122.49124,37.82661],[-122.49213,37.82508],[-122.49585,37.82214],[-122.49963,37.82189],[-122.49911,37.81985],[-122.50058,37.81983],[-122.50167,37.8215],[-122.50449,37.82104],[-122.50582,37.82306],[-122.5113,37.82471],[-122.51595,37.82531],[-122.51702,37.82471],[-122.5184,37.82531],[-122.52368,37.8248],[-122.52484,37.82336],[-122.52458,37.82263],[-122.52574,37.82243],[-122.52591,37.82112],[-122.52859,37.8205],[-122.52972,37.81906],[-122.52805,37.81531],[-122.52975,37.81515],[-122.53021,37.8154],[-122.52937,37.81631],[-122.53191,37.8189],[-122.53211,37.82108],[-122.53419,37.82197],[-122.53457,37.82332],[-122.53615,37.82412],[-122.53442,37.82542],[-122.53618,37.82907],[-122.53993,37.83147],[-122.54181,37.83161],[-122.54195,37.83239],[-122.54325,37.83207],[-122.54637,37.83411],[-122.54926,37.83395],[-122.54975,37.8349],[-122.54914,37.83583],[-122.55006,37.83818],[-122.55145,37.83894],[-122.55145,37.8402],[-122.55243,37.84131],[-122.55356,37.84109],[-122.55413,37.84219],[-122.55552,37.84166],[-122.55615,37.84244],[-122.55558,37.84333],[-122.55595,37.84439],[-122.55968,37.84544],[-122.55904,37.84787],[-122.56074,37.84798],[-122.56164,37.84901],[-122.56222,37.85185],[-122.56666,37.85389],[-122.56796,37.85331],[-122.5705,37.85361],[-122.57068,37.85457],[-122.57353,37.85572],[-122.57475,37.85783],[-122.57769,37.85938],[-122.58058,37.85931],[-122.58162,37.85693],[-122.58283,37.85743],[-122.58231,37.85826],[-122.58491,37.85931],[-122.58555,37.86045],[-122.5889,37.86151],[-122.5889,37.86243],[-122.59069,37.8646],[-122.59592,37.86915],[-122.59814,37.87229],[-122.60146,37.87419],[-122.60227,37.87545],[-122.60534,37.8754],[-122.60716,37.87652],[-122.61279,37.87776],[-122.61328,37.87844],[-122.61819,37.87702],[-122.62114,37.87798],[-122.6214,37.87917],[-122.62342,37.88066],[-122.62651,37.88045],[-122.62882,37.88162],[-122.62824,37.88441],[-122.62873,37.88535],[-122.63063,37.88608],[-122.63317,37.88865],[-122.63306,37.8894],[-122.63866,37.89463],[-122.64782,37.90015],[-122.65585,37.90331],[-122.66443,37.90551],[-122.68075,37.90666],[-122.6813,37.90741],[-122.68081,37.90924],[-122.67679,37.90796],[-122.67174,37.90913],[-122.66156,37.90938],[-122.65368,37.90702],[-122.65524,37.90864],[-122.65957,37.90999],[-122.66613,37.91407],[-122.6665,37.9159],[-122.6717,37.91931],[-122.67199,37.92071],[-122.67537,37.92389],[-122.67682,37.92486],[-122.68058,37.92552],[-122.68286,37.92788],[-122.68251,37.92934],[-122.68335,37.9298],[-122.68896,37.93037],[-122.68974,37.93076],[-122.68928,37.93163],[-122.68974,37.93218],[-122.69673,37.93415],[-122.69766,37.93413],[-122.69841,37.9331],[-122.6961,37.93008],[-122.69508,37.92659],[-122.6926,37.92298],[-122.69029,37.92332],[-122.68974,37.92186],[-122.68809,37.92179],[-122.68855,37.92023],[-122.68769,37.91865],[-122.68841,37.91767],[-122.68835,37.91551],[-122.68506,37.91114],[-122.6824,37.90998],[-122.68257,37.90636],[-122.69826,37.89848],[-122.70178,37.89404],[-122.70482,37.89427],[-122.70993,37.89606],[-122.71429,37.90052],[-122.72516,37.90258],[-122.72724,37.90374],[-122.72901,37.91056],[-122.73066,37.91306],[-122.73213,37.91805],[-122.73702,37.92571],[-122.74257,37.92887],[-122.74931,37.93125],[-122.75462,37.93553],[-122.7628,37.9368],[-122.76615,37.93801],[-122.76829,37.94174],[-122.77074,37.9439],[-122.77309,37.94435],[-122.77661,37.94357],[-122.77603,37.94573],[-122.77794,37.94807],[-122.78329,37.94827],[-122.78404,37.9545],[-122.79331,37.97167],[-122.80132,37.98039],[-122.80968,37.98564],[-122.81263,37.98529],[-122.8214,37.99674],[-122.82528,37.99892],[-122.82828,37.99818],[-122.82831,37.99997],[-122.83271,38.00343],[-122.85659,38.01672],[-122.87118,38.02191],[-122.8832,38.02558],[-122.89466,38.02755],[-122.92279,38.02923],[-122.926,38.02884],[-122.92977,38.0306],[-122.93144,38.03331],[-122.93107,38.03417],[-122.92476,38.02987],[-122.92007,38.02939],[-122.92007,38.03001],[-122.91547,38.03035],[-122.91162,38.02961],[-122.90965,38.03067],[-122.90412,38.02938],[-122.90053,38.03025],[-122.89561,38.03014],[-122.88927,38.02968],[-122.88812,38.02821],[-122.88852,38.02986],[-122.89092,38.03156],[-122.89167,38.03396],[-122.89396,38.0338],[-122.89778,38.03158],[-122.90704,38.03289],[-122.90829,38.03385],[-122.90875,38.03497],[-122.90699,38.03699],[-122.90597,38.0406],[-122.90444,38.04179],[-122.90481,38.04339],[-122.90727,38.04468],[-122.90556,38.04742],[-122.90851,38.04951],[-122.90932,38.05154],[-122.91045,38.04942],[-122.91048,38.04509],[-122.91381,38.03958],[-122.91303,38.03658],[-122.91448,38.03353],[-122.9172,38.03385],[-122.91824,38.0371],[-122.91943,38.03342],[-122.92099,38.03301],[-122.92453,38.03328],[-122.92519,38.03479],[-122.92713,38.03592],[-122.92791,38.03541],[-122.93194,38.03562],[-122.93283,38.03891],[-122.93193,38.04189],[-122.93668,38.04461],[-122.93758,38.04635],[-122.93555,38.04956],[-122.93431,38.0537],[-122.9335,38.0548],[-122.92585,38.0586],[-122.92501,38.05968],[-122.92255,38.05977],[-122.92252,38.06185],[-122.91986,38.06354],[-122.92165,38.06474],[-122.92171,38.06597],[-122.91679,38.0686],[-122.92223,38.0714],[-122.922,38.07266],[-122.92313,38.07479],[-122.92391,38.07394],[-122.92333,38.0722],[-122.92388,38.06918],[-122.92718,38.06386],[-122.9293,38.06256],[-122.93335,38.06467],[-122.93393,38.06655],[-122.93292,38.06863],[-122.93413,38.06968],[-122.9335,38.07295],[-122.93526,38.07483],[-122.93425,38.07726],[-122.93196,38.07989],[-122.93199,38.08151],[-122.93558,38.08451],[-122.93158,38.08639],[-122.93071,38.08916],[-122.92874,38.09115],[-122.93193,38.09102],[-122.93544,38.08893],[-122.93483,38.08653],[-122.93761,38.08319],[-122.9366,38.08218],[-122.93709,38.08065],[-122.94027,38.07751],[-122.93949,38.076],[-122.93975,38.07115],[-122.94213,38.06657],[-122.94158,38.06387],[-122.94421,38.0619],[-122.94433,38.06085],[-122.95304,38.06059],[-122.95455,38.06201],[-122.9533,38.06368],[-122.95429,38.06609],[-122.95322,38.07144],[-122.95461,38.07259],[-122.95414,38.07359],[-122.95467,38.07561],[-122.95643,38.07616],[-122.9558,38.07703],[-122.95652,38.07771],[-122.95739,38.07746],[-122.95655,38.07497],[-122.95704,38.07352],[-122.95632,38.07337],[-122.95643,38.07091],[-122.95559,38.06984],[-122.95765,38.06815],[-122.95779,38.06608],[-122.95631,38.06359],[-122.95837,38.06165],[-122.95096,38.05798],[-122.94841,38.05427],[-122.94939,38.04894],[-122.95593,38.05178],[-122.96022,38.05517],[-122.96355,38.05638],[-122.96439,38.0561],[-122.96346,38.05496],[-122.95987,38.05345],[-122.96146,38.05285],[-122.95869,38.0516],[-122.95683,38.04882],[-122.9553,38.04905],[-122.94925,38.0461],[-122.94705,38.04303],[-122.94238,38.0391],[-122.94039,38.03509],[-122.93903,38.03477],[-122.93891,38.03603],[-122.93665,38.03559],[-122.93593,38.03491],[-122.93607,38.03393],[-122.93874,38.03321],[-122.94044,38.03161],[-122.94623,38.0312],[-122.95683,38.02873],[-122.96149,38.02715],[-122.96638,38.02442],[-122.97239,38.02025],[-122.97618,38.01659],[-122.98179,38.00912],[-122.98327,38.00562],[-122.98404,38.00143],[-122.98332,37.99795],[-122.9775,37.99639],[-122.97305,37.99422],[-122.96749,37.99388],[-122.96454,37.99015],[-122.96645,37.98969],[-122.96801,37.9904],[-122.97299,37.99033],[-122.97397,37.9923],[-122.97851,37.99294],[-122.98086,37.9925],[-122.9852,37.99303],[-122.9865,37.99207],[-122.98731,37.99344],[-122.99078,37.99477],[-122.99523,37.99291],[-122.99668,37.99428],[-122.99963,37.99334],[-123.00047,37.99396],[-123.00165,37.99316],[-123.00578,37.99335],[-123.00625,37.99477],[-123.00798,37.99556],[-123.01125,37.99546],[-123.01142,37.99473],[-123.01217,37.99562],[-123.01468,37.99397],[-123.01737,37.99463],[-123.01764,37.99411],[-123.02082,37.99525],[-123.02403,37.99484],[-123.02375,37.99631],[-123.02066,37.99977],[-123.01724,37.99878],[-123.0161,37.9991],[-123.01488,38.00097],[-123.013,38.00139],[-123.0081,38.00923],[-123.00494,38.01665],[-122.99833,38.02896],[-122.9981,38.03059],[-122.9959,38.03403],[-122.99533,38.03663],[-122.99385,38.03845],[-122.98521,38.05779],[-122.9818,38.06395],[-122.98139,38.06605],[-122.97789,38.07295],[-122.97616,38.07805],[-122.97445,38.08053],[-122.97375,38.0835],[-122.9609,38.11297],[-122.95592,38.12815],[-122.95398,38.13209],[-122.94877,38.15423],[-122.94955,38.15784],[-122.94964,38.16405],[-122.95222,38.16661],[-122.95159,38.16771],[-122.95199,38.16984],[-122.95492,38.17064],[-122.95327,38.17128],[-122.95364,38.17567],[-122.95588,38.1781],[-122.96461,38.18158],[-122.96661,38.18332],[-122.96829,38.18268],[-122.96589,38.18497],[-122.96542,38.18712],[-122.96537,38.19081],[-122.96601,38.19117],[-122.96601,38.19607],[-122.96682,38.19962],[-122.96813,38.20243],[-122.97117,38.20467],[-122.97216,38.20717],[-122.97564,38.20914],[-122.97861,38.21291],[-122.98064,38.21431],[-122.98134,38.21671],[-122.98102,38.22166],[-122.98175,38.2231],[-122.98416,38.22484],[-122.985,38.22475],[-122.9861,38.22653],[-122.98767,38.22696],[-122.98703,38.22719],[-122.98796,38.22955],[-122.98906,38.22951],[-122.98903,38.23044],[-122.99226,38.23294],[-122.99235,38.235],[-122.99386,38.23573],[-122.99348,38.23676],[-122.99563,38.23939],[-122.99523,38.24104],[-122.99026,38.2383],[-122.98753,38.23796],[-122.98556,38.23654],[-122.98512,38.23535],[-122.98265,38.23418],[-122.9814,38.23109],[-122.97844,38.22887],[-122.97684,38.22651],[-122.97115,38.22336],[-122.97011,38.22102],[-122.96294,38.21413],[-122.95937,38.20898],[-122.95481,38.20651],[-122.95165,38.20605],[-122.95008,38.20509],[-122.95055,38.20299],[-122.95133,38.20259],[-122.94765,38.20283],[-122.9462,38.20161],[-122.9457,38.19969],[-122.94614,38.19802],[-122.94782,38.19749],[-122.94709,38.19616],[-122.94854,38.19532],[-122.95145,38.19568],[-122.95011,38.19385],[-122.94292,38.19411],[-122.94138,38.19328],[-122.94123,38.19245],[-122.9381,38.19138],[-122.93746,38.18955],[-122.93578,38.18891],[-122.93511,38.18763],[-122.93372,38.18717],[-122.93195,38.18779],[-122.93227,38.18641],[-122.93024,38.1841],[-122.93079,38.18222],[-122.9303,38.1806],[-122.92743,38.17868],[-122.92694,38.17652],[-122.92302,38.17517],[-122.9236,38.17297],[-122.92169,38.17185],[-122.92108,38.16922],[-122.91899,38.16869],[-122.91543,38.16494],[-122.91522,38.16116],[-122.9096,38.15956],[-122.9069,38.15656],[-122.90734,38.15525],[-122.91073,38.15228],[-122.90685,38.15168],[-122.90552,38.14964],[-122.90366,38.14921],[-122.90323,38.1479],[-122.90384,38.14568],[-122.90149,38.14476],[-122.90091,38.14351],[-122.89668,38.14087],[-122.89529,38.1389],[-122.89662,38.13641],[-122.8948,38.13501],[-122.89364,38.13279],[-122.88932,38.13226],[-122.88703,38.13006],[-122.88608,38.12748],[-122.88318,38.12654],[-122.88252,38.1234],[-122.87933,38.12243],[-122.87511,38.11861],[-122.87461,38.11742],[-122.87195,38.1165],[-122.86977,38.11476],[-122.8691,38.11323],[-122.86574,38.11115],[-122.86449,38.10895],[-122.85751,38.10367],[-122.85087,38.09737],[-122.85075,38.09593],[-122.84722,38.09369],[-122.84505,38.09135],[-122.84197,38.09037],[-122.83488,38.08291],[-122.83731,38.089],[-122.83612,38.08886],[-122.83233,38.08536],[-122.83357,38.08797],[-122.83326,38.08895],[-122.82984,38.08584],[-122.83282,38.09019],[-122.83042,38.08806],[-122.82749,38.08724],[-122.82691,38.08758],[-122.82662,38.0907],[-122.82561,38.08994],[-122.82555,38.09127],[-122.83007,38.09422],[-122.83758,38.10122],[-122.83923,38.10376],[-122.84082,38.10507],[-122.84215,38.10449],[-122.84158,38.10546],[-122.8425,38.10736],[-122.84653,38.10751],[-122.84937,38.1058],[-122.85024,38.10601],[-122.85267,38.10818],[-122.8521,38.1117],[-122.85114,38.11287],[-122.85224,38.11438],[-122.85563,38.11653],[-122.85868,38.11582],[-122.85963,38.11628],[-122.86007,38.11669],[-122.85943,38.11763],[-122.86097,38.119],[-122.86018,38.11761],[-122.86068,38.11669],[-122.86479,38.11928],[-122.865,38.12019],[-122.8628,38.12397],[-122.86315,38.12725],[-122.87112,38.13313],[-122.87278,38.13707],[-122.8722,38.1391],[-122.87336,38.14043],[-122.88091,38.14336],[-122.88383,38.14815],[-122.88749,38.14881],[-122.88867,38.15028],[-122.88838,38.15156],[-122.8916,38.15397],[-122.89493,38.15884],[-122.89449,38.16195],[-122.89817,38.16344],[-122.9011,38.1656],[-122.90411,38.17476],[-122.9058,38.17517],[-122.906,38.17622],[-122.9093,38.17952],[-122.91023,38.18286],[-122.91232,38.18485],[-122.91353,38.18844],[-122.91774,38.1906],[-122.91884,38.19394],[-122.92096,38.19726],[-122.9211,38.19962],[-122.92592,38.20649],[-122.92589,38.21344],[-122.92281,38.2213],[-122.92774,38.21743],[-122.92841,38.21544],[-122.93175,38.21246],[-122.93372,38.21166],[-122.93555,38.21244],[-122.93592,38.21432],[-122.94068,38.2189],[-122.94538,38.22043],[-122.94881,38.22013],[-122.94797,38.21869],[-122.95026,38.21585],[-122.95284,38.21446],[-122.95331,38.2148],[-122.95403,38.21624],[-122.95394,38.21949],[-122.95244,38.22251],[-122.95229,38.2245],[-122.95337,38.22647],[-122.9527,38.23034],[-122.95453,38.23288],[-122.95874,38.2354],[-122.95929,38.23306],[-122.96091,38.23439],[-122.96303,38.23389],[-122.96329,38.23128],[-122.96727,38.2321],[-122.972,38.23176],[-122.97273,38.23278],[-122.97096,38.23732],[-122.96971,38.23871],[-122.96716,38.25024],[-122.96855,38.25374],[-122.9705,38.25544],[-122.97117,38.25928],[-122.97399,38.26127],[-122.9748,38.26361],[-122.9775,38.26649],[-122.9771,38.26898],[-122.97765,38.2698],[-122.97408,38.27008],[-122.97661,38.27088],[-122.98079,38.27038],[-122.98363,38.27301],[-122.98633,38.27317],[-122.98753,38.27464],[-122.98729,38.27606],[-122.98875,38.27738],[-122.98852,38.28001],[-122.98977,38.28118],[-122.99462,38.2831],[-122.99529,38.28537],[-122.99668,38.28626],[-122.99712,38.28946],[-123.00006,38.29088],[-123.00038,38.29342],[-123.00414,38.29702],[-123.00751,38.29869],[-123.01311,38.30352],[-123.02435,38.31058],[-123.03559,38.31321],[-123.04315,38.31342],[-123.04686,38.31267],[-123.05108,38.3107],[-123.05273,38.30804],[-123.05288,38.30605],[-123.05334,38.30569],[-123.05468,38.30647],[-123.05468,38.30907],[-123.05227,38.31203],[-123.05029,38.3129],[-123.05105,38.31422],[-123.04933,38.31535],[-123.04495,38.31468],[-123.03853,38.31516],[-123.03693,38.31665],[-123.03858,38.3172],[-123.03971,38.3191],[-123.03922,38.32177],[-123.03782,38.32251],[-123.04061,38.32603],[-123.04305,38.32801],[-123.04488,38.32855],[-123.04974,38.3341],[-123.0516,38.33311],[-123.05075,38.33444],[-123.05238,38.33375],[-123.05782,38.33625],[-123.05965,38.33428],[-123.05787,38.32851],[-123.05494,38.32606],[-123.05456,38.32006],[-123.05689,38.31679],[-123.05642,38.31463],[-123.06084,38.31297],[-123.06107,38.31184],[-123.05761,38.30774],[-123.05695,38.3047],[-123.05413,38.30447],[-123.05221,38.30294],[-123.05308,38.29962],[-123.05645,38.29928],[-123.05825,38.29836],[-123.06151,38.29971],[-123.06299,38.30232],[-123.06499,38.30278],[-123.06543,38.30649],[-123.06743,38.30855],[-123.06743,38.30985],[-123.06921,38.31146],[-123.0706,38.31427],[-123.06906,38.31651],[-123.07014,38.31697],[-123.07205,38.31642],[-123.0749,38.31979],[-123.07746,38.32116],[-123.07819,38.32311],[-123.07752,38.32347],[-123.0747,38.32258],[-123.07304,38.32407],[-123.06866,38.33439],[-123.06752,38.35536],[-123.06828,38.35987],[-123.07354,38.36978],[-123.0786,38.37445],[-123.07875,38.37661],[-123.08154,38.3778],[-123.08172,38.38131],[-123.08442,38.38591],[-123.08559,38.39053],[-123.09225,38.39474],[-123.09373,38.3946],[-123.09411,38.39305],[-123.09522,38.39293],[-123.09589,38.39399],[-123.09661,38.39394],[-123.09632,38.39545],[-123.09722,38.39604],[-123.09615,38.39627],[-123.09624,38.39904],[-123.09833,38.40385],[-123.09828,38.40662],[-123.10186,38.41316],[-123.10492,38.41664],[-123.10768,38.41808],[-123.10885,38.42035],[-123.11423,38.42161],[-123.11717,38.42886],[-123.12201,38.43016],[-123.12073,38.4317],[-123.12379,38.44019],[-123.12519,38.44074],[-123.12725,38.4393],[-123.12836,38.43948],[-123.12632,38.44287],[-123.12768,38.44832],[-123.1291,38.451],[-123.1344,38.45452],[-123.1406,38.45645],[-123.14412,38.45588],[-123.14429,38.45691],[-123.14316,38.45716],[-123.14362,38.45798],[-123.14453,38.45849],[-123.14659,38.45801],[-123.1454,38.45961],[-123.14814,38.46019],[-123.1511,38.46206],[-123.15166,38.46211],[-123.1518,38.46094],[-123.15279,38.46094],[-123.15303,38.46236],[-123.15166,38.46277],[-123.15145,38.46366],[-123.15265,38.46444],[-123.1562,38.46465],[-123.15585,38.4662],[-123.15783,38.46687],[-123.15841,38.46799],[-123.16304,38.46804],[-123.16272,38.46966],[-123.16464,38.47042],[-123.16368,38.47078],[-123.16464,38.4737],[-123.16644,38.47495],[-123.16947,38.47481],[-123.16965,38.47649],[-123.17329,38.47738],[-123.17495,38.47928],[-123.17893,38.48182],[-123.18234,38.48297],[-123.18322,38.48473],[-123.19256,38.48967],[-123.19915,38.4918],[-123.20229,38.49432],[-123.20491,38.4953],[-123.21059,38.4964],[-123.21482,38.49899],[-123.2203,38.49862],[-123.22705,38.50181],[-123.23148,38.50252],[-123.23192,38.50293],[-123.23108,38.50417],[-123.23128,38.50506],[-123.23481,38.50616],[-123.23557,38.50927],[-123.2383,38.5098],[-123.24023,38.50886],[-123.24265,38.51002],[-123.24259,38.51156],[-123.24437,38.51142],[-123.24606,38.513],[-123.24725,38.51307],[-123.24943,38.51164],[-123.24955,38.50982],[-123.25505,38.51204],[-123.25403,38.51426],[-123.2549,38.51602],[-123.25834,38.51657],[-123.25865,38.51884],[-123.26163,38.51971],[-123.26463,38.52177],[-123.2641,38.52328],[-123.2646,38.52376],[-123.26908,38.52514],[-123.26745,38.52694],[-123.26818,38.52969],[-123.2708,38.53013],[-123.27202,38.53223],[-123.27371,38.53272],[-123.2754,38.53283],[-123.27852,38.53123],[-123.27948,38.5361],[-123.28286,38.53597],[-123.28303,38.537],[-123.28583,38.53977],[-123.28799,38.54016],[-123.28834,38.54105],[-123.29041,38.5405],[-123.29425,38.54309],[-123.29865,38.54417],[-123.29766,38.54691],[-123.30029,38.54662],[-123.30244,38.54792],[-123.30358,38.54744],[-123.30437,38.54792],[-123.30644,38.55287],[-123.30361,38.5552],[-123.30483,38.55594],[-123.31022,38.55614],[-123.31585,38.55873],[-123.31748,38.55868],[-123.31792,38.55983],[-123.3241,38.56076],[-123.32337,38.56118],[-123.32396,38.56372],[-123.32929,38.56564],[-123.32906,38.56641],[-123.3302,38.56726],[-123.33192,38.56555],[-123.33393,38.56577],[-123.3362,38.56955],[-123.33571,38.57019],[-123.3383,38.57061],[-123.33845,38.57161],[-123.34014,38.57218],[-123.33862,38.57335],[-123.33956,38.5742],[-123.33921,38.57479],[-123.34037,38.57651],[-123.34043,38.5782],[-123.33892,38.58129],[-123.33594,38.58134],[-123.33556,38.58246],[-123.33944,38.58344],[-123.34155,38.58635],[-123.34321,38.58674],[-123.34216,38.58775],[-123.3437,38.58915],[-123.3435,38.59038],[-123.34575,38.59164],[-123.34578,38.59267],[-123.34934,38.59528],[-123.34963,38.59681],[-123.35071,38.59734],[-123.35167,38.59679],[-123.35348,38.59846],[-123.35575,38.59818],[-123.35712,38.59704],[-123.35966,38.59726],[-123.3606,38.59813],[-123.36019,38.59884],[-123.36095,38.60086],[-123.36632,38.602],[-123.3662,38.60269],[-123.36743,38.60365],[-123.36897,38.60371],[-123.3711,38.60644],[-123.37186,38.60635],[-123.37189,38.60724],[-123.37075,38.60799],[-123.36658,38.60853],[-123.36772,38.60985],[-123.3665,38.61267],[-123.3674,38.61375],[-123.37444,38.61617],[-123.37932,38.62196],[-123.38087,38.62258],[-123.38046,38.62333],[-123.38121,38.62347],[-123.38133,38.62491],[-123.38247,38.6258],[-123.38381,38.62559],[-123.38512,38.62717],[-123.38699,38.62738],[-123.38652,38.62878],[-123.38757,38.62823],[-123.38987,38.62979],[-123.39002,38.63116],[-123.38777,38.63075],[-123.38736,38.63187],[-123.39069,38.63592],[-123.39556,38.63766],[-123.39369,38.63835],[-123.39375,38.63984],[-123.39903,38.64341],[-123.39909,38.64419],[-123.40061,38.64448],[-123.3999,38.64593],[-123.40166,38.64675],[-123.39806,38.64719],[-123.40046,38.6487],[-123.3999,38.64975],[-123.40303,38.64946],[-123.40267,38.65078],[-123.40457,38.65126],[-123.40443,38.65223],[-123.40577,38.65337],[-123.40731,38.65344],[-123.40857,38.65481],[-123.4074,38.65495],[-123.40568,38.65673],[-123.40947,38.65957],[-123.40886,38.66042],[-123.40971,38.66253],[-123.4168,38.66775],[-123.4156,38.66793],[-123.41513,38.66894],[-123.41963,38.67287],[-123.41971,38.67471],[-123.42459,38.67544],[-123.42482,38.67659],[-123.42669,38.67672],[-123.42646,38.67759],[-123.42745,38.67812],[-123.42918,38.67702],[-123.42862,38.67821],[-123.4304,38.67851],[-123.43017,38.67974],[-123.43087,38.67997],[-123.43122,38.67871],[-123.43207,38.6786],[-123.43259,38.67904],[-123.43177,38.68073],[-123.43528,38.68153],[-123.43528,38.6824],[-123.433,38.6824],[-123.43239,38.6832],[-123.4335,38.68943],[-123.43741,38.69068],[-123.43694,38.69222],[-123.43855,38.6938],[-123.43992,38.69405],[-123.43951,38.6962],[-123.44179,38.69975],[-123.44582,38.7006],[-123.44623,38.70163],[-123.44503,38.70243],[-123.446,38.70329],[-123.44845,38.70275],[-123.44924,38.70428],[-123.45035,38.70426],[-123.44982,38.70501],[-123.45198,38.70511],[-123.45277,38.70579],[-123.45231,38.70684],[-123.45403,38.70698],[-123.45316,38.70847],[-123.45523,38.70961],[-123.45622,38.71288],[-123.45976,38.71472],[-123.46154,38.71673],[-123.46131,38.7173],[-123.46432,38.71817],[-123.46464,38.71923],[-123.46882,38.72009],[-123.46893,38.72101],[-123.47162,38.72131],[-123.47197,38.72236],[-123.47495,38.72156],[-123.48124,38.72632],[-123.4834,38.72625],[-123.48504,38.72906],[-123.48922,38.73043],[-123.49287,38.73629],[-123.497,38.7378],[-123.49898,38.73768],[-123.4996,38.73855],[-123.50712,38.7411],[-123.50969,38.74098],[-123.51045,38.74016],[-123.5148,38.74197],[-123.51401,38.74279],[-123.51585,38.74305],[-123.51676,38.74485],[-123.51772,38.74506],[-123.51798,38.74646],[-123.52111,38.74825],[-123.52164,38.74941],[-123.52511,38.74971],[-123.52558,38.75117],[-123.52736,38.75271],[-123.52517,38.75365],[-123.52637,38.75486],[-123.52683,38.75726],[-123.53204,38.75923],[-123.53113,38.76287],[-123.53355,38.76915],[-123.53624,38.76967],[-123.53738,38.77134],[-123.53911,38.77217],[-123.54095,38.77219],[-123.54168,38.77658],[-123.5456,38.77901],[-123.54773,38.77952],[-123.54791,38.78025],[-123.54995,38.78007],[-123.55042,38.78103],[-123.54931,38.78192],[-123.55182,38.78309],[-123.55495,38.78323],[-123.55893,38.78579],[-123.5618,38.78467],[-123.56147,38.78595],[-123.56256,38.7862],[-123.5627,38.78702],[-123.56147,38.78739],[-123.56165,38.78867],[-123.56068,38.78948],[-123.56083,38.79021],[-123.56238,38.79021],[-123.56311,38.79064],[-123.56338,38.79233],[-123.56896,38.79458],[-123.56849,38.79529],[-123.56923,38.79639],[-123.57075,38.79629],[-123.57151,38.79812],[-123.57385,38.79817],[-123.57426,38.80005],[-123.57601,38.79991],[-123.57987,38.80284],[-123.58268,38.80291],[-123.58449,38.80108],[-123.5864,38.80286],[-123.58994,38.80231],[-123.59081,38.80533],[-123.59198,38.80526],[-123.59251,38.80719],[-123.59473,38.8084],[-123.59734,38.8087],[-123.59927,38.80833],[-123.60029,38.8073],[-123.60237,38.80753],[-123.60275,38.80929],[-123.59968,38.80911],[-123.59836,38.80991],[-123.59828,38.81073],[-123.60276,38.81707],[-123.60159,38.81899],[-123.60437,38.82057],[-123.60533,38.82276],[-123.60753,38.82423],[-123.60958,38.82423],[-123.60978,38.82572],[-123.61078,38.82652],[-123.613,38.8268],[-123.61552,38.82878],[-123.61886,38.82801],[-123.61965,38.82872],[-123.61959,38.83032],[-123.62571,38.83143],[-123.62521,38.83231],[-123.62742,38.83361],[-123.62877,38.83666],[-123.63035,38.83627],[-123.6307,38.83739],[-123.63324,38.83904],[-123.6333,38.83986],[-123.63596,38.8398],[-123.63582,38.84108],[-123.63865,38.84387],[-123.64269,38.84401],[-123.64249,38.84543],[-123.64354,38.84618],[-123.6474,38.84548],[-123.64776,38.84738],[-123.64638,38.84806],[-123.64819,38.8501],[-123.64942,38.85001],[-123.6491,38.85164],[-123.651,38.85225],[-123.65065,38.85356],[-123.65238,38.85498],[-123.65471,38.86565],[-123.65594,38.86653],[-123.65588,38.86807],[-123.65986,38.87253],[-123.66405,38.87416],[-123.667,38.87696],[-123.66803,38.87623],[-123.6699,38.87703],[-123.6699,38.87792],[-123.67066,38.87778],[-123.67535,38.88122],[-123.67699,38.88174],[-123.67904,38.88126],[-123.68129,38.88261],[-123.68194,38.88618],[-123.68604,38.88934],[-123.68671,38.89193],[-123.68812,38.8936],[-123.69119,38.89447],[-123.69521,38.89847],[-123.703,38.90205],[-123.70584,38.90607],[-123.70648,38.90864],[-123.7115,38.91038],[-123.71231,38.91182],[-123.71056,38.91324],[-123.71041,38.91488],[-123.71109,38.91564],[-123.71369,38.91662],[-123.71794,38.91692],[-123.72213,38.91905],[-123.72571,38.91735],[-123.72785,38.91895],[-123.7287,38.92158],[-123.72808,38.92316],[-123.72885,38.9249],[-123.72744,38.92536],[-123.72829,38.92776],[-123.72935,38.92747],[-123.72996,38.92962],[-123.72741,38.92953],[-123.72753,38.93097],[-123.72665,38.93074],[-123.72718,38.9323],[-123.72639,38.93307],[-123.72689,38.9347],[-123.72616,38.93509],[-123.72633,38.93637],[-123.73146,38.9395],[-123.73038,38.94003],[-123.73205,38.94118],[-123.7319,38.94257],[-123.73346,38.94381],[-123.73328,38.94504],[-123.7376,38.9501],[-123.73845,38.95278],[-123.74185,38.95509],[-123.74232,38.95621],[-123.74132,38.95635],[-123.73854,38.95452],[-123.7376,38.95491],[-123.73757,38.95601],[-123.73581,38.95539],[-123.73587,38.95763],[-123.7337,38.95532],[-123.73355,38.95312],[-123.73256,38.95198],[-123.73188,38.95198],[-123.73276,38.95317],[-123.73244,38.95381],[-123.73033,38.95255],[-123.73018,38.94846],[-123.72819,38.94644],[-123.72575,38.9455],[-123.7281,38.94724],[-123.72971,38.94974],[-123.72986,38.95393],[-123.7308,38.95482],[-123.73317,38.95479],[-123.72907,38.95667],[-123.72511,38.95972],[-123.71477,38.9721],[-123.71117,38.97732],[-123.69692,39.00441],[-123.69043,39.0229],[-123.69261,39.02521],[-123.69146,39.02668],[-123.69202,39.0305],[-123.68952,39.03185],[-123.68967,39.03407],[-123.69152,39.03679],[-123.69352,39.03663],[-123.69498,39.03734],[-123.69325,39.03755],[-123.69225,39.03872],[-123.69457,39.04183],[-123.69132,39.04313],[-123.69085,39.04425],[-123.69349,39.04826],[-123.69126,39.0508],[-123.6939,39.05355],[-123.69522,39.05629],[-123.6949,39.05725],[-123.6932,39.05806],[-123.69525,39.05993],[-123.6946,39.06128],[-123.6959,39.06314],[-123.69842,39.06485],[-123.69804,39.06753],[-123.70106,39.07018],[-123.70118,39.07188],[-123.70268,39.07289],[-123.70195,39.07362],[-123.702,39.07444],[-123.70309,39.07513],[-123.70224,39.07775],[-123.70374,39.07964],[-123.70594,39.08007],[-123.70579,39.08115],[-123.7038,39.08124],[-123.70309,39.0825],[-123.70406,39.08415],[-123.70585,39.08533],[-123.70532,39.08657],[-123.70638,39.08893],[-123.70618,39.09092],[-123.70879,39.09387],[-123.70932,39.09714],[-123.71017,39.09772],[-123.70785,39.09868],[-123.70783,39.10127],[-123.70877,39.103],[-123.70794,39.10387],[-123.7112,39.1058],[-123.71294,39.10815],[-123.71464,39.1085],[-123.71317,39.11026],[-123.715,39.112],[-123.715,39.11369],[-123.71315,39.11461],[-123.71688,39.11889],[-123.717,39.12063],[-123.72044,39.12269],[-123.71935,39.12289],[-123.71788,39.12479],[-123.71788,39.12785],[-123.72076,39.12972],[-123.71935,39.13171],[-123.72023,39.1348],[-123.72147,39.13592],[-123.72197,39.13567],[-123.72126,39.13498],[-123.72214,39.1351],[-123.72273,39.13681],[-123.72391,39.13775],[-123.72755,39.13844],[-123.72838,39.14077],[-123.73023,39.14173],[-123.73194,39.14192],[-123.73384,39.13981],[-123.73431,39.14191],[-123.73532,39.14221],[-123.73531,39.14054],[-123.73649,39.13956],[-123.73649,39.1434],[-123.73793,39.14345],[-123.73826,39.145],[-123.7349,39.1462],[-123.73426,39.14743],[-123.73714,39.14926],[-123.73691,39.15125],[-123.73832,39.15182],[-123.73917,39.154],[-123.73767,39.15395],[-123.73729,39.15292],[-123.73632,39.15336],[-123.73541,39.15485],[-123.73573,39.15668],[-123.73468,39.15826],[-123.73577,39.15924],[-123.73821,39.15965],[-123.73762,39.16052],[-123.73794,39.16272],[-123.74224,39.16489],[-123.74309,39.16649],[-123.74497,39.16724],[-123.74421,39.16894],[-123.74703,39.17004],[-123.74654,39.17182],[-123.74912,39.17265],[-123.74927,39.17386],[-123.7514,39.1745],[-123.75198,39.17569],[-123.75366,39.17596],[-123.75398,39.17667],[-123.75245,39.17766],[-123.7523,39.17855],[-123.75604,39.18146],[-123.75668,39.18489],[-123.75777,39.18592],[-123.75756,39.18764],[-123.75906,39.19],[-123.76162,39.19199],[-123.76432,39.19142],[-123.76567,39.19355],[-123.77085,39.19423],[-123.77179,39.19504],[-123.77094,39.19705],[-123.77302,39.19863],[-123.77076,39.19893],[-123.77052,39.20023],[-123.77126,39.20144],[-123.77002,39.20135],[-123.76979,39.20204],[-123.77161,39.20442],[-123.77305,39.20486],[-123.77175,39.2057],[-123.7724,39.2063],[-123.77219,39.20737],[-123.7734,39.20872],[-123.77313,39.20932],[-123.7749,39.21005],[-123.77431,39.21089],[-123.77684,39.21385],[-123.77487,39.21465],[-123.7699,39.21424],[-123.7691,39.21531],[-123.76607,39.21502],[-123.76992,39.21596],[-123.77245,39.2204],[-123.77616,39.2226],[-123.77783,39.22445],[-123.77633,39.22612],[-123.77368,39.22614],[-123.77315,39.22696],[-123.77089,39.22687],[-123.76789,39.22534],[-123.77006,39.22662],[-123.76971,39.2279],[-123.77109,39.22916],[-123.77321,39.22898],[-123.77695,39.23152],[-123.77871,39.23079],[-123.78015,39.2334],[-123.77845,39.23395],[-123.77877,39.23537],[-123.77656,39.23676],[-123.77786,39.23761],[-123.77789,39.23848],[-123.77409,39.23971],[-123.77744,39.24145],[-123.77953,39.24132],[-123.77947,39.24395],[-123.78036,39.24443],[-123.78041,39.24569],[-123.78191,39.24637],[-123.78241,39.24853],[-123.78188,39.24981],[-123.78315,39.2503],[-123.78382,39.25159],[-123.78329,39.25234],[-123.78686,39.25305],[-123.78556,39.25449],[-123.78456,39.25428],[-123.78479,39.25486],[-123.78373,39.25513],[-123.78441,39.25589],[-123.78379,39.25655],[-123.78485,39.2569],[-123.78341,39.25742],[-123.7832,39.2584],[-123.78512,39.25962],[-123.786,39.2587],[-123.78632,39.26058],[-123.78688,39.25966],[-123.78697,39.26175],[-123.78877,39.26335],[-123.78791,39.2642],[-123.78873,39.26582],[-123.78867,39.26781],[-123.78968,39.26887],[-123.79059,39.26861],[-123.78994,39.26994],[-123.79162,39.27333],[-123.79509,39.27372],[-123.79512,39.27193],[-123.7968,39.27264],[-123.79771,39.27159],[-123.7983,39.27211],[-123.79957,39.27152],[-123.80004,39.27175],[-123.79898,39.27328],[-123.79966,39.27301],[-123.79957,39.27374],[-123.8003,39.27349],[-123.80125,39.27438],[-123.80172,39.27665],[-123.80396,39.27912],[-123.80369,39.28134],[-123.80201,39.28226],[-123.80133,39.28415],[-123.80225,39.28454],[-123.80269,39.28594],[-123.80378,39.28594],[-123.80292,39.28681],[-123.80348,39.28882],[-123.8031,39.29175],[-123.80098,39.29246],[-123.80127,39.29141],[-123.79956,39.29139],[-123.79792,39.29001],[-123.79488,39.29187],[-123.79697,39.29631],[-123.79626,39.29942],[-123.79376,39.30155],[-123.79623,39.30306],[-123.79835,39.30262],[-123.80313,39.30338],[-123.80489,39.30296],[-123.80398,39.30141],[-123.80463,39.30091],[-123.80669,39.30187],[-123.80637,39.30349],[-123.80728,39.30317],[-123.80858,39.30418],[-123.80869,39.30329],[-123.80993,39.30347],[-123.81099,39.30475],[-123.80978,39.30558],[-123.81099,39.30681],[-123.81031,39.30741],[-123.81034,39.30882],[-123.81132,39.3096],[-123.80872,39.30999],[-123.80964,39.31052],[-123.80828,39.31095],[-123.80816,39.31228],[-123.80457,39.31185],[-123.80416,39.31244],[-123.80536,39.31322],[-123.80492,39.31363],[-123.8023,39.31271],[-123.80207,39.31454],[-123.80039,39.31539],[-123.80041,39.31615],[-123.80142,39.3164],[-123.80074,39.31729],[-123.80189,39.31768],[-123.80071,39.31828],[-123.80071,39.3193],[-123.8056,39.32219],[-123.80684,39.32397],[-123.80875,39.32439],[-123.80569,39.3251],[-123.80454,39.32473],[-123.80451,39.32617],[-123.80707,39.32734],[-123.80504,39.32881],[-123.8071,39.32929],[-123.81049,39.32732],[-123.81149,39.32757],[-123.81143,39.32837],[-123.81341,39.32981],[-123.81185,39.33034],[-123.81252,39.33096],[-123.81409,39.33068],[-123.81291,39.33208],[-123.81479,39.33178],[-123.81804,39.33427],[-123.81777,39.33484],[-123.81644,39.33466],[-123.81674,39.33656],[-123.81762,39.33709],[-123.81624,39.33732],[-123.81742,39.33864],[-123.81659,39.33924],[-123.82004,39.33963],[-123.8198,39.34029],[-123.8188,39.3402],[-123.82048,39.34219],[-123.82007,39.34279],[-123.82122,39.34288],[-123.82075,39.34405],[-123.82305,39.34382],[-123.82305,39.34452],[-123.82579,39.34587],[-123.8257,39.34679],[-123.82641,39.3472],[-123.82573,39.34793],[-123.82773,39.34844],[-123.82776,39.34942],[-123.82641,39.34926],[-123.827,39.34986],[-123.82614,39.3499],[-123.82658,39.35189],[-123.82514,39.35304],[-123.82101,39.3537],[-123.82166,39.35531],[-123.82337,39.35592],[-123.82402,39.35693],[-123.82311,39.35828],[-123.82482,39.3589],[-123.82464,39.35947],[-123.82311,39.35897],[-123.82329,39.35988],[-123.82535,39.36082],[-123.82429,39.36087],[-123.82396,39.36166],[-123.82246,39.36149],[-123.82231,39.36073],[-123.82096,39.36029],[-123.81886,39.3603],[-123.81692,39.36169],[-123.81907,39.36272],[-123.82069,39.36583],[-123.82243,39.36588],[-123.82287,39.36705],[-123.82509,39.36739],[-123.82632,39.36872],[-123.8252,39.36853],[-123.82485,39.36972],[-123.82299,39.36936],[-123.82252,39.36997],[-123.82349,39.37144],[-123.82243,39.37199],[-123.8227,39.37261],[-123.82043,39.37261],[-123.82025,39.37398],[-123.82193,39.37574],[-123.81765,39.37674],[-123.81916,39.37748],[-123.81928,39.37851],[-123.8209,39.37839],[-123.82234,39.37999],[-123.82166,39.38091],[-123.82051,39.381],[-123.82102,39.38199],[-123.82001,39.38187],[-123.82119,39.38285],[-123.81987,39.38427],[-123.82099,39.38592],[-123.81892,39.38617],[-123.81937,39.38718],[-123.81771,39.38745],[-123.81819,39.38855],[-123.81981,39.38917],[-123.81851,39.38924],[-123.81842,39.38983],[-123.82052,39.39169],[-123.8165,39.39228],[-123.82013,39.39562],[-123.81969,39.39643],[-123.82143,39.39734],[-123.82081,39.39809],[-123.81928,39.39778],[-123.81928,39.39949],[-123.82149,39.4018],[-123.8217,39.40311],[-123.82061,39.40297],[-123.82055,39.40428],[-123.82179,39.40494],[-123.82226,39.40652],[-123.8199,39.40695],[-123.81951,39.40794],[-123.81881,39.40789],[-123.8196,39.40899],[-123.81863,39.40943],[-123.81639,39.40885],[-123.81527,39.41128],[-123.81547,39.41247],[-123.81432,39.41276],[-123.81541,39.41505],[-123.8132,39.41716],[-123.81332,39.41789],[-123.81574,39.41888],[-123.81592,39.42123],[-123.81742,39.4221],[-123.81727,39.42327],[-123.81937,39.42409],[-123.81792,39.42444],[-123.81837,39.4251],[-123.81713,39.42608],[-123.81409,39.42537],[-123.81066,39.42645],[-123.80993,39.42723],[-123.81057,39.42805],[-123.8096,39.42832],[-123.80951,39.42924],[-123.81025,39.43039],[-123.81621,39.43062],[-123.81819,39.43432],[-123.81816,39.43634],[-123.81922,39.43588],[-123.81993,39.43684],[-123.81899,39.43826],[-123.82052,39.4392],[-123.81925,39.4397],[-123.81636,39.43823],[-123.81503,39.44089],[-123.81276,39.44201],[-123.81279,39.44277],[-123.81497,39.44453],[-123.81689,39.44494],[-123.81542,39.44535],[-123.81471,39.44654],[-123.81521,39.44791],[-123.8132,39.45052],[-123.81435,39.45352],[-123.81288,39.45348],[-123.81267,39.45423],[-123.81137,39.45471],[-123.81176,39.45549],[-123.81028,39.45693],[-123.80886,39.46005],[-123.8104,39.46172],[-123.80889,39.46224],[-123.80753,39.46412],[-123.80809,39.46643],[-123.80727,39.46758],[-123.80845,39.47007],[-123.80777,39.47112],[-123.80461,39.47142],[-123.80514,39.47183],[-123.80455,39.47433],[-123.80508,39.47456],[-123.80322,39.47822],[-123.80399,39.4825],[-123.80216,39.48328],[-123.8029,39.48449],[-123.80233,39.48689],[-123.80301,39.48776],[-123.80558,39.48801],[-123.8049,39.48886],[-123.80546,39.48945],[-123.80455,39.49039],[-123.80349,39.48964],[-123.79962,39.48966],[-123.79657,39.49137],[-123.79477,39.4941],[-123.79477,39.49531],[-123.79306,39.49625],[-123.78865,39.50203],[-123.78369,39.51029],[-123.77709,39.52398],[-123.77656,39.52718],[-123.77286,39.53414],[-123.76797,39.55123],[-123.76569,39.55302],[-123.76673,39.55377],[-123.76681,39.55723],[-123.76661,39.55926],[-123.76554,39.55919],[-123.76811,39.56041],[-123.76723,39.56123],[-123.76782,39.56176],[-123.76859,39.56135],[-123.76956,39.56269],[-123.76894,39.56322],[-123.76796,39.56233],[-123.76711,39.56317],[-123.76719,39.5654],[-123.76968,39.56613],[-123.77163,39.56824],[-123.77296,39.57217],[-123.7747,39.57279],[-123.77822,39.5757],[-123.77703,39.57654],[-123.77881,39.57808],[-123.77697,39.57767],[-123.77638,39.57838],[-123.77635,39.57908],[-123.77771,39.57957],[-123.77712,39.58419],[-123.78244,39.58778],[-123.78212,39.58831],[-123.78037,39.58741],[-123.78114,39.58911],[-123.7828,39.58918],[-123.78345,39.58964],[-123.78312,39.59082],[-123.78493,39.59065],[-123.78522,39.59174],[-123.78599,39.59195],[-123.78637,39.59293],[-123.78448,39.59298],[-123.78392,39.59385],[-123.78605,39.59508],[-123.78767,39.59749],[-123.78797,39.59939],[-123.78874,39.59971],[-123.78693,39.60019],[-123.78853,39.60085],[-123.78891,39.60476],[-123.78743,39.60456],[-123.78678,39.60581],[-123.7874,39.60772],[-123.78516,39.60747],[-123.78356,39.60952],[-123.78217,39.6133],[-123.78267,39.61424],[-123.78234,39.62149],[-123.78503,39.62506],[-123.7863,39.62499],[-123.78612,39.6263],[-123.78719,39.62682],[-123.78464,39.62847],[-123.78591,39.63252],[-123.78574,39.63504],[-123.78701,39.63653],[-123.78707,39.63795],[-123.78532,39.64117],[-123.78588,39.64191],[-123.78517,39.64435],[-123.78582,39.64639],[-123.7852,39.64717],[-123.78591,39.64824],[-123.78508,39.65135],[-123.78727,39.65605],[-123.78655,39.66033],[-123.78901,39.66477],[-123.79283,39.66708],[-123.79162,39.66934],[-123.79155,39.67424],[-123.79268,39.68413],[-123.79537,39.69065],[-123.79679,39.69134],[-123.80195,39.69832],[-123.80364,39.69932],[-123.80491,39.70548],[-123.80686,39.70683],[-123.80823,39.71072],[-123.82026,39.71667],[-123.82476,39.71814],[-123.82944,39.72298],[-123.83066,39.72337],[-123.83004,39.7255],[-123.83134,39.72637],[-123.83063,39.72788],[-123.83176,39.7304],[-123.82954,39.73145],[-123.82856,39.7344],[-123.82983,39.73637],[-123.83336,39.73731],[-123.83502,39.73855],[-123.83452,39.73895],[-123.83318,39.738],[-123.83146,39.73891],[-123.83135,39.74003],[-123.83238,39.74145],[-123.83179,39.74186],[-123.83197,39.74374],[-123.83544,39.75063],[-123.83811,39.75242],[-123.8374,39.75347],[-123.83832,39.75436],[-123.83737,39.75573],[-123.83944,39.75719],[-123.83772,39.75814],[-123.83859,39.76335],[-123.83743,39.76658],[-123.83802,39.76873],[-123.83717,39.77624],[-123.83982,39.79564],[-123.84204,39.80157],[-123.84335,39.80219],[-123.84454,39.80621],[-123.84644,39.80672],[-123.84641,39.808],[-123.84534,39.80845],[-123.84626,39.81679],[-123.84715,39.81958],[-123.84843,39.821],[-123.84805,39.82255],[-123.849,39.82633],[-123.85173,39.83205],[-123.85378,39.83411],[-123.85865,39.83632],[-123.88148,39.84543],[-123.88703,39.84886],[-123.88904,39.85224],[-123.89388,39.85305],[-123.89397,39.85516],[-123.89459,39.85573],[-123.89786,39.85529],[-123.89976,39.85589],[-123.90169,39.86026],[-123.90451,39.85981],[-123.90546,39.86152],[-123.90768,39.86303],[-123.91121,39.86974],[-123.91291,39.87072],[-123.91368,39.87415],[-123.91516,39.87526],[-123.9148,39.87666],[-123.9159,39.87885],[-123.91587,39.88112],[-123.91839,39.88448],[-123.91946,39.88847],[-123.9232,39.894],[-123.92748,39.90393],[-123.92908,39.90567],[-123.92905,39.9076],[-123.93006,39.9097],[-123.93794,39.91343],[-123.93928,39.91245],[-123.94142,39.91556],[-123.94885,39.91915],[-123.95155,39.92172],[-123.95497,39.92238],[-123.95776,39.92709],[-123.95895,39.9275],[-123.96038,39.93393],[-123.96214,39.93693],[-123.96687,39.94146],[-123.96764,39.94361],[-123.97198,39.9497],[-123.97383,39.951],[-123.97511,39.95283],[-123.97549,39.95551],[-123.97868,39.95887],[-123.98005,39.96246],[-123.98377,39.96466],[-123.98802,39.96861],[-123.9932,39.97088],[-123.99588,39.97305],[-123.99752,39.97593],[-124.00097,39.97881],[-124.00187,39.98098],[-124.00599,39.9853],[-124.01491,39.99074],[-124.01956,39.99878],[-124.0233,40.00133],[-123.54481,40.00216],[-123.54436,39.97729],[-122.93966,39.97827]]]]},"properties":{"id":"Quail2","kind":"upland_zone","species":"Quail","hunt":"Zone Q2 (All Quail)","zone_name":"Zone Q2","zone_des":"See Map","zone_description":"Zone Q2:  The coastal quail season (all species) hunting zone includes the counties of Marin, Napa, Solano, Sonoma, Lake, and Mendocino.","source_url":"https://services2.arcgis.com/Uq9r85Potqm3MfRV/arcgis/rest/services/Upland_Game_AGOL_gdb/FeatureServer/1/query","fetched_at":"2026-09-19T22:10:55.518395+00:00"}},{"type":"Feature","geometry":{"type":"MultiPolygon","coordinates":[[[[-121.22359,39.5273],[-121.23267,39.50528],[-121.24102,39.47551],[-121.24144,39.465],[-121.18525,39.3669],[-120.94965,39.28697],[-120.90697,39.2285],[-120.86928,39.21393],[-120.80847,39.16753],[-120.80812,39.10189],[-120.87858,38.95166],[-120.87614,38.9383],[-120.80352,38.78719],[-120.75047,38.73759],[-120.59407,38.59576],[-120.56798,38.53525],[-120.48422,38.43663],[-120.44038,38.32801],[-120.41059,38.17563],[-120.39761,38.07848],[-120.2493,37.88448],[-120.21299,37.81589],[-120.15016,37.69293],[-119.92686,37.53517],[-119.78003,37.41996],[-119.7614,37.10425],[-119.74698,37.07479],[-119.31164,36.83222],[-118.92895,36.60726],[-118.85345,36.29076],[-118.77246,36.08301],[-118.7302,35.7912],[-117.63415,35.79862],[-116.30506,35.79406],[-115.73487,35.79411],[-115.73615,35.80986],[-115.65025,35.81018],[-115.97912,36.06714],[-115.70509,35.85386],[-115.25537,35.49999],[-114.94151,35.25],[-114.63301,35.00188],[-114.62974,34.99435],[-114.62887,34.98688],[-114.63034,34.97899],[-114.63437,34.96952],[-114.63517,34.96467],[-114.63434,34.95758],[-114.63036,34.94792],[-114.6294,34.94085],[-114.63004,34.93665],[-114.63225,34.93017],[-114.63318,34.92375],[-114.63061,34.91387],[-114.63043,34.90816],[-114.63532,34.89483],[-114.63664,34.88831],[-114.63572,34.87729],[-114.63378,34.87178],[-114.62986,34.86545],[-114.62303,34.85909],[-114.61857,34.85616],[-114.60486,34.84992],[-114.59878,34.84627],[-114.5914,34.84046],[-114.58664,34.83558],[-114.58158,34.82706],[-114.57684,34.81633],[-114.57472,34.80764],[-114.57457,34.80437],[-114.57119,34.79465],[-114.56572,34.78698],[-114.56435,34.78321],[-114.55994,34.77606],[-114.55312,34.76742],[-114.54533,34.7606],[-114.52872,34.75001],[-114.51926,34.73946],[-114.51493,34.73592],[-114.51178,34.73422],[-114.50157,34.73075],[-114.4921,34.72581],[-114.491,34.72471],[-114.48763,34.71665],[-114.48321,34.71471],[-114.47325,34.71386],[-114.47144,34.71271],[-114.46988,34.71044],[-114.46843,34.70645],[-114.46815,34.70122],[-114.46575,34.69155],[-114.46372,34.68774],[-114.45628,34.67817],[-114.45508,34.67558],[-114.45467,34.67171],[-114.45063,34.66675],[-114.45189,34.66385],[-114.45759,34.65955],[-114.45827,34.658],[-114.45796,34.65701],[-114.45041,34.65196],[-114.44282,34.64432],[-114.44049,34.63883],[-114.44156,34.63072],[-114.43794,34.62028],[-114.4352,34.61775],[-114.42805,34.61412],[-114.42489,34.61028],[-114.42388,34.60487],[-114.42504,34.60039],[-114.42766,34.59867],[-114.43482,34.59649],[-114.43593,34.59537],[-114.43595,34.59383],[-114.4323,34.58938],[-114.42178,34.58011],[-114.40869,34.57332],[-114.40669,34.57165],[-114.40459,34.56728],[-114.40079,34.56272],[-114.38846,34.5409],[-114.38254,34.53253],[-114.38072,34.52823],[-114.37886,34.52],[-114.37782,34.50847],[-114.37848,34.50531],[-114.38139,34.49936],[-114.38274,34.49363],[-114.38296,34.48747],[-114.38171,34.47606],[-114.38257,34.47261],[-114.38701,34.46257],[-114.38715,34.45995],[-114.38579,34.45691],[-114.37617,34.44808],[-114.37426,34.44706],[-114.36668,34.44736],[-114.35632,34.44981],[-114.3498,34.44999],[-114.34264,34.45142],[-114.33888,34.45131],[-114.33573,34.4502],[-114.33158,34.44647],[-114.32651,34.43754],[-114.31786,34.43534],[-114.31404,34.43368],[-114.30153,34.42706],[-114.29538,34.42187],[-114.29247,34.41791],[-114.29175,34.4111],[-114.2886,34.40644],[-114.28212,34.40343],[-114.26879,34.40266],[-114.26579,34.40207],[-114.2634,34.40069],[-114.25499,34.39202],[-114.23505,34.37696],[-114.23084,34.36919],[-114.22731,34.36501],[-114.21857,34.36272],[-114.19999,34.36145],[-114.19768,34.36053],[-114.19415,34.35728],[-114.18669,34.35489],[-114.17556,34.34845],[-114.1692,34.34018],[-114.16586,34.33266],[-114.15882,34.32174],[-114.15743,34.31781],[-114.13862,34.30363],[-114.13806,34.30062],[-114.13945,34.29593],[-114.13564,34.2802],[-114.13676,34.27717],[-114.13664,34.27464],[-114.13534,34.27044],[-114.13079,34.26194],[-114.13219,34.25875],[-114.13583,34.25765],[-114.14437,34.25964],[-114.15364,34.25779],[-114.16147,34.25954],[-114.16514,34.25953],[-114.16345,34.25389],[-114.1651,34.25084],[-114.16687,34.2495],[-114.17442,34.24741],[-114.1759,34.24571],[-114.17606,34.24222],[-114.17706,34.24064],[-114.19185,34.22975],[-114.21205,34.21101],[-114.225,34.20386],[-114.22597,34.20074],[-114.22482,34.19573],[-114.22503,34.19258],[-114.22654,34.18906],[-114.22923,34.18709],[-114.23984,34.18376],[-114.24521,34.17896],[-114.25293,34.17462],[-114.25796,34.1729],[-114.26862,34.1704],[-114.27525,34.1724],[-114.28714,34.17088],[-114.29305,34.16669],[-114.29853,34.16009],[-114.30676,34.15187],[-114.31219,34.14501],[-114.32365,34.137],[-114.33301,34.13459],[-114.34083,34.1338],[-114.34663,34.13436],[-114.35267,34.13305],[-114.35627,34.1306],[-114.36019,34.12397],[-114.36604,34.11893],[-114.37034,34.1173],[-114.38047,34.11575],[-114.39043,34.11015],[-114.40104,34.11173],[-114.40928,34.11109],[-114.41673,34.10701],[-114.42381,34.09867],[-114.42639,34.09659],[-114.42865,34.09206],[-114.43397,34.08771],[-114.43574,34.07672],[-114.43776,34.07149],[-114.43966,34.05606],[-114.43877,34.05018],[-114.43557,34.04235],[-114.43494,34.03711],[-114.43618,34.02726],[-114.43856,34.02185],[-114.44495,34.01536],[-114.4505,34.0125],[-114.45527,34.01117],[-114.46251,34.01221],[-114.46563,34.01122],[-114.46742,34.00754],[-114.46716,34.00513],[-114.46543,34.00312],[-114.46095,34.00115],[-114.45861,33.99934],[-114.45806,33.99751],[-114.45894,33.99512],[-114.46108,33.99378],[-114.46656,33.99352],[-114.4686,33.99242],[-114.47071,33.98905],[-114.47428,33.98557],[-114.48335,33.98043],[-114.48902,33.97156],[-114.50057,33.96135],[-114.51046,33.95695],[-114.51204,33.95684],[-114.51485,33.95807],[-114.51664,33.95777],[-114.52305,33.95388],[-114.52878,33.94751],[-114.53138,33.94208],[-114.5344,33.93817],[-114.53593,33.93331],[-114.53551,33.92593],[-114.526,33.92278],[-114.51645,33.91595],[-114.511,33.9102],[-114.50815,33.90316],[-114.50937,33.90048],[-114.51541,33.89768],[-114.51813,33.89837],[-114.52369,33.90137],[-114.52523,33.90153],[-114.52603,33.90079],[-114.52551,33.89682],[-114.52277,33.89219],[-114.50362,33.87555],[-114.50386,33.8713],[-114.50301,33.86782],[-114.5048,33.86396],[-114.50982,33.86247],[-114.51515,33.85846],[-114.51789,33.85849],[-114.52412,33.86019],[-114.52818,33.85886],[-114.53018,33.85692],[-114.52952,33.84766],[-114.52621,33.83943],[-114.52254,33.83337],[-114.52027,33.82754],[-114.52001,33.82502],[-114.52221,33.81959],[-114.5274,33.81598],[-114.5282,33.8147],[-114.51947,33.79828],[-114.51716,33.78907],[-114.51159,33.77832],[-114.50509,33.76213],[-114.50424,33.75568],[-114.50461,33.75078],[-114.50634,33.74535],[-114.51188,33.7358],[-114.51223,33.73386],[-114.50591,33.72988],[-114.50363,33.7272],[-114.50264,33.72466],[-114.50049,33.72373],[-114.4972,33.7204],[-114.49511,33.71528],[-114.4941,33.70737],[-114.49575,33.70162],[-114.50105,33.6951],[-114.50685,33.69244],[-114.5131,33.69129],[-114.5187,33.68895],[-114.5279,33.6829],[-114.52981,33.68028],[-114.53181,33.67288],[-114.53205,33.67041],[-114.53112,33.66776],[-114.52754,33.66453],[-114.52325,33.66284],[-114.51684,33.66281],[-114.51492,33.66156],[-114.51395,33.65953],[-114.5154,33.65757],[-114.51827,33.6561],[-114.52521,33.65615],[-114.52968,33.65485],[-114.53198,33.65358],[-114.53338,33.65153],[-114.53288,33.64788],[-114.53039,33.64483],[-114.52617,33.64202],[-114.52422,33.6388],[-114.52363,33.63581],[-114.52395,33.63341],[-114.52507,33.63153],[-114.52721,33.62995],[-114.53058,33.62911],[-114.53131,33.62468],[-114.52773,33.61824],[-114.52279,33.61436],[-114.52187,33.61179],[-114.52257,33.61068],[-114.52744,33.60829],[-114.5316,33.60394],[-114.54006,33.59212],[-114.54075,33.59025],[-114.54006,33.58795],[-114.54064,33.58436],[-114.54013,33.57976],[-114.53938,33.57747],[-114.5374,33.57486],[-114.53655,33.57015],[-114.53362,33.56642],[-114.53209,33.56241],[-114.5262,33.55632],[-114.52426,33.55275],[-114.52546,33.55155],[-114.52991,33.55028],[-114.53205,33.54772],[-114.54327,33.54178],[-114.55877,33.53202],[-114.56068,33.52549],[-114.56092,33.51699],[-114.56851,33.50984],[-114.57296,33.50776],[-114.57932,33.50682],[-114.58235,33.50563],[-114.58846,33.50231],[-114.59161,33.49942],[-114.5972,33.49078],[-114.59961,33.48451],[-114.60118,33.48221],[-114.61245,33.47064],[-114.62251,33.45762],[-114.62331,33.45486],[-114.62253,33.44804],[-114.62846,33.42986],[-114.63062,33.42685],[-114.63883,33.41969],[-114.6479,33.41408],[-114.65377,33.41278],[-114.65737,33.41286],[-114.67372,33.41799],[-114.68746,33.41795],[-114.69513,33.41541],[-114.69786,33.41106],[-114.70221,33.40818],[-114.71151,33.40707],[-114.7207,33.4083],[-114.72297,33.40754],[-114.72561,33.40484],[-114.72504,33.40179],[-114.72307,33.39892],[-114.71359,33.38843],[-114.70767,33.38315],[-114.70705,33.38164],[-114.7074,33.37694],[-114.69909,33.36158],[-114.69806,33.35317],[-114.70047,33.33818],[-114.70721,33.32422],[-114.71164,33.31951],[-114.71645,33.31724],[-114.72292,33.31277],[-114.72461,33.30944],[-114.72873,33.30697],[-114.73091,33.30478],[-114.73149,33.30328],[-114.73115,33.30172],[-114.72231,33.28715],[-114.71571,33.28438],[-114.70238,33.28189],[-114.68963,33.27836],[-114.67995,33.27319],[-114.67661,33.2694],[-114.67302,33.26243],[-114.67225,33.25927],[-114.67242,33.25749],[-114.67404,33.25577],[-114.67826,33.25409],[-114.68285,33.25032],[-114.68952,33.24647],[-114.6872,33.24146],[-114.67482,33.22686],[-114.67318,33.22353],[-114.67375,33.21887],[-114.67858,33.20399],[-114.67838,33.20023],[-114.67561,33.18978],[-114.67547,33.18591],[-114.67632,33.18105],[-114.67925,33.17326],[-114.67962,33.16856],[-114.67862,33.16304],[-114.67895,33.16066],[-114.68232,33.15497],[-114.68487,33.1464],[-114.68728,33.14143],[-114.69648,33.13128],[-114.70411,33.11201],[-114.7076,33.0984],[-114.70786,33.09226],[-114.70683,33.08885],[-114.70543,33.08743],[-114.70357,33.08686],[-114.69353,33.08637],[-114.689,33.08421],[-114.68853,33.08323],[-114.68923,33.07774],[-114.68726,33.07153],[-114.67432,33.05736],[-114.67496,33.04724],[-114.67371,33.04249],[-114.66963,33.03713],[-114.66179,33.03274],[-114.65997,33.03259],[-114.65684,33.0349],[-114.64895,33.04658],[-114.64653,33.04868],[-114.64515,33.04903],[-114.63988,33.04591],[-114.6281,33.03128],[-114.62403,33.02886],[-114.61656,33.02698],[-114.6,33.02541],[-114.58956,33.02631],[-114.58475,33.02813],[-114.57816,33.03554],[-114.57367,33.03665],[-114.55082,33.03381],[-114.53709,33.03327],[-114.52559,33.03135],[-114.51919,33.02948],[-114.51346,33.02553],[-114.50832,33.02057],[-114.50173,33.00897],[-114.50019,33.00511],[-114.49716,32.99132],[-114.49531,32.97785],[-114.49285,32.97157],[-114.49088,32.97014],[-114.48883,32.96988],[-114.48163,32.97187],[-114.48026,32.97365],[-114.47858,32.97447],[-114.47475,32.9751],[-114.47002,32.9735],[-114.46819,32.97011],[-114.46721,32.96421],[-114.46825,32.95534],[-114.47272,32.94713],[-114.47982,32.93905],[-114.48109,32.93562],[-114.47754,32.92462],[-114.46522,32.9136],[-114.46312,32.91014],[-114.4628,32.90599],[-114.46369,32.89476],[-114.46715,32.87793],[-114.46627,32.87506],[-114.46917,32.8444],[-114.49423,32.82329],[-114.51136,32.81589],[-114.517,32.80957],[-114.52231,32.8015],[-114.53024,32.7947],[-114.53176,32.79111],[-114.53139,32.78541],[-114.53266,32.77737],[-114.53205,32.7744],[-114.52835,32.766],[-114.52686,32.75716],[-114.53905,32.75702],[-114.53902,32.74987],[-114.56449,32.74969],[-114.56447,32.74243],[-114.58163,32.74246],[-114.58164,32.73516],[-114.61506,32.73452],[-114.61467,32.73297],[-114.61579,32.72853],[-114.61713,32.72827],[-114.63572,32.73143],[-114.65605,32.7338],[-114.66685,32.73423],[-114.68265,32.73728],[-114.68843,32.73746],[-114.69811,32.74435],[-114.70166,32.74549],[-114.70544,32.74158],[-114.70897,32.73536],[-114.71459,32.72991],[-114.71754,32.7214],[-114.71946,32.71874],[-114.96151,32.7026],[-115.37583,32.67367],[-115.85107,32.63827],[-116.37586,32.59709],[-116.87587,32.55574],[-117.12462,32.53423],[-117.12615,32.54617],[-117.12852,32.55312],[-117.13166,32.55887],[-117.13287,32.56475],[-117.13282,32.5933],[-117.13382,32.60342],[-117.13584,32.61372],[-117.14206,32.63231],[-117.14898,32.64562],[-117.15579,32.65641],[-117.16308,32.66572],[-117.16744,32.66992],[-117.17638,32.67726],[-117.1785,32.67863],[-117.17998,32.67858],[-117.1803,32.67958],[-117.1868,32.68375],[-117.19838,32.68751],[-117.19749,32.688],[-117.199,32.68924],[-117.19824,32.68835],[-117.19909,32.68809],[-117.19892,32.68751],[-117.21305,32.68701],[-117.21762,32.68581],[-117.22359,32.68312],[-117.22378,32.68493],[-117.22675,32.68865],[-117.22767,32.69361],[-117.22696,32.69834],[-117.22505,32.70279],[-117.2172,32.71017],[-117.21409,32.71194],[-117.20444,32.71461],[-117.19392,32.71434],[-117.19018,32.71271],[-117.18963,32.71224],[-117.19095,32.70663],[-117.18084,32.70353],[-117.18003,32.70229],[-117.17201,32.7002],[-117.16685,32.69797],[-117.16399,32.6934],[-117.16468,32.68981],[-117.16383,32.68895],[-117.16473,32.68873],[-117.16352,32.6875],[-117.16378,32.68477],[-117.16527,32.68372],[-117.16595,32.68002],[-117.16786,32.67869],[-117.17039,32.67994],[-117.17195,32.68213],[-117.17326,32.68242],[-117.17539,32.68114],[-117.17536,32.67964],[-117.16662,32.67472],[-117.16418,32.67528],[-117.15779,32.6804],[-117.1543,32.67771],[-117.15416,32.67689],[-117.16008,32.67212],[-117.16006,32.66958],[-117.16131,32.66764],[-117.15379,32.65756],[-117.15023,32.65811],[-117.14846,32.65609],[-117.14772,32.65459],[-117.15084,32.65315],[-117.15011,32.65168],[-117.14589,32.65166],[-117.14456,32.65053],[-117.13817,32.63808],[-117.13926,32.63823],[-117.14128,32.6366],[-117.13931,32.63529],[-117.13791,32.63074],[-117.13332,32.63315],[-117.13174,32.63163],[-117.13622,32.63118],[-117.13739,32.63042],[-117.13603,32.62986],[-117.13647,32.62799],[-117.13596,32.62568],[-117.13395,32.62506],[-117.13193,32.62547],[-117.1314,32.62197],[-117.12813,32.61968],[-117.13234,32.61492],[-117.13286,32.61248],[-117.13234,32.60976],[-117.13053,32.60764],[-117.12904,32.60748],[-117.1266,32.60555],[-117.1247,32.60542],[-117.12232,32.604],[-117.12227,32.60222],[-117.11653,32.60253],[-117.11566,32.59951],[-117.10965,32.60269],[-117.10414,32.60689],[-117.10092,32.61262],[-117.09731,32.61315],[-117.09763,32.61355],[-117.09698,32.61371],[-117.09844,32.61494],[-117.09734,32.61804],[-117.09814,32.6182],[-117.09788,32.61999],[-117.09507,32.62099],[-117.09906,32.62051],[-117.09793,32.62165],[-117.09847,32.62232],[-117.09817,32.62477],[-117.1016,32.62506],[-117.10239,32.62607],[-117.10598,32.62529],[-117.10877,32.63004],[-117.10657,32.63235],[-117.10582,32.63233],[-117.10883,32.63616],[-117.11478,32.63848],[-117.11537,32.64065],[-117.11478,32.64266],[-117.1166,32.64255],[-117.1178,32.64383],[-117.11692,32.64663],[-117.11002,32.64923],[-117.11002,32.64981],[-117.11975,32.64788],[-117.12254,32.65692],[-117.11801,32.65734],[-117.11961,32.66914],[-117.12291,32.6688],[-117.12343,32.66961],[-117.121,32.66991],[-117.11574,32.6731],[-117.11549,32.67437],[-117.1189,32.67247],[-117.12848,32.6842],[-117.12904,32.68456],[-117.13032,32.68379],[-117.13341,32.68693],[-117.12819,32.68749],[-117.12765,32.68806],[-117.13468,32.68795],[-117.13878,32.6867],[-117.13945,32.68707],[-117.13688,32.68859],[-117.1385,32.68879],[-117.13857,32.69],[-117.14303,32.69023],[-117.14313,32.6913],[-117.14437,32.69174],[-117.14418,32.69247],[-117.14878,32.69422],[-117.15204,32.69705],[-117.15492,32.69618],[-117.16136,32.70069],[-117.15793,32.70182],[-117.15852,32.70238],[-117.16735,32.70838],[-117.17147,32.70852],[-117.17341,32.71234],[-117.17578,32.71119],[-117.17588,32.71278],[-117.17463,32.71317],[-117.17347,32.71265],[-117.17348,32.71385],[-117.17669,32.71401],[-117.17671,32.71481],[-117.17352,32.71478],[-117.17352,32.71543],[-117.17673,32.71547],[-117.1735,32.7159],[-117.17352,32.71676],[-117.17671,32.7168],[-117.17673,32.71792],[-117.1735,32.71795],[-117.17359,32.72419],[-117.17551,32.72671],[-117.17928,32.72727],[-117.18079,32.72547],[-117.18501,32.72693],[-117.18447,32.72802],[-117.18605,32.72841],[-117.18829,32.72685],[-117.19555,32.7271],[-117.19447,32.72571],[-117.188,32.72484],[-117.18815,32.72392],[-117.20204,32.72496],[-117.2138,32.72395],[-117.21392,32.72465],[-117.21211,32.72515],[-117.19916,32.72594],[-117.19861,32.72655],[-117.19867,32.72787],[-117.20027,32.72865],[-117.21395,32.72811],[-117.21263,32.73161],[-117.20673,32.73753],[-117.20727,32.73989],[-117.2089,32.74094],[-117.20998,32.73881],[-117.20869,32.73747],[-117.21444,32.73182],[-117.21748,32.72199],[-117.21913,32.72213],[-117.22414,32.72475],[-117.2264,32.72476],[-117.2276,32.72378],[-117.22781,32.72134],[-117.22703,32.72072],[-117.22269,32.7183],[-117.2209,32.71978],[-117.2202,32.71948],[-117.22041,32.71797],[-117.22267,32.71554],[-117.22704,32.71295],[-117.23194,32.70853],[-117.23473,32.70799],[-117.23467,32.70903],[-117.23196,32.70999],[-117.22414,32.71673],[-117.22493,32.71854],[-117.22744,32.71999],[-117.22935,32.71792],[-117.23128,32.71889],[-117.2342,32.7176],[-117.23545,32.71621],[-117.23611,32.71445],[-117.23567,32.71407],[-117.23326,32.71504],[-117.23685,32.71149],[-117.23699,32.70541],[-117.23638,32.70386],[-117.23942,32.69927],[-117.23965,32.69102],[-117.23947,32.68945],[-117.23769,32.68693],[-117.23526,32.68541],[-117.23373,32.68648],[-117.233,32.68626],[-117.23739,32.68299],[-117.23847,32.68117],[-117.23623,32.67155],[-117.23741,32.66979],[-117.2373,32.6679],[-117.23909,32.66587],[-117.24263,32.66483],[-117.24468,32.66635],[-117.24558,32.66949],[-117.24541,32.67405],[-117.24635,32.67427],[-117.24697,32.67701],[-117.24814,32.67857],[-117.24866,32.68256],[-117.24993,32.68328],[-117.25029,32.68926],[-117.25342,32.69202],[-117.25302,32.69387],[-117.25418,32.69458],[-117.25423,32.69723],[-117.2556,32.69948],[-117.25538,32.70898],[-117.25661,32.71474],[-117.25574,32.71621],[-117.25734,32.71955],[-117.2572,32.7228],[-117.25842,32.72538],[-117.25692,32.72597],[-117.25578,32.72745],[-117.2563,32.72961],[-117.25731,32.73044],[-117.25663,32.7324],[-117.25732,32.7333],[-117.25644,32.73367],[-117.25526,32.7377],[-117.25548,32.74518],[-117.25486,32.74671],[-117.25354,32.74724],[-117.25293,32.7499],[-117.25267,32.75319],[-117.25385,32.75662],[-117.24908,32.75614],[-117.25196,32.75622],[-117.25196,32.75486],[-117.25057,32.75592],[-117.25126,32.7551],[-117.25083,32.75476],[-117.24817,32.75611],[-117.24885,32.7551],[-117.24744,32.75487],[-117.21203,32.75933],[-117.21315,32.76003],[-117.21248,32.76069],[-117.21411,32.76072],[-117.21348,32.76122],[-117.24536,32.75765],[-117.24248,32.75893],[-117.24149,32.76194],[-117.24048,32.75931],[-117.23423,32.76008],[-117.23449,32.76194],[-117.23817,32.76457],[-117.2414,32.76433],[-117.2417,32.76323],[-117.24223,32.76431],[-117.24057,32.76714],[-117.23729,32.76782],[-117.23654,32.76641],[-117.23515,32.76637],[-117.23454,32.76754],[-117.23552,32.76877],[-117.23416,32.76952],[-117.23272,32.76905],[-117.23182,32.76658],[-117.22892,32.76671],[-117.22857,32.76763],[-117.22748,32.76775],[-117.22067,32.76584],[-117.21479,32.76507],[-117.21083,32.76664],[-117.20975,32.76883],[-117.21107,32.7689],[-117.21336,32.76704],[-117.21675,32.76727],[-117.21782,32.76813],[-117.21902,32.77134],[-117.22152,32.77293],[-117.22279,32.77238],[-117.22006,32.76948],[-117.22111,32.76798],[-117.22515,32.76993],[-117.22887,32.76994],[-117.22963,32.77059],[-117.22515,32.77444],[-117.22355,32.77866],[-117.21776,32.78841],[-117.21512,32.78975],[-117.21329,32.78916],[-117.21237,32.78765],[-117.21288,32.78606],[-117.2163,32.78447],[-117.21696,32.78311],[-117.21645,32.78149],[-117.21425,32.77906],[-117.21397,32.77689],[-117.21552,32.77664],[-117.2188,32.77854],[-117.21944,32.77751],[-117.21572,32.77368],[-117.21147,32.77214],[-117.21105,32.76926],[-117.20958,32.76917],[-117.208,32.7701],[-117.20793,32.77095],[-117.20967,32.7711],[-117.21107,32.77699],[-117.21065,32.77732],[-117.21203,32.77835],[-117.21244,32.78037],[-117.21177,32.78373],[-117.211,32.78379],[-117.211,32.78198],[-117.21006,32.78206],[-117.20918,32.78418],[-117.20986,32.78627],[-117.20812,32.78689],[-117.21079,32.78932],[-117.20935,32.79295],[-117.21034,32.79687],[-117.21602,32.79652],[-117.21658,32.79583],[-117.21612,32.79482],[-117.21204,32.79481],[-117.21159,32.79378],[-117.21598,32.79245],[-117.21843,32.79271],[-117.21958,32.79396],[-117.22067,32.79889],[-117.22312,32.80407],[-117.22074,32.7951],[-117.22347,32.79443],[-117.22375,32.79306],[-117.22451,32.79509],[-117.22746,32.7942],[-117.22871,32.79564],[-117.23027,32.7956],[-117.2301,32.79363],[-117.23114,32.7927],[-117.2309,32.7919],[-117.23151,32.79193],[-117.2301,32.79043],[-117.23185,32.78854],[-117.23163,32.78594],[-117.23277,32.78243],[-117.23491,32.77973],[-117.23758,32.77978],[-117.23873,32.78067],[-117.2401,32.78342],[-117.24088,32.7881],[-117.24241,32.79041],[-117.24484,32.79144],[-117.24967,32.79134],[-117.25255,32.78898],[-117.25257,32.78727],[-117.25095,32.78312],[-117.25003,32.78331],[-117.24984,32.78517],[-117.24838,32.78504],[-117.24838,32.78187],[-117.24895,32.78145],[-117.24982,32.78257],[-117.25083,32.7824],[-117.25137,32.77876],[-117.24902,32.77891],[-117.24835,32.78005],[-117.24705,32.77791],[-117.25125,32.77813],[-117.25107,32.77635],[-117.24908,32.7724],[-117.24671,32.77283],[-117.2473,32.77526],[-117.24614,32.77584],[-117.24487,32.77371],[-117.24592,32.77147],[-117.24461,32.77057],[-117.24324,32.77092],[-117.24284,32.76969],[-117.24626,32.76362],[-117.24698,32.7641],[-117.24599,32.76846],[-117.24793,32.7701],[-117.24934,32.76946],[-117.2488,32.7679],[-117.2497,32.76363],[-117.24796,32.76072],[-117.24701,32.76071],[-117.24637,32.76194],[-117.24539,32.76185],[-117.24583,32.76028],[-117.25416,32.75893],[-117.25319,32.76833],[-117.25383,32.78105],[-117.25555,32.79057],[-117.2589,32.80032],[-117.26375,32.80677],[-117.26554,32.80788],[-117.26791,32.80779],[-117.27161,32.8132],[-117.27347,32.81405],[-117.27409,32.81562],[-117.2731,32.81668],[-117.27392,32.81798],[-117.27472,32.81855],[-117.27573,32.81806],[-117.28107,32.82193],[-117.27993,32.8261],[-117.28232,32.83244],[-117.2816,32.83501],[-117.28227,32.83999],[-117.28097,32.84351],[-117.27922,32.84439],[-117.27875,32.84772],[-117.27736,32.8477],[-117.27387,32.85137],[-117.27043,32.84951],[-117.27043,32.8503],[-117.26757,32.84859],[-117.26656,32.84906],[-117.26534,32.84862],[-117.26069,32.85264],[-117.25616,32.85977],[-117.2534,32.8712],[-117.25222,32.8725],[-117.25125,32.87633],[-117.25317,32.88513],[-117.25451,32.90275],[-117.25684,32.91072],[-117.25871,32.91396],[-117.26055,32.93405],[-117.26189,32.93668],[-117.26328,32.94339],[-117.26824,32.95785],[-117.26979,32.97122],[-117.27328,32.98226],[-117.27359,32.98667],[-117.27564,32.99513],[-117.2784,33.00061],[-117.27996,33.01163],[-117.29116,33.03275],[-117.29234,33.03416],[-117.29456,33.03515],[-117.29604,33.03705],[-117.29861,33.04795],[-117.31008,33.07552],[-117.3131,33.08665],[-117.31276,33.08732],[-117.31956,33.10148],[-117.32564,33.11657],[-117.33007,33.12437],[-117.3364,33.13055],[-117.34142,33.14155],[-117.3442,33.14498],[-117.34357,33.14538],[-117.34465,33.14543],[-117.34623,33.14699],[-117.36203,33.16825],[-117.38993,33.20025],[-117.39719,33.20745],[-117.39941,33.2068],[-117.39656,33.20774],[-117.39503,33.20727],[-117.39147,33.20404],[-117.38929,33.20528],[-117.38963,33.20645],[-117.39243,33.20632],[-117.39443,33.20805],[-117.39496,33.21074],[-117.39446,33.21271],[-117.39533,33.2132],[-117.39654,33.21194],[-117.39609,33.21127],[-117.39686,33.21157],[-117.39797,33.21041],[-117.39595,33.20869],[-117.39793,33.20913],[-117.39969,33.21165],[-117.40375,33.21176],[-117.40391,33.21273],[-117.40253,33.21309],[-117.40123,33.21474],[-117.39956,33.21401],[-117.397,33.21553],[-117.40017,33.21929],[-117.40302,33.21825],[-117.40156,33.21595],[-117.40345,33.21507],[-117.40345,33.21593],[-117.40559,33.21347],[-117.40573,33.20928],[-117.40286,33.20624],[-117.4059,33.20926],[-117.40582,33.21382],[-117.40472,33.21514],[-117.40734,33.21975],[-117.44548,33.26766],[-117.47695,33.30412],[-117.49191,33.31964],[-117.50993,33.33677],[-117.54566,33.36303],[-117.55033,33.36572],[-117.55568,33.36765],[-117.55877,33.36974],[-117.5641,33.37161],[-117.56905,33.37503],[-117.57198,33.37815],[-117.57544,33.38009],[-117.58926,33.38249],[-117.5956,33.38607],[-117.60219,33.39915],[-117.61279,33.41152],[-117.61768,33.41571],[-117.6223,33.42144],[-117.6272,33.42537],[-117.63317,33.43164],[-117.64289,33.43903],[-117.64694,33.4412],[-117.65201,33.44555],[-117.65881,33.44972],[-117.66485,33.45219],[-117.67633,33.4595],[-117.68145,33.46153],[-117.68911,33.46208],[-117.6898,33.45776],[-117.69209,33.45664],[-117.68992,33.45775],[-117.68982,33.45909],[-117.69095,33.45937],[-117.69069,33.46095],[-117.69185,33.46124],[-117.69251,33.45882],[-117.69308,33.459],[-117.69274,33.45997],[-117.69864,33.46144],[-117.69944,33.46045],[-117.69909,33.46145],[-117.70341,33.46256],[-117.70373,33.46168],[-117.70404,33.46287],[-117.70555,33.46311],[-117.70696,33.4603],[-117.70446,33.45804],[-117.6947,33.45557],[-117.69149,33.45404],[-117.69468,33.45547],[-117.70451,33.45794],[-117.70814,33.46067],[-117.7147,33.45998],[-117.71572,33.4612],[-117.71569,33.46269],[-117.7148,33.4632],[-117.71506,33.46443],[-117.72017,33.47265],[-117.72151,33.47348],[-117.72586,33.48282],[-117.72671,33.48357],[-117.73262,33.48498],[-117.73364,33.48413],[-117.73432,33.48453],[-117.73354,33.48684],[-117.73541,33.48881],[-117.73783,33.48849],[-117.73699,33.48929],[-117.73821,33.48953],[-117.73889,33.49062],[-117.7384,33.49206],[-117.73902,33.49231],[-117.73904,33.4949],[-117.74168,33.498],[-117.74342,33.49868],[-117.74538,33.50072],[-117.74647,33.50047],[-117.74599,33.50118],[-117.74666,33.50236],[-117.74748,33.50239],[-117.74731,33.50347],[-117.7509,33.50683],[-117.75531,33.51269],[-117.75876,33.51435],[-117.76057,33.5137],[-117.76142,33.51689],[-117.76305,33.51939],[-117.76448,33.52023],[-117.76597,33.52334],[-117.76798,33.52491],[-117.76922,33.52485],[-117.7712,33.52701],[-117.77208,33.5269],[-117.77314,33.52889],[-117.77717,33.53217],[-117.78427,33.54125],[-117.7901,33.54316],[-117.7925,33.54285],[-117.79554,33.54528],[-117.79854,33.54552],[-117.8,33.54476],[-117.8017,33.54654],[-117.80425,33.54618],[-117.80571,33.54701],[-117.80592,33.54829],[-117.80712,33.54845],[-117.80765,33.5503],[-117.81045,33.5521],[-117.81271,33.55221],[-117.81406,33.55055],[-117.81484,33.55062],[-117.81456,33.5525],[-117.81588,33.55367],[-117.81998,33.55374],[-117.82015,33.55617],[-117.81955,33.55733],[-117.82043,33.55872],[-117.8266,33.56323],[-117.83337,33.56597],[-117.83446,33.5682],[-117.84104,33.57421],[-117.84783,33.57791],[-117.85373,33.57981],[-117.85922,33.58331],[-117.86417,33.58485],[-117.86427,33.58594],[-117.86854,33.58975],[-117.87042,33.5904],[-117.8722,33.59261],[-117.87608,33.59307],[-117.8776,33.5925],[-117.87882,33.59448],[-117.87826,33.59487],[-117.87868,33.59656],[-117.88021,33.59855],[-117.87937,33.5991],[-117.87946,33.60008],[-117.88394,33.60288],[-117.88443,33.60633],[-117.88684,33.60886],[-117.88856,33.60979],[-117.89401,33.60987],[-117.89413,33.61138],[-117.89719,33.61198],[-117.89901,33.61333],[-117.89927,33.61178],[-117.89448,33.61125],[-117.89446,33.60989],[-117.89557,33.61069],[-117.89693,33.60988],[-117.90056,33.61008],[-117.90116,33.61085],[-117.90021,33.61388],[-117.90109,33.61573],[-117.90429,33.61572],[-117.90427,33.61663],[-117.90113,33.61872],[-117.89752,33.61968],[-117.90154,33.62],[-117.90306,33.61837],[-117.90229,33.61983],[-117.90087,33.62056],[-117.89712,33.62029],[-117.89724,33.61901],[-117.89418,33.61921],[-117.89516,33.61596],[-117.89295,33.61534],[-117.89189,33.61805],[-117.89278,33.61955],[-117.89132,33.61927],[-117.89087,33.62035],[-117.89208,33.61989],[-117.89326,33.6205],[-117.89227,33.62183],[-117.89155,33.62511],[-117.88962,33.62632],[-117.88557,33.62713],[-117.88578,33.62533],[-117.88713,33.62386],[-117.88816,33.62407],[-117.8879,33.62493],[-117.88906,33.62413],[-117.89088,33.62177],[-117.89062,33.62087],[-117.88892,33.62332],[-117.88661,33.62386],[-117.88444,33.62633],[-117.88512,33.62727],[-117.88408,33.62778],[-117.88427,33.62842],[-117.88616,33.62985],[-117.88578,33.63323],[-117.88476,33.63353],[-117.88786,33.63752],[-117.88698,33.64076],[-117.88663,33.63991],[-117.88637,33.64091],[-117.8825,33.64376],[-117.88245,33.6458],[-117.8841,33.64664],[-117.88849,33.65118],[-117.88901,33.65001],[-117.88932,33.65064],[-117.89019,33.65033],[-117.89059,33.64729],[-117.89224,33.64423],[-117.89035,33.64307],[-117.89069,33.64138],[-117.88964,33.63837],[-117.89172,33.63502],[-117.88995,33.63302],[-117.89158,33.63112],[-117.89012,33.62868],[-117.89035,33.62682],[-117.89187,33.62665],[-117.8929,33.62554],[-117.8934,33.62286],[-117.89597,33.62428],[-117.89382,33.62231],[-117.89404,33.62186],[-117.89637,33.6231],[-117.89686,33.62221],[-117.89549,33.62216],[-117.89557,33.62151],[-117.90196,33.62152],[-117.9041,33.6204],[-117.90799,33.61234],[-117.92703,33.62076],[-117.9309,33.62008],[-117.93196,33.62081],[-117.93328,33.62032],[-117.93337,33.62085],[-117.93684,33.62152],[-117.93471,33.61858],[-117.9338,33.61786],[-117.93299,33.61819],[-117.93102,33.61615],[-117.93271,33.61852],[-117.93054,33.61981],[-117.92866,33.61959],[-117.92693,33.61676],[-117.92603,33.61639],[-117.92368,33.61156],[-117.92493,33.61024],[-117.92757,33.61237],[-117.92627,33.61438],[-117.92682,33.61513],[-117.92849,33.61188],[-117.92606,33.60939],[-117.90894,33.60532],[-117.90639,33.60648],[-117.90403,33.60598],[-117.89677,33.6014],[-117.89243,33.59991],[-117.88467,33.59994],[-117.8825,33.59837],[-117.88102,33.5933],[-117.90564,33.60152],[-117.92837,33.60617],[-117.93438,33.61399],[-117.93984,33.61966],[-117.95736,33.62879],[-117.95396,33.6435],[-117.957,33.63215],[-117.95757,33.63241],[-117.95932,33.6295],[-117.96452,33.63313],[-118.00167,33.65476],[-118.03094,33.67801],[-118.06214,33.70896],[-118.07508,33.7184],[-118.08629,33.72822],[-118.08943,33.73034],[-118.0907,33.72994],[-118.09025,33.73161],[-118.09396,33.73397],[-118.08839,33.73132],[-118.08631,33.73153],[-118.08495,33.73079],[-118.08454,33.73151],[-118.08233,33.72793],[-118.07665,33.72539],[-118.07702,33.72505],[-118.07594,33.72421],[-118.07449,33.72514],[-118.07172,33.72397],[-118.07334,33.72285],[-118.07231,33.72141],[-118.07254,33.7202],[-118.06893,33.71687],[-118.06782,33.71712],[-118.06777,33.71605],[-118.06702,33.71817],[-118.06483,33.71605],[-118.06429,33.71637],[-118.06502,33.71833],[-118.06589,33.71804],[-118.06653,33.71877],[-118.06473,33.72071],[-118.0628,33.71604],[-118.06409,33.71504],[-118.06237,33.7147],[-118.06325,33.7136],[-118.06183,33.71388],[-118.06056,33.71185],[-118.0602,33.71084],[-118.06086,33.7098],[-118.05955,33.70907],[-118.0583,33.7069],[-118.05327,33.70302],[-118.05287,33.70358],[-118.05742,33.70692],[-118.05761,33.70755],[-118.05678,33.70745],[-118.05542,33.70607],[-118.05775,33.70907],[-118.05902,33.70934],[-118.0604,33.71222],[-118.05964,33.71299],[-118.05342,33.71231],[-118.0537,33.71341],[-118.05733,33.71399],[-118.05777,33.71643],[-118.05851,33.71644],[-118.05853,33.71708],[-118.05747,33.71751],[-118.05846,33.71752],[-118.05849,33.71816],[-118.05745,33.71816],[-118.05853,33.71852],[-118.05851,33.71924],[-118.05747,33.71966],[-118.05855,33.71968],[-118.05851,33.72024],[-118.05742,33.72068],[-118.05853,33.72075],[-118.05848,33.72129],[-118.0558,33.72171],[-118.05587,33.72322],[-118.05688,33.7232],[-118.05691,33.72508],[-118.05622,33.72578],[-118.05884,33.72763],[-118.05872,33.72911],[-118.05917,33.72811],[-118.06032,33.72901],[-118.06136,33.72871],[-118.06025,33.7283],[-118.06066,33.72694],[-118.06898,33.72796],[-118.07188,33.72549],[-118.07396,33.72645],[-118.07226,33.72767],[-118.07266,33.72807],[-118.0741,33.72821],[-118.07565,33.72699],[-118.07728,33.72712],[-118.07846,33.72764],[-118.07699,33.72848],[-118.07712,33.72913],[-118.07928,33.72821],[-118.08072,33.72943],[-118.07792,33.73218],[-118.0782,33.73424],[-118.07792,33.73255],[-118.07627,33.73166],[-118.07702,33.73034],[-118.07657,33.7301],[-118.07332,33.73113],[-118.07469,33.73099],[-118.07551,33.73169],[-118.0756,33.73323],[-118.07362,33.73406],[-118.07244,33.73335],[-118.07117,33.73386],[-118.07132,33.73518],[-118.07226,33.73361],[-118.07323,33.73456],[-118.07499,33.73374],[-118.07325,33.73632],[-118.07369,33.73795],[-118.07521,33.73754],[-118.07483,33.73682],[-118.07626,33.73658],[-118.07915,33.73454],[-118.07909,33.73152],[-118.08018,33.73413],[-118.07975,33.7366],[-118.07789,33.73778],[-118.07744,33.74103],[-118.07534,33.74099],[-118.07448,33.73988],[-118.07367,33.74152],[-118.07089,33.74113],[-118.07115,33.74171],[-118.0737,33.74181],[-118.07466,33.74027],[-118.07478,33.74115],[-118.07601,33.74185],[-118.07499,33.74372],[-118.07547,33.74451],[-118.07565,33.7427],[-118.07657,33.74192],[-118.07764,33.74156],[-118.07777,33.74336],[-118.07917,33.74192],[-118.07983,33.74209],[-118.07954,33.74141],[-118.07799,33.74255],[-118.07791,33.74166],[-118.07858,33.738],[-118.08006,33.73748],[-118.08113,33.73591],[-118.08067,33.73438],[-118.08145,33.73259],[-118.08009,33.7312],[-118.08212,33.73186],[-118.08263,33.7327],[-118.08386,33.7324],[-118.08459,33.73338],[-118.08178,33.73478],[-118.08355,33.73416],[-118.08433,33.73486],[-118.08289,33.7358],[-118.08282,33.73692],[-118.0836,33.73547],[-118.08449,33.73534],[-118.0861,33.73735],[-118.08388,33.74058],[-118.08136,33.74054],[-118.08068,33.74144],[-118.08027,33.74404],[-118.08166,33.74464],[-118.08047,33.7431],[-118.08131,33.74076],[-118.08405,33.74077],[-118.08417,33.74233],[-118.08324,33.74415],[-118.08407,33.7447],[-118.08351,33.74382],[-118.08436,33.74239],[-118.08419,33.7406],[-118.08641,33.73746],[-118.08608,33.73595],[-118.08502,33.73568],[-118.08466,33.73476],[-118.08501,33.73218],[-118.08751,33.73278],[-118.08874,33.7356],[-118.08933,33.73589],[-118.08994,33.73477],[-118.09648,33.73834],[-118.09907,33.73569],[-118.09641,33.73423],[-118.09561,33.735],[-118.09647,33.73394],[-118.10023,33.73481],[-118.10207,33.73646],[-118.107,33.73845],[-118.10669,33.7389],[-118.10759,33.73941],[-118.11492,33.74224],[-118.11256,33.7472],[-118.10871,33.75002],[-118.11022,33.75002],[-118.11336,33.74767],[-118.11636,33.74272],[-118.11476,33.74554],[-118.11534,33.74974],[-118.11499,33.74826],[-118.11426,33.74793],[-118.11211,33.74978],[-118.11339,33.7509],[-118.11417,33.75039],[-118.11325,33.7514],[-118.11192,33.75013],[-118.10853,33.7522],[-118.11322,33.75652],[-118.1143,33.75571],[-118.11529,33.75636],[-118.11989,33.76089],[-118.11803,33.76179],[-118.11841,33.76133],[-118.11756,33.76149],[-118.11754,33.76072],[-118.11499,33.75904],[-118.11546,33.75875],[-118.11431,33.75845],[-118.11487,33.75777],[-118.11386,33.75848],[-118.11735,33.76206],[-118.11287,33.76456],[-118.1111,33.76363],[-118.10768,33.76433],[-118.10664,33.76334],[-118.10489,33.76336],[-118.1048,33.76498],[-118.10553,33.76484],[-118.1049,33.76381],[-118.10586,33.76367],[-118.10739,33.76478],[-118.11004,33.76512],[-118.11089,33.76418],[-118.112,33.76487],[-118.10419,33.76729],[-118.11237,33.76542],[-118.11353,33.76613],[-118.11539,33.7638],[-118.12072,33.76164],[-118.12773,33.76788],[-118.13003,33.76783],[-118.12249,33.76036],[-118.12848,33.76003],[-118.13174,33.75548],[-118.13131,33.75425],[-118.12914,33.75222],[-118.1216,33.74951],[-118.11848,33.74679],[-118.11673,33.74621],[-118.11732,33.74444],[-118.13421,33.75323],[-118.15088,33.75916],[-118.17944,33.76396],[-118.18338,33.76378],[-118.1835,33.76306],[-118.18716,33.76091],[-118.19112,33.75972],[-118.19235,33.75988],[-118.19038,33.761],[-118.19051,33.76172],[-118.19314,33.7618],[-118.19604,33.76295],[-118.19633,33.76108],[-118.1922,33.76134],[-118.19333,33.75979],[-118.19558,33.75984],[-118.1994,33.76143],[-118.19897,33.76326],[-118.20067,33.76323],[-118.20024,33.76161],[-118.20227,33.76275],[-118.20215,33.76373],[-118.20267,33.76306],[-118.20338,33.7633],[-118.20454,33.76493],[-118.20463,33.76718],[-118.20617,33.76705],[-118.20612,33.76409],[-118.20314,33.76016],[-118.19781,33.75724],[-118.19711,33.75535],[-118.19479,33.75517],[-118.19416,33.75418],[-118.18758,33.75173],[-118.19006,33.74955],[-118.18605,33.73853],[-118.20284,33.73861],[-118.20466,33.73883],[-118.20235,33.74052],[-118.19531,33.74056],[-118.19239,33.7431],[-118.19237,33.74496],[-118.19723,33.74478],[-118.19727,33.75124],[-118.19885,33.75122],[-118.19902,33.74396],[-118.20623,33.74462],[-118.20687,33.75078],[-118.21293,33.74764],[-118.21301,33.74693],[-118.2068,33.74251],[-118.20659,33.74028],[-118.21553,33.7464],[-118.21518,33.751],[-118.20758,33.75498],[-118.20756,33.76293],[-118.20883,33.76294],[-118.20887,33.75951],[-118.20965,33.75805],[-118.21048,33.75804],[-118.21053,33.76278],[-118.21182,33.76278],[-118.21192,33.75636],[-118.21374,33.75636],[-118.21387,33.76279],[-118.21496,33.76281],[-118.21508,33.7574],[-118.21626,33.7574],[-118.22046,33.76504],[-118.22001,33.76715],[-118.21671,33.76751],[-118.218,33.76833],[-118.21392,33.76992],[-118.21159,33.76938],[-118.211,33.76966],[-118.21305,33.77031],[-118.21157,33.77092],[-118.20894,33.77071],[-118.21045,33.77138],[-118.20807,33.77231],[-118.20869,33.77313],[-118.21887,33.76921],[-118.22052,33.76917],[-118.22086,33.76982],[-118.22081,33.7709],[-118.21793,33.77285],[-118.20944,33.77614],[-118.20992,33.77708],[-118.21694,33.77418],[-118.21687,33.77547],[-118.21743,33.77557],[-118.21782,33.7741],[-118.2252,33.77066],[-118.23571,33.76828],[-118.23836,33.76902],[-118.23826,33.76728],[-118.24142,33.76697],[-118.25,33.76432],[-118.25043,33.76514],[-118.24968,33.7659],[-118.2504,33.76696],[-118.25121,33.76686],[-118.25074,33.76788],[-118.24751,33.76571],[-118.24935,33.76869],[-118.24998,33.76838],[-118.24918,33.77157],[-118.24145,33.77657],[-118.24158,33.77738],[-118.24293,33.77727],[-118.24918,33.77367],[-118.25059,33.7706],[-118.25529,33.76552],[-118.25621,33.76566],[-118.25576,33.76515],[-118.25941,33.76114],[-118.25996,33.76632],[-118.26376,33.76571],[-118.26135,33.76327],[-118.26105,33.7593],[-118.26725,33.75307],[-118.26812,33.75863],[-118.2655,33.76278],[-118.26595,33.76308],[-118.27,33.75869],[-118.26961,33.75395],[-118.27205,33.75442],[-118.27434,33.75738],[-118.27064,33.76709],[-118.27647,33.76642],[-118.27862,33.76915],[-118.28003,33.76826],[-118.27625,33.76191],[-118.27718,33.76144],[-118.2767,33.75854],[-118.27982,33.75647],[-118.28779,33.75487],[-118.28972,33.75511],[-118.28798,33.75415],[-118.2881,33.75258],[-118.2831,33.75429],[-118.28177,33.75432],[-118.28033,33.75336],[-118.27913,33.75501],[-118.2798,33.75371],[-118.278,33.75373],[-118.27746,33.75441],[-118.27355,33.75288],[-118.27444,33.74858],[-118.27781,33.74949],[-118.27836,33.74863],[-118.27501,33.74675],[-118.27871,33.74016],[-118.27814,33.73536],[-118.27428,33.72915],[-118.27869,33.73133],[-118.27387,33.72783],[-118.27116,33.72034],[-118.27305,33.71989],[-118.27546,33.72627],[-118.27654,33.726],[-118.273,33.71621],[-118.27288,33.71527],[-118.27399,33.71378],[-118.27651,33.71525],[-118.27566,33.71995],[-118.2771,33.72357],[-118.27843,33.72024],[-118.28015,33.72501],[-118.2821,33.72447],[-118.28003,33.7179],[-118.28345,33.71696],[-118.28449,33.71394],[-118.28352,33.71309],[-118.28314,33.71012],[-118.27732,33.70805],[-118.27797,33.70721],[-118.27956,33.7085],[-118.28425,33.70895],[-118.28623,33.70669],[-118.28847,33.70552],[-118.29413,33.7046],[-118.29583,33.70833],[-118.29845,33.7099],[-118.30109,33.70998],[-118.30769,33.71208],[-118.3134,33.71471],[-118.31739,33.71368],[-118.31784,33.71499],[-118.31937,33.7154],[-118.32029,33.71718],[-118.32222,33.71736],[-118.32333,33.7187],[-118.33022,33.72021],[-118.3372,33.72364],[-118.34,33.72408],[-118.34279,33.72616],[-118.35133,33.72721],[-118.35444,33.73084],[-118.35498,33.73288],[-118.36052,33.73727],[-118.36722,33.73826],[-118.36955,33.73639],[-118.36995,33.73812],[-118.37253,33.73857],[-118.37389,33.73693],[-118.37528,33.73747],[-118.37502,33.73882],[-118.37609,33.74017],[-118.38189,33.74226],[-118.38528,33.74189],[-118.38918,33.73954],[-118.39208,33.73955],[-118.39305,33.73816],[-118.39465,33.73822],[-118.39814,33.7361],[-118.40043,33.73721],[-118.40144,33.73876],[-118.40288,33.73885],[-118.40264,33.73993],[-118.4037,33.74093],[-118.4058,33.74143],[-118.41141,33.741],[-118.41101,33.74315],[-118.4137,33.74663],[-118.41318,33.74945],[-118.41479,33.75161],[-118.41361,33.75331],[-118.41594,33.75488],[-118.41585,33.75607],[-118.41729,33.75776],[-118.41753,33.75953],[-118.41864,33.76022],[-118.41781,33.7622],[-118.42248,33.76343],[-118.4218,33.76556],[-118.42444,33.76686],[-118.42179,33.76864],[-118.4224,33.77128],[-118.42384,33.77241],[-118.42686,33.77234],[-118.42845,33.77405],[-118.42458,33.77758],[-118.42396,33.78065],[-118.42231,33.78325],[-118.41868,33.78646],[-118.40733,33.79128],[-118.40691,33.7927],[-118.40788,33.79456],[-118.40762,33.79616],[-118.40885,33.79668],[-118.40542,33.79985],[-118.40151,33.80173],[-118.39488,33.80348],[-118.39344,33.80537],[-118.39055,33.81934],[-118.39061,33.83653],[-118.39224,33.84129],[-118.39089,33.84071],[-118.39184,33.84253],[-118.3926,33.84184],[-118.39389,33.84358],[-118.39654,33.84383],[-118.39814,33.84595],[-118.39736,33.84673],[-118.39654,33.84463],[-118.3947,33.84508],[-118.39594,33.84847],[-118.39891,33.84821],[-118.39882,33.84703],[-118.39972,33.84815],[-118.39684,33.84918],[-118.39759,33.85096],[-118.4004,33.85],[-118.4004,33.84892],[-118.40146,33.84894],[-118.40177,33.84819],[-118.39953,33.84359],[-118.39526,33.84089],[-118.39976,33.84354],[-118.40203,33.84839],[-118.40113,33.84985],[-118.39951,33.85049],[-118.39943,33.85341],[-118.40403,33.86629],[-118.41264,33.88416],[-118.43354,33.92315],[-118.44157,33.93951],[-118.44217,33.94043],[-118.44297,33.94034],[-118.45374,33.95876],[-118.4565,33.96113],[-118.45769,33.96075],[-118.45334,33.96277],[-118.45375,33.96341],[-118.46039,33.96057],[-118.44693,33.96745],[-118.44643,33.97449],[-118.4412,33.97703],[-118.44193,33.97807],[-118.44643,33.97593],[-118.44644,33.97736],[-118.44127,33.97988],[-118.44221,33.98124],[-118.44639,33.97923],[-118.44643,33.98038],[-118.4428,33.98211],[-118.44309,33.98253],[-118.44433,33.98279],[-118.44641,33.98179],[-118.44644,33.98317],[-118.44974,33.98378],[-118.45615,33.98354],[-118.45662,33.98296],[-118.45518,33.98215],[-118.44978,33.98217],[-118.44974,33.9812],[-118.45556,33.98119],[-118.45728,33.98193],[-118.4583,33.98095],[-118.45761,33.97952],[-118.44976,33.97954],[-118.44974,33.97855],[-118.45768,33.97854],[-118.45764,33.97693],[-118.44978,33.9769],[-118.44974,33.97596],[-118.45769,33.97589],[-118.45653,33.97433],[-118.44974,33.97431],[-118.44974,33.97337],[-118.45617,33.97325],[-118.45499,33.97163],[-118.44978,33.97165],[-118.44978,33.97044],[-118.45242,33.96725],[-118.45978,33.96374],[-118.45988,33.96702],[-118.46236,33.97134],[-118.47372,33.98437],[-118.47651,33.9855],[-118.47658,33.98718],[-118.47872,33.99007],[-118.49188,34.00502],[-118.49705,34.0086],[-118.49815,34.00777],[-118.49851,34.00841],[-118.50011,34.00762],[-118.49796,34.00908],[-118.50039,34.01049],[-118.50376,34.01506],[-118.52028,34.02749],[-118.52622,34.03076],[-118.54542,34.03871],[-118.55025,34.03912],[-118.55558,34.03778],[-118.56334,34.04056],[-118.57009,34.04158],[-118.57614,34.03949],[-118.58036,34.03919],[-118.58378,34.03747],[-118.58812,34.03877],[-118.5948,34.03954],[-118.60447,34.03881],[-118.60987,34.03639],[-118.62331,34.03786],[-118.6265,34.03697],[-118.63254,34.03704],[-118.63619,34.03622],[-118.64555,34.03817],[-118.64926,34.03746],[-118.66003,34.03886],[-118.67018,34.0388],[-118.67343,34.03822],[-118.67775,34.03621],[-118.67946,34.03236],[-118.68275,34.0307],[-118.6939,34.03254],[-118.70661,34.02954],[-118.71508,34.03143],[-118.71911,34.0311],[-118.73553,34.03307],[-118.74215,34.03256],[-118.7506,34.03027],[-118.75432,34.02815],[-118.75614,34.02575],[-118.76612,34.02506],[-118.78475,34.02118],[-118.79029,34.01613],[-118.79232,34.01202],[-118.79385,34.01055],[-118.79368,34.00829],[-118.79427,34.00737],[-118.80245,34.00544],[-118.80468,34.00312],[-118.80517,34.00042],[-118.80661,34.00006],[-118.8092,34.0019],[-118.81696,34.01045],[-118.82824,34.01929],[-118.84356,34.02958],[-118.8541,34.03421],[-118.85896,34.03531],[-118.86123,34.03508],[-118.86175,34.0343],[-118.87669,34.03817],[-118.89559,34.03921],[-118.90462,34.04161],[-118.91028,34.04209],[-118.91556,34.04152],[-118.9224,34.045],[-118.92815,34.04587],[-118.93231,34.0454],[-118.93473,34.04354],[-118.9373,34.04285],[-118.95473,34.04816],[-118.96065,34.05145],[-118.96417,34.05224],[-118.96853,34.05555],[-118.97834,34.06017],[-118.98365,34.06059],[-118.99082,34.0641],[-118.99956,34.06643],[-119.00575,34.06591],[-119.00848,34.06669],[-119.01503,34.07074],[-119.01718,34.07134],[-119.02865,34.07886],[-119.03864,34.08361],[-119.04735,34.08516],[-119.05115,34.08416],[-119.05772,34.08588],[-119.06124,34.08525],[-119.06914,34.09006],[-119.07902,34.09401],[-119.08687,34.09827],[-119.08932,34.09853],[-119.08916,34.0976],[-119.09453,34.09912],[-119.0984,34.09921],[-119.10137,34.0982],[-119.10492,34.09555],[-119.10954,34.09455],[-119.12954,34.09968],[-119.14286,34.10734],[-119.15828,34.11741],[-119.18555,34.1372],[-119.20288,34.14481],[-119.20863,34.14499],[-119.21035,34.14442],[-119.21099,34.14517],[-119.20877,34.14788],[-119.20401,34.14781],[-119.20404,34.14866],[-119.20639,34.14868],[-119.2064,34.1515],[-119.20831,34.15156],[-119.20835,34.15356],[-119.20989,34.15302],[-119.21036,34.1539],[-119.21095,34.15368],[-119.21019,34.15278],[-119.21026,34.14881],[-119.21286,34.14586],[-119.21646,34.14579],[-119.22101,34.15282],[-119.22615,34.1568],[-119.22257,34.15901],[-119.22215,34.1604],[-119.22293,34.16201],[-119.22274,34.16978],[-119.22281,34.17083],[-119.22366,34.17113],[-119.22368,34.17605],[-119.22745,34.17652],[-119.22802,34.18107],[-119.23352,34.19003],[-119.23571,34.19817],[-119.23825,34.20009],[-119.23844,34.20367],[-119.2392,34.20448],[-119.24696,34.20711],[-119.25016,34.20603],[-119.2466,34.20661],[-119.23911,34.2039],[-119.23872,34.20002],[-119.23615,34.19822],[-119.23422,34.19062],[-119.22858,34.18157],[-119.22795,34.17655],[-119.22406,34.176],[-119.22418,34.16862],[-119.22474,34.16759],[-119.22594,34.16743],[-119.22668,34.1686],[-119.22852,34.16796],[-119.22715,34.16506],[-119.22639,34.16529],[-119.22609,34.16469],[-119.22672,34.16438],[-119.22483,34.16133],[-119.22467,34.15957],[-119.2275,34.15761],[-119.22797,34.15872],[-119.22941,34.15921],[-119.23167,34.16611],[-119.25818,34.21597],[-119.26438,34.23092],[-119.26778,34.2452],[-119.27045,34.24622],[-119.26842,34.24572],[-119.26788,34.24689],[-119.26858,34.24804],[-119.26778,34.24908],[-119.26639,34.24888],[-119.26445,34.24094],[-119.26165,34.2404],[-119.26149,34.24339],[-119.25741,34.24454],[-119.25794,34.2464],[-119.26271,34.2467],[-119.26266,34.2457],[-119.26344,34.24562],[-119.26427,34.24752],[-119.26252,34.24942],[-119.2662,34.25073],[-119.26677,34.25035],[-119.26711,34.25202],[-119.26434,34.25422],[-119.26191,34.25446],[-119.26289,34.2579],[-119.2624,34.25498],[-119.2633,34.25488],[-119.26544,34.26074],[-119.26691,34.26044],[-119.26562,34.26018],[-119.26393,34.25525],[-119.26557,34.25491],[-119.26724,34.2603],[-119.2679,34.26001],[-119.26579,34.25377],[-119.2671,34.25274],[-119.2676,34.25338],[-119.26893,34.25312],[-119.26821,34.25042],[-119.26979,34.24989],[-119.27009,34.25297],[-119.27452,34.26179],[-119.27834,34.26677],[-119.28558,34.27266],[-119.28952,34.27475],[-119.29321,34.27565],[-119.29865,34.27399],[-119.30457,34.27337],[-119.31051,34.27504],[-119.31752,34.2799],[-119.32092,34.2834],[-119.33398,34.28851],[-119.33737,34.29047],[-119.34049,34.29361],[-119.34629,34.30155],[-119.34978,34.30487],[-119.35448,34.30842],[-119.35825,34.31003],[-119.36678,34.31739],[-119.37122,34.31985],[-119.37608,34.3212],[-119.38751,34.31776],[-119.3898,34.31796],[-119.40088,34.33093],[-119.40822,34.33607],[-119.41237,34.33798],[-119.42869,34.35399],[-119.43331,34.35607],[-119.443,34.35543],[-119.45319,34.36787],[-119.46036,34.37386],[-119.46765,34.37574],[-119.4717,34.37596],[-119.47508,34.37364],[-119.47828,34.37287],[-119.48097,34.37687],[-119.48421,34.37999],[-119.49175,34.38335],[-119.49756,34.38491],[-119.50579,34.38507],[-119.51012,34.38595],[-119.51212,34.38716],[-119.51699,34.38813],[-119.52909,34.39519],[-119.53449,34.3963],[-119.53734,34.39593],[-119.54335,34.4018],[-119.55281,34.40943],[-119.56238,34.41496],[-119.56499,34.41539],[-119.56924,34.414],[-119.57265,34.41414],[-119.57667,34.41246],[-119.5806,34.41324],[-119.58637,34.41618],[-119.59333,34.41842],[-119.60273,34.42007],[-119.60646,34.41977],[-119.61624,34.42117],[-119.61874,34.42077],[-119.62096,34.41859],[-119.63011,34.41911],[-119.63207,34.41756],[-119.63773,34.41566],[-119.64971,34.41734],[-119.67544,34.41566],[-119.68412,34.41372],[-119.6881,34.41212],[-119.69077,34.41017],[-119.69324,34.40686],[-119.69383,34.40454],[-119.69181,34.40311],[-119.69879,34.40142],[-119.70181,34.39959],[-119.70204,34.39797],[-119.70287,34.3974],[-119.70983,34.39523],[-119.7185,34.396],[-119.72357,34.39537],[-119.72947,34.3959],[-119.74373,34.40262],[-119.75265,34.40427],[-119.7651,34.40903],[-119.77286,34.41094],[-119.77617,34.4129],[-119.78626,34.41641],[-119.7955,34.41802],[-119.803,34.41794],[-119.80869,34.41638],[-119.82546,34.41731],[-119.82631,34.41647],[-119.83517,34.41508],[-119.8402,34.41249],[-119.84425,34.40413],[-119.85164,34.40735],[-119.85814,34.40878],[-119.87399,34.40867],[-119.87812,34.40691],[-119.88012,34.40822],[-119.88578,34.41489],[-119.8905,34.41898],[-119.90164,34.42143],[-119.91553,34.42968],[-119.92484,34.43403],[-119.92852,34.43513],[-119.9368,34.43575],[-119.95033,34.43442],[-119.95711,34.43565],[-119.9721,34.44475],[-119.98345,34.44992],[-119.98569,34.45048],[-119.98994,34.44959],[-119.9988,34.45616],[-120.00817,34.46056],[-120.01802,34.46159],[-120.02071,34.4604],[-120.02194,34.45784],[-120.0239,34.45774],[-120.03307,34.46203],[-120.03897,34.46336],[-120.05766,34.46096],[-120.06993,34.46266],[-120.07323,34.46178],[-120.07333,34.46074],[-120.07425,34.46037],[-120.08882,34.4602],[-120.09741,34.46186],[-120.10106,34.46383],[-120.10248,34.46372],[-120.11875,34.47006],[-120.13337,34.47301],[-120.14066,34.47354],[-120.15269,34.47337],[-120.1604,34.47146],[-120.16473,34.47129],[-120.16889,34.46972],[-120.17763,34.47086],[-120.18672,34.46978],[-120.19822,34.47072],[-120.22888,34.47063],[-120.23619,34.46934],[-120.23884,34.46808],[-120.25784,34.46753],[-120.27213,34.46879],[-120.2782,34.4668],[-120.28987,34.47032],[-120.29451,34.47088],[-120.29892,34.4698],[-120.30046,34.46799],[-120.30315,34.46658],[-120.30751,34.46699],[-120.31338,34.46518],[-120.31685,34.465],[-120.32048,34.46352],[-120.33305,34.46249],[-120.33567,34.46141],[-120.33657,34.4596],[-120.34236,34.45865],[-120.35276,34.45903],[-120.35822,34.45733],[-120.37137,34.45739],[-120.376,34.4565],[-120.38125,34.45694],[-120.38713,34.45553],[-120.40529,34.45511],[-120.41774,34.45296],[-120.41995,34.45048],[-120.42328,34.44968],[-120.43616,34.45145],[-120.44205,34.45156],[-120.44528,34.45065],[-120.44608,34.44904],[-120.45158,34.44678],[-120.45285,34.44529],[-120.45217,34.44253],[-120.45283,34.44216],[-120.4567,34.44332],[-120.45733,34.44468],[-120.45905,34.44464],[-120.45908,34.44677],[-120.46106,34.44769],[-120.4626,34.44711],[-120.46241,34.44815],[-120.4637,34.4488],[-120.46583,34.44934],[-120.46818,34.44856],[-120.4691,34.44954],[-120.47061,34.44819],[-120.472,34.44832],[-120.47115,34.45025],[-120.4717,34.45057],[-120.47073,34.4514],[-120.47273,34.454],[-120.47464,34.4687],[-120.47787,34.47817],[-120.48056,34.48149],[-120.48582,34.48475],[-120.48953,34.48804],[-120.49313,34.49389],[-120.49658,34.4954],[-120.49945,34.50427],[-120.5025,34.51094],[-120.50231,34.51199],[-120.50269,34.51133],[-120.50393,34.5126],[-120.51151,34.52325],[-120.51424,34.52511],[-120.51855,34.52714],[-120.52306,34.53062],[-120.54115,34.53943],[-120.54652,34.54069],[-120.55325,34.54116],[-120.56041,34.54528],[-120.5674,34.55068],[-120.58152,34.55709],[-120.58506,34.5571],[-120.58629,34.55639],[-120.59428,34.55753],[-120.59898,34.55689],[-120.60471,34.55715],[-120.60858,34.5568],[-120.61013,34.55484],[-120.61226,34.55361],[-120.61372,34.55452],[-120.61582,34.55354],[-120.62327,34.55392],[-120.62461,34.55581],[-120.62602,34.55603],[-120.62669,34.55722],[-120.63086,34.55976],[-120.63234,34.56152],[-120.63513,34.56157],[-120.63622,34.56031],[-120.63675,34.56066],[-120.63589,34.5625],[-120.63742,34.56332],[-120.63892,34.5628],[-120.6398,34.56354],[-120.63994,34.56402],[-120.63794,34.56414],[-120.63737,34.56503],[-120.63772,34.56624],[-120.63921,34.56686],[-120.6382,34.57014],[-120.63982,34.57123],[-120.63867,34.57112],[-120.63831,34.57199],[-120.64157,34.57268],[-120.64138,34.57327],[-120.64341,34.57516],[-120.6423,34.57562],[-120.64374,34.57555],[-120.64449,34.57708],[-120.64782,34.57688],[-120.64813,34.57743],[-120.64977,34.57653],[-120.64952,34.57695],[-120.65027,34.57672],[-120.65072,34.57735],[-120.64897,34.57885],[-120.64798,34.57816],[-120.64628,34.5787],[-120.64485,34.58049],[-120.64591,34.58151],[-120.64529,34.58313],[-120.64548,34.58604],[-120.64475,34.58632],[-120.64609,34.58773],[-120.64227,34.58939],[-120.63985,34.5964],[-120.64062,34.59831],[-120.63973,34.59902],[-120.64194,34.60106],[-120.64084,34.60144],[-120.64329,34.60375],[-120.64258,34.60345],[-120.64216,34.60478],[-120.64041,34.60451],[-120.64015,34.60568],[-120.63777,34.60804],[-120.63617,34.61243],[-120.63638,34.6138],[-120.63458,34.61544],[-120.63145,34.62417],[-120.62536,34.63455],[-120.62272,34.64229],[-120.61763,34.65251],[-120.60648,34.68232],[-120.60225,34.69627],[-120.60062,34.70484],[-120.60192,34.70997],[-120.60718,34.714],[-120.60918,34.72138],[-120.61046,34.72262],[-120.6122,34.72306],[-120.61246,34.72646],[-120.61532,34.73009],[-120.61501,34.73099],[-120.61661,34.73351],[-120.62136,34.73634],[-120.62619,34.73807],[-120.62713,34.74128],[-120.62954,34.74424],[-120.63043,34.74434],[-120.62944,34.74587],[-120.62996,34.74709],[-120.62958,34.74918],[-120.63131,34.75141],[-120.63164,34.75316],[-120.63767,34.756],[-120.63383,34.76824],[-120.62338,34.79184],[-120.61491,34.8219],[-120.61001,34.84313],[-120.60968,34.85345],[-120.61048,34.85833],[-120.61149,34.85882],[-120.6122,34.86176],[-120.61635,34.86534],[-120.6165,34.86697],[-120.62091,34.86911],[-120.62574,34.87351],[-120.62862,34.87391],[-120.63225,34.87628],[-120.6336,34.87624],[-120.63392,34.87715],[-120.63932,34.88036],[-120.63954,34.88968],[-120.64246,34.89189],[-120.64206,34.89366],[-120.64288,34.89548],[-120.64666,34.90075],[-120.65006,34.90174],[-120.6526,34.90088],[-120.65779,34.90167],[-120.6648,34.90089],[-120.67072,34.90188],[-120.67168,34.90285],[-120.67055,34.90346],[-120.67067,34.90474],[-120.66937,34.90572],[-120.6705,34.90541],[-120.66918,34.90625],[-120.6696,34.90673],[-120.66845,34.90814],[-120.66744,34.91287],[-120.66421,34.92057],[-120.66394,34.92837],[-120.6668,34.92942],[-120.66628,34.92988],[-120.66692,34.93003],[-120.6647,34.93143],[-120.6643,34.93308],[-120.66295,34.93398],[-120.66187,34.93654],[-120.65819,34.94901],[-120.64595,34.98385],[-120.64163,34.99947],[-120.64009,35.00193],[-120.63507,35.02399],[-120.63124,35.04923],[-120.62993,35.06256],[-120.62954,35.07833],[-120.63061,35.0994],[-120.63198,35.10959],[-120.63616,35.12459],[-120.64409,35.13918],[-120.64718,35.14378],[-120.65116,35.14779],[-120.65338,35.14872],[-120.65426,35.14844],[-120.654,35.14924],[-120.6564,35.15071],[-120.66109,35.15196],[-120.66274,35.1535],[-120.6689,35.15203],[-120.67057,35.15305],[-120.67496,35.15305],[-120.67513,35.15404],[-120.67718,35.15478],[-120.68048,35.15852],[-120.68335,35.15782],[-120.68387,35.15891],[-120.68663,35.15948],[-120.68767,35.16134],[-120.68939,35.16232],[-120.68984,35.16376],[-120.69232,35.16506],[-120.69888,35.1712],[-120.70606,35.17406],[-120.70954,35.17498],[-120.71093,35.17464],[-120.71448,35.17597],[-120.71675,35.17554],[-120.71614,35.17382],[-120.72272,35.17556],[-120.72508,35.17426],[-120.7285,35.17715],[-120.73802,35.17932],[-120.73856,35.17852],[-120.74067,35.1779],[-120.74397,35.17844],[-120.74977,35.1777],[-120.75562,35.17444],[-120.75692,35.17091],[-120.75642,35.17044],[-120.7572,35.16665],[-120.75614,35.16263],[-120.7566,35.16091],[-120.7542,35.15927],[-120.75666,35.16026],[-120.76125,35.15982],[-120.77012,35.16368],[-120.77116,35.16358],[-120.77439,35.16716],[-120.77913,35.16822],[-120.7791,35.16904],[-120.78012,35.16932],[-120.78009,35.17093],[-120.78295,35.17276],[-120.78276,35.17425],[-120.7847,35.17654],[-120.7862,35.17705],[-120.78614,35.17781],[-120.79003,35.17922],[-120.79434,35.17853],[-120.79585,35.18133],[-120.8005,35.18245],[-120.80523,35.18498],[-120.80719,35.18466],[-120.80609,35.18517],[-120.80627,35.18594],[-120.81295,35.1879],[-120.81236,35.18822],[-120.81262,35.18926],[-120.81832,35.1894],[-120.81813,35.19117],[-120.82059,35.19143],[-120.82012,35.19219],[-120.82073,35.19279],[-120.82241,35.19229],[-120.82188,35.19355],[-120.82243,35.1942],[-120.82613,35.19468],[-120.82802,35.19646],[-120.8312,35.19627],[-120.83514,35.19686],[-120.83549,35.19786],[-120.83698,35.19752],[-120.83721,35.19861],[-120.8395,35.19865],[-120.83872,35.19979],[-120.84043,35.20009],[-120.84004,35.20069],[-120.84142,35.20197],[-120.84634,35.20211],[-120.84521,35.20425],[-120.84856,35.20466],[-120.84974,35.20631],[-120.85082,35.20542],[-120.8546,35.20582],[-120.85599,35.20676],[-120.85353,35.20605],[-120.85332,35.20714],[-120.85648,35.20779],[-120.857,35.2077],[-120.85707,35.20607],[-120.85738,35.20763],[-120.85899,35.20896],[-120.85648,35.20931],[-120.85677,35.2113],[-120.85988,35.21305],[-120.86035,35.21226],[-120.86132,35.21248],[-120.86087,35.21297],[-120.86205,35.21379],[-120.86104,35.21383],[-120.85945,35.21572],[-120.86349,35.2168],[-120.8634,35.21749],[-120.86441,35.2172],[-120.86353,35.21772],[-120.86413,35.21883],[-120.86578,35.21833],[-120.86575,35.21898],[-120.87061,35.22007],[-120.87099,35.22081],[-120.87051,35.22097],[-120.87205,35.22249],[-120.87403,35.22235],[-120.87274,35.22436],[-120.87486,35.22813],[-120.87641,35.22852],[-120.87778,35.23087],[-120.88177,35.23229],[-120.88217,35.23374],[-120.8863,35.23532],[-120.8874,35.23832],[-120.88874,35.23855],[-120.8887,35.23952],[-120.89077,35.2418],[-120.89254,35.24231],[-120.89268,35.24355],[-120.89464,35.24564],[-120.89568,35.24574],[-120.89566,35.24684],[-120.89747,35.24727],[-120.89743,35.24799],[-120.89566,35.2481],[-120.89541,35.24991],[-120.8971,35.25143],[-120.89634,35.25294],[-120.89709,35.25429],[-120.89979,35.25521],[-120.89754,35.25637],[-120.89733,35.25889],[-120.89479,35.25946],[-120.89554,35.26152],[-120.8944,35.26235],[-120.89472,35.2628],[-120.89393,35.26271],[-120.89342,35.26471],[-120.89426,35.26554],[-120.8936,35.26577],[-120.8945,35.26613],[-120.89374,35.26786],[-120.89547,35.26879],[-120.89516,35.26946],[-120.89617,35.27011],[-120.89597,35.27116],[-120.89518,35.27125],[-120.89535,35.27312],[-120.89394,35.27426],[-120.89049,35.27288],[-120.89037,35.27365],[-120.88856,35.27403],[-120.88853,35.27517],[-120.88976,35.27652],[-120.88953,35.27967],[-120.88834,35.28004],[-120.887,35.28332],[-120.88314,35.28783],[-120.88299,35.28939],[-120.88144,35.29048],[-120.87976,35.29378],[-120.86917,35.32092],[-120.86533,35.33399],[-120.86271,35.34694],[-120.86269,35.35389],[-120.86191,35.35531],[-120.86247,35.36025],[-120.86116,35.36213],[-120.86301,35.36799],[-120.86208,35.36881],[-120.8608,35.36878],[-120.85965,35.36785],[-120.85891,35.36587],[-120.85698,35.3657],[-120.85769,35.36434],[-120.85561,35.35998],[-120.85705,35.35826],[-120.85887,35.3579],[-120.85908,35.35435],[-120.85781,35.35138],[-120.85879,35.35069],[-120.85736,35.34675],[-120.85912,35.34094],[-120.85769,35.33564],[-120.85967,35.3344],[-120.85927,35.33197],[-120.86033,35.32989],[-120.85958,35.32851],[-120.86054,35.3274],[-120.86033,35.32535],[-120.86269,35.32328],[-120.86222,35.3214],[-120.86432,35.3175],[-120.86552,35.31708],[-120.86549,35.31547],[-120.86715,35.31324],[-120.86686,35.31132],[-120.86446,35.31552],[-120.85603,35.31847],[-120.85408,35.31816],[-120.85123,35.32041],[-120.8504,35.31958],[-120.8495,35.32007],[-120.84842,35.31888],[-120.84906,35.32025],[-120.8512,35.32073],[-120.85024,35.32172],[-120.84792,35.32123],[-120.84195,35.32212],[-120.84104,35.323],[-120.84036,35.32577],[-120.84477,35.32865],[-120.8433,35.33176],[-120.84134,35.33266],[-120.83714,35.33108],[-120.83347,35.33135],[-120.82905,35.33538],[-120.82905,35.33764],[-120.82759,35.33819],[-120.83245,35.33971],[-120.83389,35.33935],[-120.83344,35.34036],[-120.83861,35.3405],[-120.84083,35.33941],[-120.8407,35.33992],[-120.84188,35.34012],[-120.84092,35.34106],[-120.83872,35.3413],[-120.83806,35.34324],[-120.83911,35.34129],[-120.84247,35.34134],[-120.84307,35.34391],[-120.84465,35.34535],[-120.84026,35.34459],[-120.84002,35.34516],[-120.8449,35.34643],[-120.84392,35.34796],[-120.84389,35.34974],[-120.84564,35.35145],[-120.84556,35.35327],[-120.84679,35.35521],[-120.85136,35.358],[-120.85519,35.36929],[-120.86045,35.37212],[-120.86401,35.37046],[-120.86561,35.36766],[-120.8696,35.36692],[-120.87044,35.36925],[-120.86981,35.37106],[-120.86887,35.37193],[-120.86646,35.37071],[-120.86674,35.37136],[-120.86504,35.37152],[-120.86425,35.37402],[-120.86452,35.38076],[-120.86658,35.39522],[-120.86908,35.40304],[-120.87226,35.40698],[-120.87436,35.41332],[-120.88321,35.42789],[-120.88894,35.43522],[-120.90231,35.44633],[-120.90766,35.44904],[-120.91098,35.448],[-120.91481,35.44953],[-120.91917,35.44787],[-120.9195,35.44709],[-120.92079,35.44789],[-120.92143,35.4473],[-120.92191,35.44789],[-120.92521,35.44729],[-120.92981,35.44808],[-120.93136,35.44749],[-120.93613,35.44754],[-120.94042,35.4461],[-120.9424,35.44769],[-120.9465,35.44679],[-120.95096,35.44808],[-120.95198,35.44945],[-120.95098,35.45018],[-120.95192,35.45228],[-120.95461,35.45293],[-120.95811,35.45491],[-120.96016,35.4548],[-120.96159,35.45637],[-120.96327,35.45612],[-120.96864,35.46001],[-120.97785,35.45904],[-120.97921,35.45928],[-120.97989,35.46042],[-120.98473,35.4603],[-120.98838,35.46233],[-120.99096,35.46242],[-120.99287,35.46377],[-120.99737,35.46067],[-121.00388,35.46072],[-121.00839,35.46457],[-121.00963,35.46761],[-121.01155,35.46893],[-121.01136,35.46947],[-121.01388,35.4725],[-121.01536,35.47303],[-121.01848,35.47695],[-121.02044,35.47864],[-121.02107,35.47825],[-121.02379,35.48103],[-121.024,35.48256],[-121.02317,35.4839],[-121.02532,35.48471],[-121.02652,35.48433],[-121.02737,35.48525],[-121.02826,35.48484],[-121.02914,35.4866],[-121.03051,35.48722],[-121.03096,35.4887],[-121.03249,35.48902],[-121.03265,35.49001],[-121.03579,35.48907],[-121.03749,35.49006],[-121.03737,35.4907],[-121.0386,35.49066],[-121.03826,35.49353],[-121.03914,35.49414],[-121.03989,35.49361],[-121.04065,35.49475],[-121.0427,35.49545],[-121.04228,35.49768],[-121.04322,35.49791],[-121.04315,35.49855],[-121.04393,35.49806],[-121.04479,35.49959],[-121.04664,35.50037],[-121.04692,35.50327],[-121.04855,35.50495],[-121.05084,35.50527],[-121.05206,35.50591],[-121.05281,35.50745],[-121.05666,35.50809],[-121.06024,35.51013],[-121.06284,35.51414],[-121.06873,35.51827],[-121.06979,35.51957],[-121.0696,35.52035],[-121.07487,35.52467],[-121.07491,35.52587],[-121.07849,35.52906],[-121.08003,35.52959],[-121.08071,35.53124],[-121.08206,35.53155],[-121.08335,35.53328],[-121.08611,35.53401],[-121.08725,35.53729],[-121.09262,35.54021],[-121.09444,35.54343],[-121.09717,35.54538],[-121.09786,35.54795],[-121.10144,35.54902],[-121.1039,35.55218],[-121.10366,35.55372],[-121.10508,35.55494],[-121.10336,35.5559],[-121.10375,35.55814],[-121.1072,35.56075],[-121.10956,35.56574],[-121.11123,35.56763],[-121.11477,35.57649],[-121.11686,35.57827],[-121.11764,35.57819],[-121.11922,35.58126],[-121.12166,35.58175],[-121.12578,35.59316],[-121.13265,35.60011],[-121.13785,35.60179],[-121.13957,35.60371],[-121.14222,35.60431],[-121.14856,35.61469],[-121.15033,35.61588],[-121.15208,35.61574],[-121.15198,35.61681],[-121.15089,35.61703],[-121.15109,35.61782],[-121.15424,35.61816],[-121.15316,35.61917],[-121.15594,35.62241],[-121.15587,35.62352],[-121.15979,35.62767],[-121.16368,35.63327],[-121.16623,35.63402],[-121.16722,35.63596],[-121.1758,35.64035],[-121.19005,35.64317],[-121.1936,35.64218],[-121.19561,35.64075],[-121.19309,35.63511],[-121.1953,35.63455],[-121.19658,35.63605],[-121.19919,35.63722],[-121.20181,35.64127],[-121.20413,35.642],[-121.20561,35.64167],[-121.20587,35.641],[-121.20716,35.64187],[-121.20846,35.64177],[-121.2121,35.64735],[-121.22117,35.65192],[-121.22469,35.65229],[-121.23004,35.65166],[-121.23721,35.65317],[-121.23936,35.65205],[-121.242,35.6524],[-121.2461,35.65552],[-121.24829,35.65516],[-121.25006,35.65571],[-121.25047,35.65708],[-121.25185,35.65733],[-121.25218,35.65877],[-121.25372,35.65896],[-121.25579,35.66186],[-121.2598,35.66408],[-121.2619,35.66432],[-121.26436,35.66293],[-121.2658,35.66321],[-121.26641,35.66451],[-121.26768,35.6637],[-121.27119,35.66693],[-121.27544,35.66553],[-121.27775,35.66687],[-121.28027,35.66716],[-121.28246,35.66638],[-121.28289,35.66483],[-121.28421,35.6638],[-121.28673,35.66486],[-121.28487,35.66684],[-121.28466,35.67273],[-121.28553,35.67528],[-121.28763,35.67608],[-121.28655,35.67792],[-121.28773,35.68183],[-121.28756,35.6835],[-121.28806,35.68506],[-121.28961,35.68587],[-121.28938,35.6887],[-121.29042,35.69102],[-121.29454,35.69486],[-121.29596,35.69752],[-121.30183,35.70042],[-121.30464,35.70328],[-121.3068,35.70442],[-121.30768,35.7072],[-121.31072,35.7095],[-121.30796,35.70992],[-121.31159,35.70992],[-121.31253,35.71188],[-121.31425,35.71325],[-121.31647,35.71335],[-121.31286,35.71769],[-121.3136,35.71919],[-121.31313,35.72134],[-121.31405,35.72354],[-121.31473,35.72422],[-121.31636,35.72422],[-121.31855,35.72818],[-121.31525,35.73137],[-121.31574,35.73441],[-121.31716,35.73538],[-121.31602,35.73722],[-121.31591,35.73905],[-121.31728,35.74086],[-121.3172,35.74224],[-121.31874,35.74373],[-121.318,35.74432],[-121.31874,35.74541],[-121.31687,35.74556],[-121.31603,35.7466],[-121.31659,35.74787],[-121.31779,35.74827],[-121.31612,35.74861],[-121.31569,35.75097],[-121.31772,35.75607],[-121.32008,35.75637],[-121.32197,35.75756],[-121.32591,35.75716],[-121.32598,35.75859],[-121.32796,35.75972],[-121.32593,35.75985],[-121.32492,35.76148],[-121.32508,35.76963],[-121.32666,35.7733],[-121.33117,35.77791],[-121.33095,35.77924],[-121.33249,35.77938],[-121.33333,35.78086],[-121.33197,35.78242],[-121.33982,35.78825],[-121.3434,35.79273],[-121.34859,35.79556],[-121.35038,35.79882],[-121.35543,35.80183],[-121.35663,35.80388],[-121.36357,35.80863],[-121.36638,35.80885],[-121.37059,35.81161],[-121.37359,35.81179],[-121.37413,35.81301],[-121.37354,35.81465],[-121.3747,35.81568],[-121.38576,35.82155],[-121.39076,35.82546],[-121.39604,35.83368],[-121.40151,35.8388],[-121.40264,35.83897],[-121.40366,35.84213],[-121.40713,35.84464],[-121.40786,35.84588],[-121.40793,35.84835],[-121.40986,35.85037],[-121.41054,35.85274],[-121.41248,35.85361],[-121.41203,35.85465],[-121.41342,35.85621],[-121.41725,35.85813],[-121.42568,35.85978],[-121.43295,35.86456],[-121.44005,35.86713],[-121.44174,35.87011],[-121.44436,35.87054],[-121.44686,35.87208],[-121.44663,35.87328],[-121.44825,35.87595],[-121.45038,35.87711],[-121.45264,35.88019],[-121.45903,35.88283],[-121.46222,35.88569],[-121.4617,35.8879],[-121.46491,35.88883],[-121.46203,35.89043],[-121.46155,35.89191],[-121.46198,35.8936],[-121.46099,35.89602],[-121.46148,35.89808],[-121.46446,35.89911],[-121.46516,35.90016],[-121.46297,35.90388],[-121.46788,35.91075],[-121.46991,35.91154],[-121.47045,35.91396],[-121.47285,35.91484],[-121.47175,35.91766],[-121.47221,35.91872],[-121.47306,35.91861],[-121.47507,35.92008],[-121.4724,35.92013],[-121.46903,35.92239],[-121.46851,35.92674],[-121.47075,35.929],[-121.47656,35.93104],[-121.47653,35.93197],[-121.47505,35.93271],[-121.47641,35.93554],[-121.47516,35.93672],[-121.47655,35.93728],[-121.4759,35.93964],[-121.47698,35.94081],[-121.47679,35.94156],[-121.47995,35.94404],[-121.47866,35.94454],[-121.47868,35.9459],[-121.47979,35.94722],[-121.47955,35.94877],[-121.48281,35.94958],[-121.48179,35.95114],[-121.48294,35.95353],[-121.4825,35.95494],[-121.48335,35.9585],[-121.48457,35.95959],[-121.48457,35.96484],[-121.48603,35.96862],[-121.48592,35.97114],[-121.48851,35.97318],[-121.48887,35.97687],[-121.4908,35.98151],[-121.4946,35.98706],[-121.49617,35.9879],[-121.502,35.99907],[-121.51153,36.00667],[-121.51716,36.00798],[-121.51967,36.00732],[-121.52044,36.00896],[-121.52459,36.00986],[-121.52629,36.01161],[-121.53103,36.01407],[-121.53872,36.01569],[-121.5416,36.01531],[-121.5458,36.01815],[-121.55402,36.01977],[-121.56331,36.02061],[-121.56745,36.01971],[-121.57334,36.0235],[-121.57518,36.02604],[-121.57551,36.02815],[-121.57759,36.03078],[-121.57761,36.03234],[-121.58152,36.03861],[-121.58228,36.03879],[-121.58202,36.04074],[-121.5849,36.04277],[-121.58633,36.04545],[-121.59154,36.04928],[-121.59178,36.05025],[-121.59039,36.0505],[-121.58914,36.05334],[-121.58976,36.0546],[-121.59244,36.0561],[-121.5931,36.05795],[-121.59242,36.0593],[-121.5927,36.06495],[-121.5993,36.06944],[-121.60049,36.06996],[-121.60093,36.06911],[-121.60685,36.07204],[-121.60772,36.07404],[-121.60751,36.07528],[-121.6085,36.0765],[-121.61195,36.0783],[-121.61197,36.07923],[-121.61372,36.0803],[-121.61381,36.08172],[-121.61487,36.08207],[-121.61464,36.08335],[-121.61921,36.08646],[-121.61867,36.08993],[-121.62173,36.09615],[-121.62176,36.09944],[-121.62282,36.10058],[-121.62331,36.10301],[-121.62649,36.10538],[-121.62597,36.10753],[-121.62987,36.11021],[-121.63055,36.11097],[-121.63025,36.11234],[-121.63253,36.11449],[-121.63178,36.11708],[-121.63282,36.11834],[-121.63331,36.12097],[-121.63881,36.12341],[-121.64501,36.12787],[-121.64604,36.12971],[-121.64579,36.13058],[-121.64961,36.13408],[-121.64982,36.13665],[-121.65267,36.13796],[-121.65402,36.13957],[-121.65395,36.14064],[-121.65718,36.14249],[-121.65703,36.14339],[-121.65951,36.14676],[-121.66307,36.14846],[-121.66425,36.15008],[-121.66541,36.15048],[-121.66557,36.1519],[-121.66821,36.15343],[-121.66862,36.1547],[-121.67368,36.15758],[-121.67253,36.15758],[-121.6717,36.15864],[-121.6748,36.15973],[-121.67382,36.16081],[-121.67571,36.16352],[-121.67734,36.16383],[-121.67828,36.16523],[-121.68031,36.16603],[-121.68345,36.16618],[-121.68406,36.16781],[-121.68665,36.16814],[-121.6897,36.17081],[-121.69078,36.17069],[-121.69151,36.17199],[-121.69317,36.17146],[-121.69416,36.17293],[-121.69368,36.17347],[-121.69593,36.17527],[-121.69668,36.17393],[-121.69762,36.17456],[-121.69729,36.17538],[-121.69863,36.17486],[-121.69989,36.17677],[-121.69968,36.17797],[-121.70111,36.17863],[-121.70144,36.18111],[-121.70319,36.18244],[-121.70403,36.18233],[-121.7039,36.18302],[-121.70656,36.18498],[-121.70812,36.18513],[-121.70752,36.18584],[-121.70857,36.18799],[-121.71193,36.19067],[-121.71382,36.19086],[-121.71538,36.19193],[-121.71512,36.19307],[-121.71656,36.19493],[-121.72401,36.19867],[-121.72866,36.1997],[-121.73238,36.20284],[-121.73837,36.20407],[-121.7399,36.20681],[-121.74627,36.21033],[-121.75342,36.21074],[-121.75576,36.21237],[-121.75721,36.21447],[-121.76455,36.21882],[-121.76504,36.21979],[-121.76861,36.22131],[-121.77083,36.22312],[-121.77422,36.22435],[-121.77554,36.22395],[-121.77524,36.22519],[-121.77934,36.22734],[-121.78698,36.2283],[-121.78728,36.22985],[-121.79026,36.2307],[-121.7903,36.23154],[-121.79139,36.23229],[-121.7954,36.23296],[-121.79535,36.23365],[-121.79946,36.23484],[-121.80596,36.23305],[-121.80783,36.23298],[-121.80943,36.23387],[-121.81108,36.23347],[-121.81504,36.23534],[-121.81486,36.23808],[-121.8166,36.23825],[-121.81719,36.23951],[-121.819,36.23996],[-121.81953,36.24127],[-121.82229,36.24205],[-121.82655,36.24193],[-121.82938,36.24682],[-121.83124,36.24765],[-121.83315,36.24741],[-121.83578,36.24958],[-121.83804,36.24946],[-121.83561,36.25078],[-121.83677,36.25592],[-121.84328,36.26716],[-121.84578,36.26987],[-121.84575,36.27113],[-121.84874,36.27461],[-121.8504,36.27559],[-121.85167,36.27768],[-121.85693,36.28089],[-121.85985,36.2809],[-121.85794,36.28214],[-121.86002,36.28126],[-121.85966,36.27984],[-121.86315,36.28086],[-121.86669,36.28516],[-121.87219,36.28841],[-121.87473,36.28901],[-121.87657,36.2906],[-121.87657,36.29206],[-121.87763,36.29332],[-121.88002,36.29372],[-121.88144,36.29495],[-121.88245,36.29724],[-121.88674,36.30234],[-121.89688,36.30527],[-121.8978,36.30372],[-121.89955,36.30296],[-121.90256,36.30614],[-121.90243,36.30739],[-121.89954,36.30687],[-121.89447,36.31745],[-121.89466,36.3211],[-121.89584,36.32343],[-121.89481,36.32569],[-121.89657,36.32721],[-121.89433,36.33041],[-121.89268,36.34049],[-121.89441,36.34426],[-121.89638,36.34495],[-121.89841,36.34806],[-121.89874,36.34765],[-121.8986,36.34913],[-121.89983,36.34968],[-121.90033,36.35103],[-121.90401,36.35322],[-121.90309,36.35353],[-121.90401,36.35389],[-121.9044,36.35548],[-121.90648,36.35584],[-121.90486,36.35591],[-121.90691,36.35631],[-121.90667,36.35714],[-121.90742,36.35733],[-121.90537,36.35809],[-121.90499,36.35879],[-121.90572,36.35942],[-121.904,36.36017],[-121.90535,36.36131],[-121.9053,36.36203],[-121.90249,36.36395],[-121.90341,36.36566],[-121.90261,36.36706],[-121.90342,36.36845],[-121.90309,36.37118],[-121.90417,36.37217],[-121.90719,36.37201],[-121.90707,36.3731],[-121.90794,36.37396],[-121.90679,36.37398],[-121.90707,36.37484],[-121.90627,36.37382],[-121.90572,36.37426],[-121.90497,36.37809],[-121.90351,36.37879],[-121.9016,36.38154],[-121.90259,36.38286],[-121.90202,36.38356],[-121.90289,36.3852],[-121.90136,36.38604],[-121.90216,36.38642],[-121.90219,36.38745],[-121.90433,36.38828],[-121.90398,36.38995],[-121.90559,36.39104],[-121.90453,36.3906],[-121.90391,36.39118],[-121.90447,36.39179],[-121.90387,36.39315],[-121.90308,36.39335],[-121.90433,36.39514],[-121.90585,36.39538],[-121.90512,36.3967],[-121.90587,36.39725],[-121.90566,36.39835],[-121.91004,36.40011],[-121.9108,36.40124],[-121.91196,36.40024],[-121.91261,36.40046],[-121.91315,36.40255],[-121.91372,36.40186],[-121.9146,36.40306],[-121.91476,36.40389],[-121.91294,36.40515],[-121.91334,36.40607],[-121.91236,36.40649],[-121.91346,36.40682],[-121.91365,36.408],[-121.91485,36.40774],[-121.91544,36.40951],[-121.91703,36.41057],[-121.91691,36.41197],[-121.91486,36.41162],[-121.91448,36.41218],[-121.91717,36.41398],[-121.91726,36.41497],[-121.9165,36.41426],[-121.91625,36.41485],[-121.91707,36.41568],[-121.91672,36.41673],[-121.91757,36.41681],[-121.91627,36.4174],[-121.9153,36.41985],[-121.91448,36.42569],[-121.91571,36.42642],[-121.91558,36.42706],[-121.91643,36.42706],[-121.91667,36.42766],[-121.91587,36.42817],[-121.91738,36.42829],[-121.91729,36.42936],[-121.91886,36.43038],[-121.91802,36.43104],[-121.91929,36.43243],[-121.91914,36.43357],[-121.92011,36.43477],[-121.91976,36.43574],[-121.92044,36.43688],[-121.92139,36.43669],[-121.92212,36.43755],[-121.9219,36.43835],[-121.92318,36.4401],[-121.92287,36.44084],[-121.92407,36.43992],[-121.92356,36.44081],[-121.9244,36.44158],[-121.92315,36.44137],[-121.92709,36.44625],[-121.9271,36.44835],[-121.92835,36.44833],[-121.9294,36.44715],[-121.92891,36.44801],[-121.92976,36.44914],[-121.92886,36.45103],[-121.93018,36.45297],[-121.9254,36.4539],[-121.92532,36.45487],[-121.9266,36.45598],[-121.92528,36.45645],[-121.92606,36.45876],[-121.92563,36.45975],[-121.92676,36.45972],[-121.92684,36.46092],[-121.92759,36.46103],[-121.92783,36.46219],[-121.92827,36.46195],[-121.92801,36.4637],[-121.92929,36.46396],[-121.92974,36.46639],[-121.93124,36.46676],[-121.93176,36.4679],[-121.9336,36.4686],[-121.93384,36.46956],[-121.93438,36.46877],[-121.9344,36.47007],[-121.93705,36.47193],[-121.93676,36.47344],[-121.93729,36.47328],[-121.93801,36.47465],[-121.93865,36.47762],[-121.9378,36.47752],[-121.93872,36.47799],[-121.9378,36.47843],[-121.93832,36.47894],[-121.93749,36.47903],[-121.93908,36.47994],[-121.93832,36.48039],[-121.93849,36.48148],[-121.94066,36.48282],[-121.9407,36.48469],[-121.9416,36.48537],[-121.94101,36.48618],[-121.94155,36.48894],[-121.94347,36.48988],[-121.94384,36.48781],[-121.94445,36.48761],[-121.9442,36.48949],[-121.94518,36.48933],[-121.94438,36.49073],[-121.94632,36.49033],[-121.94507,36.49162],[-121.94462,36.49334],[-121.94347,36.49291],[-121.94308,36.49373],[-121.94236,36.49326],[-121.94113,36.4953],[-121.93983,36.4951],[-121.94025,36.49632],[-121.9391,36.49741],[-121.93683,36.49799],[-121.93663,36.49873],[-121.93743,36.49933],[-121.9383,36.49889],[-121.94047,36.50026],[-121.94021,36.50186],[-121.93863,36.50136],[-121.93887,36.5033],[-121.9395,36.50352],[-121.93915,36.50439],[-121.9379,36.50483],[-121.93907,36.50556],[-121.93924,36.50685],[-121.9424,36.50701],[-121.94224,36.50792],[-121.94106,36.50811],[-121.94264,36.50906],[-121.94193,36.50912],[-121.94266,36.50966],[-121.9419,36.51025],[-121.94233,36.51189],[-121.94384,36.51178],[-121.94471,36.51243],[-121.9445,36.51308],[-121.94525,36.51274],[-121.94738,36.51353],[-121.94891,36.51577],[-121.94962,36.51562],[-121.94969,36.51701],[-121.95056,36.51705],[-121.9513,36.51591],[-121.95266,36.51809],[-121.95401,36.51778],[-121.95464,36.51884],[-121.95407,36.51985],[-121.9524,36.51886],[-121.95127,36.51972],[-121.95172,36.52055],[-121.95327,36.52076],[-121.95539,36.52241],[-121.9553,36.52315],[-121.95325,36.52258],[-121.95495,36.52368],[-121.95485,36.52451],[-121.95382,36.52332],[-121.95289,36.52394],[-121.94955,36.52109],[-121.94952,36.52271],[-121.94844,36.52231],[-121.94867,36.52366],[-121.94795,36.52386],[-121.94464,36.52194],[-121.9446,36.52076],[-121.94236,36.5207],[-121.94221,36.52169],[-121.9403,36.52134],[-121.94087,36.51962],[-121.93846,36.51886],[-121.93674,36.51995],[-121.93762,36.52108],[-121.93674,36.52091],[-121.93643,36.52161],[-121.93794,36.5226],[-121.93728,36.52344],[-121.93441,36.52222],[-121.93368,36.52346],[-121.93044,36.52368],[-121.92861,36.52292],[-121.9258,36.52529],[-121.9253,36.52658],[-121.92646,36.5281],[-121.92603,36.52994],[-121.92814,36.53394],[-121.92873,36.53726],[-121.93089,36.53958],[-121.93264,36.53933],[-121.93384,36.54344],[-121.93377,36.54466],[-121.93118,36.54493],[-121.9296,36.54642],[-121.93071,36.55439],[-121.93266,36.55958],[-121.93431,36.5611],[-121.93585,36.56115],[-121.9354,36.56195],[-121.93776,36.56279],[-121.93794,36.56195],[-121.94061,36.56102],[-121.94085,36.56223],[-121.93957,36.56318],[-121.93953,36.56464],[-121.94223,36.56623],[-121.94408,36.56622],[-121.94518,36.56482],[-121.94523,36.56578],[-121.94976,36.56741],[-121.95111,36.56647],[-121.95164,36.56117],[-121.95375,36.5609],[-121.95733,36.56308],[-121.95848,36.56506],[-121.96096,36.56564],[-121.96294,36.56714],[-121.96405,36.56697],[-121.96422,36.56845],[-121.96546,36.56849],[-121.96509,36.56892],[-121.9665,36.56934],[-121.96855,36.56881],[-121.97099,36.5696],[-121.97051,36.57053],[-121.9715,36.5711],[-121.97059,36.57167],[-121.97122,36.57168],[-121.97112,36.57257],[-121.97351,36.57388],[-121.97247,36.57523],[-121.97355,36.57664],[-121.97596,36.57724],[-121.97676,36.57951],[-121.97811,36.57932],[-121.97886,36.58011],[-121.97809,36.57969],[-121.97764,36.58018],[-121.97846,36.58158],[-121.97695,36.58106],[-121.97681,36.58031],[-121.97523,36.5802],[-121.97554,36.58234],[-121.97429,36.58214],[-121.97462,36.58338],[-121.97228,36.58383],[-121.97065,36.58236],[-121.96803,36.58272],[-121.96568,36.58542],[-121.96386,36.58902],[-121.96539,36.59101],[-121.96179,36.59473],[-121.96134,36.59673],[-121.96261,36.59899],[-121.96122,36.60187],[-121.96148,36.60282],[-121.95959,36.60451],[-121.95901,36.60941],[-121.95693,36.61028],[-121.95313,36.60877],[-121.94966,36.60976],[-121.9473,36.61183],[-121.94606,36.61431],[-121.94308,36.61628],[-121.94125,36.61881],[-121.94203,36.62059],[-121.94124,36.62247],[-121.94172,36.62329],[-121.94054,36.6237],[-121.94099,36.6249],[-121.93988,36.62552],[-121.94063,36.62694],[-121.93841,36.62708],[-121.93762,36.63006],[-121.93898,36.63269],[-121.93905,36.63434],[-121.93577,36.63745],[-121.93118,36.63739],[-121.92789,36.63635],[-121.92766,36.63575],[-121.92521,36.63558],[-121.92186,36.63222],[-121.92124,36.62832],[-121.91776,36.62679],[-121.91514,36.62689],[-121.91637,36.62525],[-121.91438,36.62312],[-121.91202,36.62329],[-121.9096,36.62104],[-121.90604,36.62066],[-121.90538,36.62124],[-121.90587,36.62173],[-121.9042,36.62176],[-121.90302,36.61896],[-121.90136,36.61891],[-121.9011,36.61773],[-121.90054,36.61805],[-121.89929,36.61565],[-121.89736,36.61418],[-121.89771,36.61207],[-121.89637,36.6113],[-121.89537,36.60944],[-121.89387,36.60941],[-121.89384,36.60868],[-121.895,36.60855],[-121.89405,36.60753],[-121.89431,36.60516],[-121.89353,36.60402],[-121.89228,36.60565],[-121.89287,36.60332],[-121.89243,36.60285],[-121.88967,36.60203],[-121.88974,36.6015],[-121.88443,36.60134],[-121.87561,36.60271],[-121.86721,36.60654],[-121.85899,36.61212],[-121.85792,36.6118],[-121.85738,36.61379],[-121.84899,36.62198],[-121.84156,36.63094],[-121.83149,36.64561],[-121.82392,36.6591],[-121.81665,36.67683],[-121.81115,36.69462],[-121.80738,36.71374],[-121.80684,36.73798],[-121.80575,36.74969],[-121.80502,36.75075],[-121.80411,36.75073],[-121.80498,36.75193],[-121.80406,36.7566],[-121.80111,36.76289],[-121.80023,36.76852],[-121.79238,36.79424],[-121.78877,36.8021],[-121.78837,36.80489],[-121.78955,36.80587],[-121.78766,36.80725],[-121.78811,36.8084],[-121.78972,36.80763],[-121.79179,36.81543],[-121.79727,36.82341],[-121.80925,36.84834],[-121.80852,36.85001],[-121.81003,36.85236],[-121.8112,36.85228],[-121.81194,36.85315],[-121.8263,36.87735],[-121.86624,36.9371],[-121.8671,36.93728],[-121.87519,36.94585],[-121.88992,36.95835],[-121.90589,36.9691],[-121.9282,36.97744],[-121.93725,36.97855],[-121.93947,36.97808],[-121.94848,36.97214],[-121.95277,36.97196],[-121.95777,36.96736],[-121.9577,36.96644],[-121.96039,36.9653],[-121.96091,36.96377],[-121.9627,36.96267],[-121.9631,36.96106],[-121.97037,36.95688],[-121.97284,36.95423],[-121.97412,36.95463],[-121.9765,36.95404],[-121.97832,36.95635],[-121.98329,36.95847],[-121.98381,36.9591],[-121.9832,36.95979],[-121.98426,36.96036],[-121.98892,36.95991],[-121.98947,36.96146],[-121.9902,36.95964],[-121.9927,36.95863],[-121.9931,36.96037],[-121.99633,36.961],[-121.998,36.96264],[-122.00109,36.96191],[-122.00121,36.96133],[-122.00152,36.96659],[-122.00252,36.96798],[-122.00109,36.96893],[-122.00109,36.97009],[-122.00359,36.96741],[-122.00187,36.96036],[-122.0029,36.96181],[-122.00421,36.96228],[-122.00899,36.96329],[-122.01201,36.96314],[-122.01244,36.96602],[-122.01336,36.96358],[-122.0196,36.96326],[-122.02328,36.96229],[-122.02547,36.95826],[-122.02433,36.95534],[-122.02652,36.9503],[-122.02709,36.95134],[-122.02866,36.95181],[-122.03137,36.95114],[-122.03649,36.95255],[-122.04082,36.95284],[-122.04661,36.94922],[-122.04799,36.94963],[-122.05005,36.94863],[-122.04999,36.94935],[-122.05224,36.94917],[-122.053,36.94977],[-122.05401,36.94899],[-122.05775,36.94897],[-122.05727,36.9496],[-122.05921,36.9501],[-122.06594,36.94808],[-122.06693,36.94897],[-122.06781,36.94832],[-122.06999,36.94887],[-122.0723,36.9497],[-122.07248,36.95033],[-122.0737,36.94951],[-122.07426,36.95041],[-122.07586,36.95033],[-122.07654,36.95273],[-122.07802,36.95317],[-122.08012,36.95321],[-122.08231,36.95191],[-122.08359,36.95224],[-122.08363,36.95295],[-122.08644,36.95243],[-122.08725,36.9547],[-122.08748,36.95386],[-122.0911,36.95458],[-122.09204,36.95377],[-122.09281,36.95466],[-122.09551,36.95528],[-122.10011,36.95479],[-122.10191,36.95609],[-122.10587,36.95605],[-122.10882,36.95761],[-122.11495,36.96261],[-122.11965,36.96215],[-122.11984,36.9638],[-122.12262,36.9659],[-122.12516,36.96593],[-122.12665,36.96422],[-122.13091,36.96712],[-122.13392,36.96773],[-122.13469,36.96686],[-122.13519,36.96767],[-122.13477,36.96847],[-122.1361,36.96831],[-122.1356,36.96974],[-122.13827,36.9732],[-122.1439,36.97696],[-122.14473,36.9766],[-122.1471,36.97767],[-122.14988,36.97602],[-122.15108,36.97667],[-122.15317,36.97624],[-122.15429,36.97897],[-122.15523,36.97936],[-122.15511,36.98146],[-122.15754,36.98398],[-122.15857,36.98443],[-122.15866,36.98387],[-122.15921,36.98514],[-122.16094,36.98569],[-122.1621,36.98781],[-122.16405,36.98846],[-122.16689,36.98784],[-122.16696,36.98843],[-122.169,36.98845],[-122.16877,36.99057],[-122.17076,36.99326],[-122.17197,36.99289],[-122.17269,36.99469],[-122.17335,36.99373],[-122.174,36.99393],[-122.17652,36.9954],[-122.17706,36.99705],[-122.17939,36.99683],[-122.18108,36.99727],[-122.18133,36.99793],[-122.18297,36.99798],[-122.18341,36.99906],[-122.18273,36.99972],[-122.18154,36.99942],[-122.18151,37.00034],[-122.18255,37.00125],[-122.18585,37.00128],[-122.18542,37.00385],[-122.18677,37.00351],[-122.18965,37.00463],[-122.18986,37.00588],[-122.19233,37.00651],[-122.19248,37.00827],[-122.1951,37.00973],[-122.19654,37.00945],[-122.19679,37.01038],[-122.19986,37.01264],[-122.2062,37.01392],[-122.20854,37.01849],[-122.21094,37.02061],[-122.21465,37.02183],[-122.21641,37.02463],[-122.22286,37.02502],[-122.22479,37.02896],[-122.22644,37.03042],[-122.23127,37.0413],[-122.23708,37.04604],[-122.24734,37.05674],[-122.25368,37.06006],[-122.25325,37.06183],[-122.25604,37.06541],[-122.25636,37.06731],[-122.25766,37.06818],[-122.25851,37.06756],[-122.25861,37.06926],[-122.2591,37.06844],[-122.25985,37.06984],[-122.25934,37.07131],[-122.26004,37.07136],[-122.26054,37.07279],[-122.26181,37.07242],[-122.26268,37.0736],[-122.26226,37.07489],[-122.26424,37.07737],[-122.26651,37.07845],[-122.26799,37.07742],[-122.26698,37.07888],[-122.26882,37.08337],[-122.27011,37.08519],[-122.27479,37.08811],[-122.27658,37.09482],[-122.2784,37.09617],[-122.27649,37.09395],[-122.27655,37.09276],[-122.2771,37.09276],[-122.27761,37.09448],[-122.28361,37.09985],[-122.28526,37.10214],[-122.29207,37.10638],[-122.29679,37.11102],[-122.30533,37.11545],[-122.30606,37.11639],[-122.31146,37.1179],[-122.31398,37.11797],[-122.31542,37.11625],[-122.31551,37.11703],[-122.31759,37.1172],[-122.31943,37.11597],[-122.32243,37.11574],[-122.32919,37.11224],[-122.33023,37.11501],[-122.33214,37.11702],[-122.33459,37.11779],[-122.33743,37.11762],[-122.33839,37.12034],[-122.33948,37.12098],[-122.33877,37.12141],[-122.33782,37.1246],[-122.33712,37.1303],[-122.33799,37.13607],[-122.34296,37.14013],[-122.34372,37.14127],[-122.34374,37.14354],[-122.34596,37.14535],[-122.35181,37.1452],[-122.35151,37.14648],[-122.35589,37.14772],[-122.35509,37.14816],[-122.35575,37.14908],[-122.35962,37.1497],[-122.36056,37.14929],[-122.36094,37.15013],[-122.35964,37.15116],[-122.35983,37.15524],[-122.36184,37.16338],[-122.36504,37.17012],[-122.36707,37.17184],[-122.36721,37.17301],[-122.36974,37.17342],[-122.37158,37.17539],[-122.37315,37.17597],[-122.37301,37.17672],[-122.3748,37.17842],[-122.3761,37.1786],[-122.37928,37.18122],[-122.38117,37.18073],[-122.38254,37.18218],[-122.38671,37.1834],[-122.38973,37.18282],[-122.39167,37.18319],[-122.39275,37.18166],[-122.39473,37.18142],[-122.39443,37.18297],[-122.39705,37.1853],[-122.39669,37.1865],[-122.39796,37.19213],[-122.40322,37.1945],[-122.40509,37.19587],[-122.40558,37.19717],[-122.40514,37.20682],[-122.40702,37.20812],[-122.40669,37.20921],[-122.40785,37.21089],[-122.40773,37.21341],[-122.40914,37.21374],[-122.40758,37.21505],[-122.40718,37.21868],[-122.40929,37.22196],[-122.40855,37.22202],[-122.40893,37.223],[-122.41058,37.22404],[-122.40886,37.22535],[-122.41025,37.22669],[-122.41153,37.22643],[-122.41063,37.22723],[-122.41171,37.22785],[-122.411,37.22789],[-122.41343,37.22997],[-122.4139,37.23161],[-122.41579,37.23267],[-122.41539,37.23346],[-122.41672,37.23588],[-122.41568,37.23698],[-122.41914,37.24156],[-122.41827,37.24493],[-122.41841,37.24868],[-122.41707,37.25046],[-122.417,37.25292],[-122.41558,37.25379],[-122.41381,37.2585],[-122.414,37.25951],[-122.41483,37.25971],[-122.41367,37.26016],[-122.41443,37.26145],[-122.4131,37.26285],[-122.4129,37.26708],[-122.40985,37.26334],[-122.40617,37.26338],[-122.40876,37.26416],[-122.40823,37.26497],[-122.40912,37.26497],[-122.41159,37.26701],[-122.40881,37.27987],[-122.4082,37.28624],[-122.40761,37.28685],[-122.40759,37.29117],[-122.40653,37.29141],[-122.4074,37.29177],[-122.40745,37.29535],[-122.40627,37.29744],[-122.40598,37.3056],[-122.40417,37.31894],[-122.40296,37.32145],[-122.40382,37.32227],[-122.40408,37.32478],[-122.40322,37.32536],[-122.40101,37.33973],[-122.40115,37.34509],[-122.40181,37.34572],[-122.40138,37.34705],[-122.40237,37.34817],[-122.40096,37.34916],[-122.40094,37.35358],[-122.40002,37.35659],[-122.40155,37.36061],[-122.40495,37.36222],[-122.40579,37.36201],[-122.40825,37.36399],[-122.40751,37.36489],[-122.40914,37.36639],[-122.40841,37.36708],[-122.40902,37.36796],[-122.40832,37.36929],[-122.40896,37.37552],[-122.4111,37.37708],[-122.41091,37.37893],[-122.41185,37.37947],[-122.41284,37.37883],[-122.41327,37.37988],[-122.41374,37.37937],[-122.41481,37.37994],[-122.41459,37.38078],[-122.41636,37.38395],[-122.41554,37.38554],[-122.41705,37.38569],[-122.4187,37.38697],[-122.41926,37.38844],[-122.42296,37.39244],[-122.42315,37.39334],[-122.42226,37.39356],[-122.42221,37.39609],[-122.42334,37.39686],[-122.42322,37.40065],[-122.42716,37.40471],[-122.42803,37.40755],[-122.4274,37.4095],[-122.43084,37.4118],[-122.43179,37.41133],[-122.43112,37.41217],[-122.4319,37.412],[-122.43218,37.41417],[-122.43417,37.41575],[-122.43422,37.41835],[-122.43584,37.41996],[-122.43548,37.42113],[-122.43645,37.42374],[-122.43999,37.42761],[-122.441,37.43168],[-122.44313,37.43299],[-122.44289,37.43496],[-122.444,37.4359],[-122.44457,37.43771],[-122.44398,37.44147],[-122.4456,37.46147],[-122.4469,37.46512],[-122.44733,37.47035],[-122.44961,37.47672],[-122.45419,37.48534],[-122.45796,37.49066],[-122.46412,37.49603],[-122.47134,37.50044],[-122.47959,37.5032],[-122.48128,37.50342],[-122.48152,37.50276],[-122.48319,37.50347],[-122.48839,37.50328],[-122.49234,37.50223],[-122.49579,37.50013],[-122.49635,37.49785],[-122.49508,37.49622],[-122.4953,37.49564],[-122.4994,37.49566],[-122.50069,37.49785],[-122.49885,37.49994],[-122.49876,37.501],[-122.5014,37.50446],[-122.50558,37.50678],[-122.51185,37.51314],[-122.51421,37.51947],[-122.51702,37.52173],[-122.51801,37.5241],[-122.51707,37.52584],[-122.51721,37.52722],[-122.51815,37.52802],[-122.51708,37.5294],[-122.51971,37.53339],[-122.51975,37.53719],[-122.51852,37.5379],[-122.51857,37.54005],[-122.51739,37.54085],[-122.51747,37.54329],[-122.51539,37.54586],[-122.5136,37.55599],[-122.51591,37.55855],[-122.51433,37.55995],[-122.51444,37.5618],[-122.51541,37.56236],[-122.51421,37.5635],[-122.5145,37.56609],[-122.51516,37.56718],[-122.51817,37.56761],[-122.51629,37.56928],[-122.51739,37.56986],[-122.51687,37.57092],[-122.51838,37.5712],[-122.5178,37.57185],[-122.51857,37.57231],[-122.51747,37.57296],[-122.52056,37.574],[-122.52039,37.57535],[-122.51806,37.5769],[-122.51726,37.58928],[-122.51756,37.59127],[-122.52067,37.5935],[-122.52093,37.5944],[-122.51489,37.59584],[-122.51409,37.59784],[-122.51495,37.59871],[-122.50766,37.59618],[-122.5061,37.5964],[-122.5036,37.59775],[-122.50061,37.60134],[-122.4999,37.60376],[-122.50183,37.60547],[-122.50207,37.60674],[-122.50136,37.60785],[-122.49851,37.60826],[-122.49697,37.61202],[-122.49827,37.61407],[-122.49737,37.6188],[-122.49903,37.62018],[-122.49695,37.6212],[-122.49608,37.62327],[-122.49415,37.64351],[-122.49433,37.66135],[-122.49513,37.66465],[-122.49639,37.66634],[-122.49566,37.67177],[-122.49632,37.68208],[-122.50157,37.70421],[-122.50703,37.72356],[-122.5082,37.74016],[-122.51174,37.76375],[-122.51247,37.77512],[-122.51295,37.7772],[-122.51431,37.77821],[-122.51467,37.78104],[-122.51264,37.784],[-122.50813,37.78609],[-122.50578,37.78832],[-122.49953,37.78873],[-122.49681,37.78736],[-122.49455,37.78815],[-122.49361,37.78759],[-122.48976,37.78939],[-122.4874,37.78928],[-122.48545,37.79048],[-122.48285,37.79533],[-122.48196,37.7987],[-122.47999,37.80139],[-122.47782,37.80887],[-122.4778,37.81097],[-122.47723,37.81109],[-122.47871,37.8295],[-122.47814,37.83124],[-122.47704,37.83115],[-122.47802,37.83305],[-122.4745,37.83364],[-122.47395,37.8322],[-122.47277,37.83191],[-122.47162,37.8366],[-122.47558,37.84186],[-122.47676,37.84241],[-122.47757,37.84646],[-122.47968,37.84756],[-122.47847,37.85164],[-122.47861,37.85782],[-122.47784,37.85846],[-122.47807,37.85942],[-122.48075,37.85788],[-122.48303,37.8596],[-122.48546,37.86015],[-122.4865,37.86195],[-122.48748,37.86228],[-122.4874,37.8615],[-122.4893,37.86246],[-122.48826,37.86395],[-122.49349,37.86356],[-122.49257,37.86477],[-122.49459,37.86445],[-122.49543,37.86546],[-122.49519,37.86617],[-122.49644,37.86628],[-122.49725,37.86745],[-122.49742,37.86907],[-122.4956,37.87042],[-122.49621,37.87099],[-122.49771,37.86999],[-122.49863,37.8704],[-122.49731,37.87214],[-122.49996,37.87081],[-122.5004,37.87168],[-122.5044,37.87267],[-122.50387,37.87512],[-122.50465,37.8751],[-122.50208,37.87716],[-122.50503,37.87537],[-122.50549,37.87571],[-122.50399,37.87729],[-122.5063,37.87569],[-122.50523,37.87425],[-122.50572,37.87379],[-122.51222,37.87814],[-122.51309,37.87901],[-122.51274,37.88007],[-122.51372,37.88091],[-122.51398,37.88016],[-122.51488,37.88046],[-122.51482,37.88133],[-122.51727,37.88208],[-122.52189,37.88543],[-122.52039,37.88641],[-122.52287,37.88875],[-122.52296,37.89101],[-122.52512,37.89172],[-122.52359,37.89207],[-122.5246,37.8958],[-122.52324,37.89431],[-122.52313,37.8925],[-122.52039,37.88952],[-122.5192,37.88998],[-122.51972,37.8914],[-122.51822,37.89232],[-122.51862,37.88938],[-122.51981,37.88879],[-122.5171,37.88582],[-122.51522,37.88572],[-122.51187,37.88845],[-122.50935,37.8868],[-122.51201,37.88465],[-122.51115,37.88334],[-122.50907,37.88251],[-122.50653,37.88362],[-122.50447,37.88302],[-122.50349,37.88205],[-122.50413,37.88075],[-122.50205,37.8804],[-122.49948,37.87812],[-122.49729,37.87725],[-122.49599,37.87789],[-122.49584,37.87876],[-122.49859,37.88656],[-122.50079,37.89178],[-122.50245,37.89192],[-122.50297,37.89025],[-122.50152,37.89048],[-122.5021,37.88961],[-122.50087,37.88851],[-122.49862,37.88281],[-122.4996,37.88265],[-122.5013,37.88445],[-122.50099,37.88679],[-122.50346,37.89004],[-122.50334,37.89281],[-122.50418,37.89446],[-122.50189,37.89522],[-122.50198,37.8976],[-122.49958,37.89707],[-122.49923,37.89538],[-122.50019,37.89684],[-122.50077,37.89702],[-122.50079,37.89634],[-122.50027,37.89428],[-122.49897,37.89352],[-122.49328,37.89353],[-122.49158,37.89488],[-122.4882,37.8949],[-122.48453,37.89165],[-122.47681,37.88736],[-122.47366,37.8847],[-122.47158,37.88097],[-122.47432,37.87732],[-122.47409,37.8749],[-122.46909,37.86879],[-122.45849,37.86203],[-122.45788,37.86203],[-122.45838,37.86508],[-122.46083,37.86799],[-122.46239,37.86881],[-122.4634,37.87222],[-122.46037,37.87378],[-122.45743,37.87128],[-122.45682,37.87131],[-122.45685,37.87254],[-122.45613,37.87293],[-122.45396,37.87266],[-122.45332,37.87174],[-122.45286,37.8724],[-122.45029,37.87209],[-122.44876,37.87451],[-122.44359,37.87605],[-122.4442,37.87868],[-122.4431,37.87994],[-122.44123,37.88086],[-122.43897,37.88019],[-122.43834,37.88129],[-122.43891,37.88294],[-122.44435,37.8866],[-122.4444,37.888],[-122.44822,37.89372],[-122.4494,37.89429],[-122.45137,37.89376],[-122.45833,37.89436],[-122.46084,37.89571],[-122.46197,37.89725],[-122.46587,37.89779],[-122.46861,37.90022],[-122.46934,37.90192],[-122.47104,37.90159],[-122.47211,37.90324],[-122.4759,37.90461],[-122.47674,37.90576],[-122.47656,37.90844],[-122.47223,37.90826],[-122.47564,37.9091],[-122.4759,37.91059],[-122.47509,37.90949],[-122.47417,37.90988],[-122.47367,37.90917],[-122.47289,37.90933],[-122.47463,37.91521],[-122.47798,37.91446],[-122.47856,37.91546],[-122.47535,37.91663],[-122.47463,37.91615],[-122.47501,37.91739],[-122.47923,37.91631],[-122.48614,37.921],[-122.48998,37.92068],[-122.49379,37.92152],[-122.49663,37.92381],[-122.49755,37.92285],[-122.49758,37.92415],[-122.49857,37.92532],[-122.50105,37.92534],[-122.49975,37.92583],[-122.50181,37.92816],[-122.50247,37.93191],[-122.50392,37.93214],[-122.50541,37.93759],[-122.5046,37.94043],[-122.50579,37.94032],[-122.50472,37.9418],[-122.50729,37.94318],[-122.50989,37.94586],[-122.49823,37.94116],[-122.49658,37.93926],[-122.493,37.93821],[-122.49366,37.93897],[-122.49207,37.93908],[-122.49092,37.93744],[-122.48935,37.93698],[-122.48805,37.93725],[-122.48482,37.94087],[-122.48248,37.9406],[-122.48005,37.94236],[-122.47713,37.94234],[-122.47719,37.94316],[-122.48106,37.94543],[-122.48505,37.94577],[-122.48659,37.94669],[-122.49079,37.95978],[-122.4896,37.96129],[-122.48963,37.96417],[-122.49105,37.9655],[-122.49499,37.96697],[-122.49466,37.97066],[-122.49273,37.96996],[-122.49062,37.9707],[-122.48576,37.97031],[-122.48498,37.97114],[-122.48579,37.97216],[-122.48492,37.97246],[-122.48406,37.97178],[-122.48409,37.97258],[-122.48198,37.9732],[-122.48067,37.97217],[-122.48059,37.97363],[-122.4772,37.97279],[-122.47738,37.97173],[-122.48339,37.97116],[-122.47689,37.9713],[-122.47677,37.97293],[-122.48088,37.97487],[-122.47735,37.97388],[-122.47504,37.97489],[-122.47556,37.9764],[-122.47463,37.97945],[-122.4727,37.98206],[-122.46691,37.98456],[-122.4657,37.98439],[-122.46333,37.98181],[-122.45627,37.98],[-122.45274,37.98229],[-122.44967,37.98318],[-122.44722,37.98516],[-122.44785,37.98856],[-122.45078,37.99255],[-122.45289,37.99323],[-122.45283,37.99415],[-122.45445,37.99498],[-122.45593,37.99729],[-122.45998,37.99932],[-122.46247,38.00343],[-122.46391,38.00283],[-122.46519,38.00436],[-122.46947,38.00377],[-122.47077,38.00512],[-122.47262,38.00525],[-122.47375,38.00656],[-122.47676,38.00647],[-122.47951,38.0074],[-122.48292,38.00951],[-122.48741,38.01367],[-122.489,38.0142],[-122.49586,38.01571],[-122.50107,38.01593],[-122.50104,38.01712],[-122.49922,38.01756],[-122.4974,38.01914],[-122.4972,38.02347],[-122.49822,38.02695],[-122.49828,38.03134],[-122.49741,38.03203],[-122.49701,38.03672],[-122.49273,38.04805],[-122.49143,38.04856],[-122.4925,38.05055],[-122.49164,38.0565],[-122.48788,38.06475],[-122.48609,38.06699],[-122.48418,38.07264],[-122.48535,38.09139],[-122.48608,38.09366],[-122.48761,38.09482],[-122.48715,38.09768],[-122.48816,38.0973],[-122.48739,38.10501],[-122.48942,38.10746],[-122.49339,38.10959],[-122.48794,38.10515],[-122.48857,38.09993],[-122.48935,38.1],[-122.48872,38.10536],[-122.49411,38.10917],[-122.49426,38.1122],[-122.48962,38.11243],[-122.47946,38.11545],[-122.45932,38.11793],[-122.45376,38.12004],[-122.45144,38.11894],[-122.45126,38.11676],[-122.44779,38.11718],[-122.44361,38.11612],[-122.43962,38.11784],[-122.43791,38.11999],[-122.43425,38.12102],[-122.42959,38.1237],[-122.42834,38.12559],[-122.42281,38.12762],[-122.42098,38.12991],[-122.41481,38.13341],[-122.41031,38.13723],[-122.40736,38.14117],[-122.40457,38.14758],[-122.4064,38.15163],[-122.40508,38.15244],[-122.40723,38.15597],[-122.29802,38.15538],[-122.29823,38.15848],[-122.29492,38.16857],[-122.29577,38.1716],[-122.29892,38.17324],[-122.30884,38.17437],[-122.31206,38.17654],[-122.31548,38.18124],[-122.32325,38.18445],[-122.32356,38.18556],[-122.31714,38.18673],[-122.31653,38.1917],[-122.31418,38.19254],[-122.31238,38.19164],[-122.31131,38.1884],[-122.30846,38.18359],[-122.30368,38.18359],[-122.30304,38.18513],[-122.29434,38.18469],[-122.29031,38.18249],[-122.28834,38.17812],[-122.28538,38.17512],[-122.28614,38.17345],[-122.28588,38.17127],[-122.28376,38.16933],[-122.28434,38.16851],[-122.28776,38.16763],[-122.2871,38.16507],[-122.28771,38.16109],[-122.29009,38.15837],[-122.29096,38.15365],[-122.28797,38.15152],[-122.28374,38.15049],[-122.28336,38.14809],[-122.28003,38.14506],[-122.27994,38.1484],[-122.28177,38.14951],[-122.28151,38.14992],[-122.27843,38.1501],[-122.27235,38.1479],[-122.26832,38.14492],[-122.26713,38.14188],[-122.27036,38.13442],[-122.27334,38.13352],[-122.27181,38.13114],[-122.27245,38.12794],[-122.27372,38.12609],[-122.27674,38.12599],[-122.27384,38.12531],[-122.27584,38.12494],[-122.27645,38.12417],[-122.27621,38.12252],[-122.277,38.12225],[-122.2761,38.12159],[-122.27642,38.11838],[-122.27567,38.11783],[-122.27448,38.11822],[-122.2752,38.11726],[-122.273,38.11469],[-122.27193,38.11188],[-122.26788,38.10806],[-122.2675,38.10524],[-122.26574,38.10412],[-122.2658,38.10309],[-122.26279,38.09942],[-122.25998,38.09656],[-122.25925,38.09679],[-122.25746,38.09541],[-122.25506,38.09303],[-122.25506,38.09203],[-122.25312,38.09161],[-122.25084,38.08935],[-122.25104,38.08827],[-122.24968,38.08724],[-122.24829,38.08797],[-122.24767,38.08333],[-122.24654,38.08294],[-122.24582,38.08136],[-122.24657,38.0806],[-122.24162,38.07804],[-122.23953,38.07512],[-122.23964,38.07358],[-122.23791,38.0717],[-122.23495,38.06955],[-122.23191,38.06848],[-122.22977,38.06608],[-122.22646,38.06486],[-122.2141,38.06594],[-122.20996,38.0656],[-122.20623,38.06784],[-122.2035,38.06528],[-122.2033,38.06404],[-122.2013,38.06443],[-122.2013,38.06242],[-122.20058,38.0615],[-122.1945,38.05985],[-122.19276,38.06164],[-122.19276,38.06615],[-122.19137,38.06883],[-122.1881,38.07057],[-122.18636,38.06864],[-122.18355,38.068],[-122.183,38.06498],[-122.17933,38.06198],[-122.17742,38.0621],[-122.17559,38.06118],[-122.17449,38.05979],[-122.17527,38.05841],[-122.17475,38.05786],[-122.17334,38.05775],[-122.17281,38.0566],[-122.17157,38.05605],[-122.1692,38.05628],[-122.16876,38.05583],[-122.17012,38.05475],[-122.1683,38.05395],[-122.16517,38.0545],[-122.16399,38.05383],[-122.16349,38.05271],[-122.16433,38.0517],[-122.16164,38.05042],[-122.16112,38.04811],[-122.1624,38.04721],[-122.16156,38.04694],[-122.16271,38.0449],[-122.16526,38.04429],[-122.16457,38.04289],[-122.16341,38.04271],[-122.16289,38.04367],[-122.16161,38.04383],[-122.15803,38.04367],[-122.158,38.04566],[-122.15727,38.04621],[-122.15377,38.04497],[-122.15441,38.04428],[-122.15675,38.04429],[-122.1571,38.04355],[-122.14975,38.04225],[-122.14827,38.04218],[-122.14755,38.04284],[-122.14755,38.04204],[-122.14668,38.04199],[-122.13487,38.04302],[-122.13015,38.0445],[-122.12876,38.04576],[-122.1276,38.04746],[-122.12786,38.04915],[-122.12658,38.05269],[-122.1241,38.05677],[-122.11466,38.0679],[-122.10352,38.07775],[-122.07787,38.09767],[-122.07199,38.10282],[-122.06796,38.10765],[-122.06594,38.11243],[-122.0657,38.11798],[-122.0693,38.11958],[-122.07512,38.12037],[-122.07828,38.12154],[-122.08188,38.12492],[-122.07901,38.12492],[-122.07098,38.12253],[-122.06649,38.12301],[-122.06249,38.1245],[-122.06159,38.12604],[-122.06182,38.13172],[-122.05701,38.13433],[-122.05356,38.13294],[-122.04919,38.13541],[-122.04368,38.13696],[-122.04249,38.13637],[-122.0371,38.13653],[-122.03409,38.13753],[-122.02751,38.13723],[-122.02391,38.13801],[-122.02015,38.13737],[-122.00904,38.1408],[-122.00383,38.1396],[-122.00203,38.13848],[-122.00139,38.14017],[-122.0002,38.14056],[-121.99704,38.1392],[-121.99568,38.13791],[-121.99559,38.13688],[-121.99093,38.13414],[-121.98765,38.13053],[-121.98005,38.1187],[-121.97961,38.11675],[-121.98132,38.11329],[-121.98749,38.11229],[-121.9927,38.10954],[-121.99293,38.10896],[-121.99114,38.10835],[-121.99119,38.10679],[-121.99224,38.10597],[-121.99554,38.10553],[-121.99655,38.1043],[-121.99954,38.10424],[-122.00116,38.1022],[-122.0038,38.10136],[-122.00684,38.10198],[-122.00632,38.10152],[-122.00899,38.09935],[-122.01145,38.09921],[-122.01333,38.09795],[-122.01226,38.09672],[-122.0131,38.09422],[-122.01247,38.09363],[-122.00108,38.08912],[-121.99688,38.08667],[-121.99242,38.08605],[-121.98854,38.08669],[-121.98504,38.08564],[-121.98347,38.08471],[-121.98072,38.08097],[-121.9767,38.08178],[-121.97385,38.07484],[-121.972,38.07404],[-121.96815,38.07455],[-121.96705,38.07565],[-121.9636,38.07517],[-121.96181,38.07716],[-121.96065,38.07707],[-121.96036,38.07908],[-121.95952,38.07938],[-121.95671,38.07876],[-121.95567,38.07739],[-121.95344,38.07695],[-121.95089,38.07539],[-121.94927,38.07746],[-121.94707,38.07711],[-121.94206,38.07842],[-121.93751,38.08089],[-121.93624,38.07998],[-121.93447,38.08009],[-121.92938,38.08158],[-121.9283,38.08077],[-121.92234,38.08149],[-121.91849,38.08302],[-121.9109,38.08276],[-121.91021,38.08034],[-121.90815,38.07921],[-121.90893,38.07743],[-121.90734,38.07791],[-121.9065,38.07578],[-121.90934,38.07519],[-121.91039,38.0722],[-121.91464,38.07187],[-121.9195,38.06969],[-121.91921,38.06876],[-121.91982,38.068],[-121.9184,38.0647],[-121.91841,38.06047],[-121.91922,38.05898],[-121.92391,38.05724],[-121.93259,38.05647],[-121.93387,38.05527],[-121.93366,38.05344],[-121.92848,38.05175],[-121.91685,38.05033],[-121.89748,38.05094],[-121.89337,38.05293],[-121.88002,38.05654],[-121.86885,38.06291],[-121.86561,38.06614],[-121.86448,38.07202],[-121.84963,38.07459],[-121.84263,38.07716],[-121.83886,38.07635],[-121.83776,38.078],[-121.83831,38.07611],[-121.83411,38.07301],[-121.83304,38.07327],[-121.83026,38.07599],[-121.83272,38.07233],[-121.83159,38.0713],[-121.82548,38.06921],[-121.82314,38.06947],[-121.80718,38.06377],[-121.8018,38.06308],[-121.79754,38.06423],[-121.78318,38.07047],[-121.77765,38.0745],[-121.75305,38.08586],[-121.74974,38.08834],[-121.74468,38.09044],[-121.74008,38.08913],[-121.73535,38.08516],[-121.72938,38.08326],[-121.71496,38.08482],[-121.71146,38.08897],[-121.70986,38.093],[-121.70911,38.09998],[-121.70981,38.10421],[-121.70699,38.11771],[-121.70154,38.12491],[-121.69837,38.13063],[-121.69287,38.14468],[-121.69212,38.14814],[-121.69026,38.15162],[-121.68899,38.15663],[-121.68713,38.15954],[-121.68203,38.16478],[-121.6798,38.16844],[-121.67716,38.17107],[-121.67594,38.17116],[-121.67588,38.17226],[-121.67153,38.17576],[-121.66486,38.18455],[-121.66118,38.18798],[-121.65906,38.18721],[-121.65937,38.18233],[-121.65352,38.18344],[-121.64688,38.18575],[-121.64083,38.1906],[-121.63592,38.19292],[-121.62955,38.19432],[-121.62462,38.19342],[-121.62086,38.19413],[-121.61566,38.19621],[-121.61249,38.19899],[-121.61135,38.20242],[-121.61139,38.20724],[-121.61054,38.2093],[-121.60366,38.21917],[-121.60252,38.22217],[-121.60324,38.23956],[-121.6024,38.24346],[-121.60304,38.25125],[-121.60248,38.25354],[-121.60047,38.25629],[-121.60048,38.25813],[-121.60167,38.26156],[-121.60169,38.26407],[-121.60435,38.2714],[-121.60235,38.27437],[-121.60064,38.27875],[-121.60241,38.2824],[-121.60533,38.28491],[-121.60535,38.28674],[-121.60363,38.28973],[-121.60513,38.29613],[-121.60312,38.29888],[-121.59994,38.30097],[-121.59968,38.30486],[-121.59738,38.30807],[-121.59826,38.30876],[-121.59827,38.31059],[-121.59625,38.31129],[-121.59301,38.31381],[-121.69298,38.3147],[-121.69411,38.34813],[-121.69337,38.48824],[-121.69554,38.48827],[-121.69624,38.50076],[-121.69468,38.52706],[-121.69972,38.52712],[-121.70389,38.53059],[-121.70408,38.53224],[-121.70534,38.532],[-121.70727,38.53547],[-121.70945,38.53553],[-121.71081,38.53766],[-121.71349,38.53765],[-121.72193,38.53498],[-121.72477,38.53616],[-121.73159,38.53617],[-121.73418,38.5375],[-121.73744,38.53759],[-121.73878,38.53846],[-121.73917,38.54021],[-121.74424,38.54007],[-121.74638,38.53909],[-121.74785,38.53621],[-121.74917,38.53512],[-121.75842,38.53184],[-121.76223,38.52759],[-121.76538,38.52866],[-121.76946,38.5321],[-121.77121,38.53274],[-121.77565,38.53053],[-121.77993,38.52974],[-121.78316,38.52666],[-121.78361,38.52357],[-121.786,38.5232],[-121.79714,38.52759],[-121.8076,38.52733],[-121.8132,38.52628],[-121.82577,38.52969],[-121.83249,38.53001],[-121.84011,38.53392],[-121.84628,38.5361],[-121.84953,38.53701],[-121.85426,38.53673],[-121.86051,38.53846],[-121.86699,38.53732],[-121.87103,38.53878],[-121.88047,38.53784],[-121.8847,38.53919],[-121.8898,38.53688],[-121.89188,38.53443],[-121.89404,38.53313],[-121.90072,38.53247],[-121.90979,38.52967],[-121.9252,38.52977],[-121.93571,38.53287],[-121.94078,38.53339],[-121.94226,38.53251],[-121.94435,38.52873],[-121.94566,38.52768],[-121.9608,38.52289],[-121.96307,38.52279],[-121.96748,38.51988],[-121.96949,38.51823],[-121.97029,38.51557],[-121.97364,38.51435],[-121.9753,38.51295],[-121.97621,38.51136],[-121.97601,38.50873],[-121.97695,38.50785],[-121.98342,38.50518],[-121.9854,38.50531],[-121.98949,38.5014],[-121.9972,38.49991],[-121.99893,38.49703],[-122.00137,38.49472],[-122.00499,38.49405],[-122.01126,38.48974],[-122.01431,38.48886],[-122.02052,38.48966],[-122.02416,38.49202],[-122.03213,38.49459],[-122.03653,38.49735],[-122.04171,38.50364],[-122.04206,38.506],[-122.04608,38.50829],[-122.04962,38.51147],[-122.05151,38.51206],[-122.0566,38.51711],[-122.05855,38.51763],[-122.06192,38.5158],[-122.07164,38.51396],[-122.07956,38.51408],[-122.08203,38.51487],[-122.08766,38.51458],[-122.09165,38.51632],[-122.09548,38.51318],[-122.09851,38.51284],[-122.10316,38.51349],[-122.10345,38.51545],[-122.10832,38.51989],[-122.10961,38.52181],[-122.10948,38.52324],[-122.11168,38.52417],[-122.11267,38.52688],[-122.11294,38.52889],[-122.1115,38.53059],[-122.11516,38.53446],[-122.11523,38.53602],[-122.11395,38.53802],[-122.11656,38.54455],[-122.1208,38.55985],[-122.1232,38.56437],[-122.12155,38.56647],[-122.12161,38.56901],[-122.1263,38.58022],[-122.12672,38.58675],[-122.12844,38.59016],[-122.13086,38.59274],[-122.13163,38.59718],[-122.13365,38.59998],[-122.13493,38.60488],[-122.13683,38.60815],[-122.13827,38.60927],[-122.13994,38.60931],[-122.14242,38.61212],[-122.14337,38.6153],[-122.14533,38.61825],[-122.14929,38.62219],[-122.14868,38.62417],[-122.14932,38.62491],[-122.15609,38.62196],[-122.15933,38.61884],[-122.16041,38.61898],[-122.16393,38.6173],[-122.16598,38.61887],[-122.16682,38.62038],[-122.16636,38.62436],[-122.16792,38.62689],[-122.16845,38.62948],[-122.16051,38.63271],[-122.15925,38.63513],[-122.16399,38.64017],[-122.16412,38.64173],[-122.16042,38.64379],[-122.16134,38.64542],[-122.16129,38.64722],[-122.16543,38.65394],[-122.16647,38.65521],[-122.17374,38.65831],[-122.18135,38.65723],[-122.18958,38.66285],[-122.19304,38.66728],[-122.19743,38.67024],[-122.19804,38.67288],[-122.20152,38.67641],[-122.20197,38.67768],[-122.19876,38.68044],[-122.19795,38.6829],[-122.20228,38.69114],[-122.20684,38.69535],[-122.20915,38.69489],[-122.21038,38.69541],[-122.21099,38.69476],[-122.21062,38.69382],[-122.21187,38.69335],[-122.2197,38.69507],[-122.22267,38.6988],[-122.22172,38.70477],[-122.2238,38.7082],[-122.2242,38.71421],[-122.22697,38.72048],[-122.22411,38.72098],[-122.22547,38.72669],[-122.22837,38.7291],[-122.2305,38.73477],[-122.23242,38.73636],[-122.23211,38.7375],[-122.23605,38.74144],[-122.24024,38.74344],[-122.24251,38.7476],[-122.24538,38.75005],[-122.24855,38.75484],[-122.25022,38.76695],[-122.25479,38.78158],[-122.25695,38.78472],[-122.25882,38.78585],[-122.25925,38.78672],[-122.25844,38.7888],[-122.26038,38.79012],[-122.26066,38.79194],[-122.26468,38.79625],[-122.2662,38.8],[-122.26965,38.80296],[-122.2706,38.80541],[-122.27332,38.8088],[-122.27392,38.81301],[-122.27664,38.81964],[-122.27863,38.82259],[-122.28125,38.82467],[-122.28499,38.83538],[-122.28749,38.83956],[-122.29412,38.83846],[-122.29973,38.83897],[-122.30184,38.83947],[-122.30328,38.84215],[-122.31518,38.83947],[-122.31752,38.84064],[-122.31905,38.84313],[-122.32417,38.84615],[-122.33065,38.84197],[-122.33459,38.84342],[-122.33776,38.84212],[-122.34236,38.84159],[-122.34866,38.83586],[-122.35028,38.83561],[-122.3609,38.83982],[-122.36585,38.84266],[-122.37114,38.84407],[-122.37318,38.84524],[-122.3743,38.84746],[-122.3759,38.84852],[-122.38192,38.84973],[-122.38509,38.85208],[-122.3875,38.85496],[-122.39179,38.8576],[-122.3959,38.86408],[-122.39162,38.86824],[-122.39562,38.86994],[-122.39708,38.87368],[-122.40205,38.87554],[-122.40329,38.87748],[-122.40685,38.87975],[-122.40635,38.88347],[-122.41196,38.88894],[-122.41213,38.89109],[-122.41416,38.89278],[-122.41581,38.89602],[-122.41732,38.89752],[-122.41987,38.89762],[-122.42278,38.90018],[-122.42303,38.90271],[-122.42114,38.90434],[-122.41735,38.90602],[-122.41676,38.90723],[-122.41763,38.90815],[-122.41733,38.90874],[-122.41268,38.91256],[-122.41079,38.91776],[-122.40505,38.9227],[-122.40437,38.92553],[-122.34005,38.92403],[-122.34111,38.92662],[-122.34494,38.92788],[-122.34863,38.92798],[-122.36323,38.93532],[-122.36771,38.93874],[-122.37295,38.9397],[-122.37873,38.94374],[-122.3835,38.94851],[-122.38829,38.95098],[-122.39549,38.95614],[-122.40159,38.95553],[-122.40266,38.95748],[-122.40465,38.95855],[-122.40881,38.96273],[-122.40944,38.96405],[-122.40817,38.96613],[-122.40927,38.96752],[-122.40704,38.96885],[-122.40676,38.9707],[-122.40818,38.97266],[-122.41665,38.97819],[-122.41851,38.98378],[-122.41912,38.98945],[-122.41859,38.99048],[-122.41635,38.9915],[-122.41404,38.99488],[-122.41573,38.99689],[-122.41191,38.99774],[-122.41227,39.00081],[-122.41113,39.00218],[-122.41172,39.00396],[-122.41298,39.00477],[-122.41065,39.00543],[-122.40928,39.00703],[-122.41086,39.00988],[-122.40955,39.01153],[-122.41159,39.01494],[-122.41038,39.01749],[-122.41162,39.019],[-122.42093,39.02098],[-122.42289,39.02098],[-122.42384,39.02014],[-122.42828,39.02171],[-122.43203,39.02213],[-122.43519,39.02232],[-122.43749,39.02135],[-122.43934,39.02376],[-122.44357,39.02572],[-122.44969,39.03158],[-122.45461,39.03442],[-122.45491,39.03628],[-122.45656,39.03826],[-122.46093,39.03863],[-122.46233,39.03935],[-122.46313,39.0408],[-122.46733,39.04306],[-122.46822,39.04462],[-122.46584,39.047],[-122.46559,39.04857],[-122.47162,39.04965],[-122.48015,39.05284],[-122.48969,39.05257],[-122.49244,39.05366],[-122.49238,39.05873],[-122.49054,39.06028],[-122.48964,39.06219],[-122.49073,39.06488],[-122.4844,39.06628],[-122.48598,39.06906],[-122.48882,39.06891],[-122.48908,39.07249],[-122.48981,39.07295],[-122.49063,39.07564],[-122.4891,39.07858],[-122.48952,39.07999],[-122.48698,39.08128],[-122.48624,39.08257],[-122.48646,39.08555],[-122.48803,39.08952],[-122.48747,39.09221],[-122.489,39.09495],[-122.48899,39.09818],[-122.49401,39.10346],[-122.49575,39.10817],[-122.49625,39.11059],[-122.49416,39.11335],[-122.49499,39.11484],[-122.49806,39.1166],[-122.49813,39.11796],[-122.50045,39.11998],[-122.50085,39.12118],[-122.49998,39.12254],[-122.50085,39.12404],[-122.49768,39.1264],[-122.49671,39.13384],[-122.49464,39.13514],[-122.49711,39.13953],[-122.49646,39.14015],[-122.4916,39.13892],[-122.48902,39.14115],[-122.48743,39.1415],[-122.48252,39.13945],[-122.48037,39.13925],[-122.4773,39.14069],[-122.47651,39.14266],[-122.4747,39.14429],[-122.47863,39.14959],[-122.48251,39.15227],[-122.47938,39.15314],[-122.47867,39.15417],[-122.4798,39.15532],[-122.47913,39.1574],[-122.48249,39.16155],[-122.48256,39.16272],[-122.4766,39.16764],[-122.47516,39.17012],[-122.4759,39.17217],[-122.47758,39.17377],[-122.48165,39.17508],[-122.48436,39.17479],[-122.48893,39.17583],[-122.49135,39.17496],[-122.49416,39.17836],[-122.49316,39.18145],[-122.49367,39.18342],[-122.49567,39.18566],[-122.4964,39.18835],[-122.49802,39.19011],[-122.49999,39.19082],[-122.5008,39.18929],[-122.50831,39.19037],[-122.51232,39.19518],[-122.5143,39.19657],[-122.51591,39.20216],[-122.51546,39.20787],[-122.51625,39.20904],[-122.51911,39.20826],[-122.52191,39.21009],[-122.52792,39.2091],[-122.52904,39.21162],[-122.53364,39.20999],[-122.53592,39.21133],[-122.54168,39.20694],[-122.54482,39.20732],[-122.54795,39.20621],[-122.55865,39.20595],[-122.56308,39.20414],[-122.57044,39.20356],[-122.5734,39.20499],[-122.57417,39.20648],[-122.57675,39.2071],[-122.57843,39.21021],[-122.58135,39.21159],[-122.58963,39.21308],[-122.59149,39.21225],[-122.59433,39.21358],[-122.59938,39.21433],[-122.60256,39.21401],[-122.60578,39.21546],[-122.61045,39.21625],[-122.6112,39.21771],[-122.61632,39.22067],[-122.61996,39.22128],[-122.62188,39.22298],[-122.63198,39.22225],[-122.63532,39.22271],[-122.64132,39.21741],[-122.64533,39.21584],[-122.64765,39.21571],[-122.6495,39.21361],[-122.65313,39.21515],[-122.6651,39.21753],[-122.66694,39.21979],[-122.67007,39.22125],[-122.6728,39.22522],[-122.67942,39.22413],[-122.67975,39.22681],[-122.67649,39.22937],[-122.67616,39.23034],[-122.68201,39.23452],[-122.68162,39.23836],[-122.68701,39.24107],[-122.68927,39.24493],[-122.69143,39.2469],[-122.697,39.24933],[-122.70669,39.2552],[-122.71167,39.2567],[-122.71324,39.25956],[-122.71679,39.26077],[-122.71639,39.26266],[-122.71782,39.26408],[-122.72305,39.2653],[-122.72323,39.26784],[-122.72875,39.27341],[-122.73256,39.2719],[-122.73503,39.27205],[-122.73778,39.27339],[-122.74126,39.27657],[-122.74622,39.27849],[-122.75759,39.28487],[-122.75682,39.28861],[-122.75869,39.29427],[-122.76403,39.30026],[-122.76612,39.3015],[-122.76674,39.30386],[-122.76836,39.30457],[-122.77035,39.30972],[-122.77549,39.31245],[-122.77549,39.315],[-122.77314,39.319],[-122.77326,39.32194],[-122.77257,39.32385],[-122.76858,39.32601],[-122.76894,39.32857],[-122.76807,39.33152],[-122.765,39.33552],[-122.76466,39.33746],[-122.76571,39.33902],[-122.76536,39.34261],[-122.76092,39.34492],[-122.75892,39.34452],[-122.7524,39.34593],[-122.75138,39.34851],[-122.74951,39.34999],[-122.74801,39.35303],[-122.7416,39.35887],[-122.74127,39.36005],[-122.74246,39.36637],[-122.74535,39.36909],[-122.75168,39.37015],[-122.75509,39.37533],[-122.76005,39.37823],[-122.7661,39.37673],[-122.76804,39.37391],[-122.77021,39.37516],[-122.77422,39.3748],[-122.77902,39.37937],[-122.78221,39.37947],[-122.78528,39.38293],[-122.70167,39.38297],[-122.6743,39.38465],[-122.59939,39.38537],[-122.50747,39.38401],[-122.42993,39.38374],[-122.13612,39.38548],[-122.1359,39.41462],[-122.00867,39.41339],[-122.00669,39.40539],[-122.00386,39.40338],[-122.00367,39.39753],[-122.00478,39.39512],[-122.00757,39.39228],[-122.00801,39.38629],[-122.00991,39.38388],[-121.88994,39.38392],[-121.88886,39.38337],[-121.8889,39.38165],[-121.88584,39.3778],[-121.88401,39.37332],[-121.88783,39.37212],[-121.88856,39.37114],[-121.88891,39.36952],[-121.89186,39.36619],[-121.89126,39.36448],[-121.89335,39.36324],[-121.89281,39.36214],[-121.89388,39.36026],[-121.89387,39.35879],[-121.89562,39.35919],[-121.89638,39.35813],[-121.89829,39.35818],[-121.89929,39.35717],[-121.89886,39.3556],[-121.89979,39.35328],[-121.89832,39.34921],[-121.89787,39.34479],[-121.8947,39.34222],[-121.89434,39.34121],[-121.8952,39.3381],[-121.89975,39.33574],[-121.90015,39.33395],[-121.9031,39.33006],[-121.90317,39.32771],[-121.9046,39.32559],[-121.9047,39.32317],[-121.90556,39.32285],[-121.90587,39.31717],[-121.9081,39.31193],[-121.90875,39.30804],[-121.90822,39.30371],[-121.72466,39.30456],[-121.63025,39.306],[-121.63246,39.3041],[-121.6321,39.3018],[-121.6266,39.29678],[-121.62359,39.29596],[-121.62274,39.29727],[-121.6206,39.29841],[-121.61972,39.30041],[-121.61822,39.30154],[-121.62061,39.30333],[-121.61879,39.30586],[-121.61787,39.31103],[-121.61232,39.31667],[-121.61259,39.31855],[-121.61185,39.31941],[-121.60894,39.3197],[-121.60428,39.31821],[-121.603,39.3156],[-121.6035,39.31317],[-121.60225,39.31171],[-121.59348,39.3078],[-121.58885,39.30827],[-121.58503,39.31173],[-121.58169,39.30996],[-121.57398,39.31034],[-121.57135,39.30859],[-121.56545,39.30658],[-121.56468,39.30514],[-121.56345,39.3049],[-121.56198,39.3062],[-121.56039,39.30594],[-121.55582,39.30752],[-121.55046,39.30778],[-121.54743,39.31052],[-121.54714,39.31218],[-121.54555,39.31214],[-121.54055,39.31455],[-121.53619,39.31431],[-121.53172,39.31802],[-121.53021,39.31833],[-121.52647,39.31795],[-121.52011,39.31965],[-121.51722,39.31729],[-121.51162,39.31697],[-121.50443,39.31831],[-121.49795,39.31444],[-121.49653,39.31537],[-121.49551,39.31876],[-121.49139,39.31975],[-121.48994,39.31969],[-121.48802,39.31792],[-121.48534,39.31746],[-121.48255,39.32015],[-121.48508,39.32186],[-121.48459,39.3257],[-121.47769,39.32921],[-121.47469,39.33376],[-121.47142,39.33303],[-121.46765,39.33346],[-121.46355,39.33108],[-121.4594,39.33273],[-121.45822,39.33524],[-121.45731,39.33535],[-121.45202,39.33389],[-121.44826,39.33055],[-121.4472,39.33041],[-121.44499,39.33174],[-121.44239,39.3316],[-121.43836,39.33479],[-121.43751,39.33658],[-121.43488,39.33736],[-121.43235,39.33699],[-121.43043,39.33513],[-121.42716,39.33479],[-121.42469,39.33539],[-121.4193,39.3388],[-121.41532,39.34013],[-121.41131,39.33944],[-121.40639,39.34],[-121.40509,39.3415],[-121.40677,39.34348],[-121.40683,39.34457],[-121.40314,39.34541],[-121.40235,39.34704],[-121.40306,39.34969],[-121.39813,39.35071],[-121.39071,39.35507],[-121.38926,39.35472],[-121.3874,39.356],[-121.38587,39.35914],[-121.38224,39.36311],[-121.38012,39.36242],[-121.37667,39.3633],[-121.3757,39.36451],[-121.37242,39.3648],[-121.37281,39.36712],[-121.37125,39.3683],[-121.37263,39.37352],[-121.3713,39.3756],[-121.36847,39.37628],[-121.36729,39.3778],[-121.36726,39.37965],[-121.36422,39.38466],[-121.36428,39.38599],[-121.36301,39.38841],[-121.3615,39.39729],[-121.36011,39.39886],[-121.36041,39.40102],[-121.36335,39.40289],[-121.36332,39.40378],[-121.3589,39.4093],[-121.35633,39.41029],[-121.35243,39.41353],[-121.35208,39.41516],[-121.35098,39.41624],[-121.34916,39.41668],[-121.34836,39.41792],[-121.34508,39.41981],[-121.34189,39.42034],[-121.34101,39.42334],[-121.33566,39.42446],[-121.33419,39.42573],[-121.33548,39.43048],[-121.34091,39.43153],[-121.34385,39.43787],[-121.34566,39.43893],[-121.34365,39.44128],[-121.34689,39.44513],[-121.34544,39.44735],[-121.34511,39.45266],[-121.34215,39.45477],[-121.33834,39.4547],[-121.33834,39.465],[-121.3334,39.46547],[-121.33328,39.46913],[-121.32407,39.46901],[-121.32395,39.47582],[-121.31482,39.47609],[-121.31489,39.48718],[-121.31032,39.48683],[-121.30994,39.49818],[-121.30522,39.49813],[-121.30536,39.51961],[-121.27696,39.52047],[-121.27732,39.51292],[-121.24003,39.51358],[-121.2402,39.52743],[-121.22359,39.5273]]]]},"properties":{"id":"Quail3","kind":"upland_zone","species":"Quail","hunt":"Zone Q3 (All Quail)","zone_name":"Zone Q3","zone_des":"See Map","zone_description":"Zone Q3:  Quail Zone 3 includes the balance of the state not included in Zones 1 and 2.","source_url":"https://services2.arcgis.com/Uq9r85Potqm3MfRV/arcgis/rest/services/Upland_Game_AGOL_gdb/FeatureServer/1/query","fetched_at":"2026-09-19T22:10:55.518395+00:00"}},{"type":"Feature","geometry":{"type":"MultiPolygon","coordinates":[[[[-116.09293,35.24687],[-115.91854,35.3644],[-115.6909,35.43466],[-115.69014,35.46809],[-115.70438,35.55164],[-115.60376,35.58645],[-115.52114,35.57798],[-115.52132,35.52649],[-115.55669,35.46104],[-115.54829,35.42218],[-115.51351,35.42208],[-115.50352,35.40756],[-115.4547,35.40591],[-115.4518,35.42213],[-115.45628,35.42217],[-115.46081,35.4512],[-115.474,35.45388],[-115.47396,35.46119],[-115.45545,35.46731],[-115.43566,35.46771],[-115.4091,35.46229],[-115.37213,35.45754],[-115.31253,35.45752],[-115.23689,35.47366],[-115.10397,35.3747],[-115.10966,35.32744],[-115.11846,35.30459],[-115.14499,35.28758],[-115.14496,35.25856],[-115.16262,35.25855],[-115.15654,35.21531],[-115.11398,35.21513],[-115.10957,35.22578],[-115.09195,35.22968],[-115.09192,35.24317],[-115.06861,35.25089],[-115.05094,35.28757],[-115.05094,35.30926],[-115.02889,35.30922],[-114.94836,35.25],[-114.95659,35.05164],[-114.97431,35.04384],[-114.98532,34.91944],[-115.07443,34.92415],[-115.0781,34.9113],[-115.12623,34.85596],[-115.19597,34.81199],[-115.33193,34.8029],[-115.35778,34.80473],[-115.41836,34.79234],[-115.45838,34.77703],[-115.50749,34.75252],[-115.55618,34.73355],[-115.57807,34.7324],[-115.66238,34.72287],[-115.73962,34.72237],[-115.74591,34.7374],[-115.75679,34.75864],[-115.79017,34.79257],[-115.85766,34.82711],[-115.86632,34.83499],[-115.86568,34.88582],[-115.87412,34.89649],[-115.87393,34.91829],[-115.85654,34.93638],[-115.8565,34.9509],[-115.85182,34.95886],[-115.84242,34.97016],[-115.86284,34.98222],[-115.98749,35.03656],[-115.9874,35.04123],[-116.1621,35.05025],[-116.12602,35.10419],[-116.14151,35.12145],[-116.15537,35.16209],[-116.15591,35.18831],[-116.12986,35.19516],[-116.11095,35.2161],[-116.09293,35.24687]]]]},"properties":{"id":"QuailMojaveJr","kind":"upland_zone","species":"Quail","hunt":"Mojave National Preserve (Junior hunters with license)","zone_name":"Mojave National Preserve","zone_des":"Mojave National Preserve","zone_description":"Early Season for Hunters with Junior Hunting Licenses in Mojave National Preserve","source_url":"https://services2.arcgis.com/Uq9r85Potqm3MfRV/arcgis/rest/services/Upland_Game_AGOL_gdb/FeatureServer/1/query","fetched_at":"2026-09-19T22:10:55.518395+00:00"}},{"type":"Feature","geometry":{"type":"MultiPolygon","coordinates":[[[[-123.81048,41.99572],[-123.72724,41.99774],[-123.65733,41.99587],[-123.62563,42.00048],[-123.6233,42.00152],[-123.44923,42.0008],[-123.34798,41.99929],[-123.30933,42.00014],[-123.12419,42.00886],[-123.06653,42.0057],[-123.00112,42.00434],[-122.63574,42.00505],[-122.51122,42.00857],[-122.46607,42.00811],[-122.38368,42.00946],[-122.2963,42.00984],[-122.25623,42.00819],[-122.14942,42.0078],[-122.08772,42.00681],[-121.99598,42.00403],[-121.84358,42.00304],[-121.59917,41.9992],[-121.35487,41.99632],[-121.29478,41.99773],[-121.1667,41.99699],[-121.0011,41.99308],[-120.8169,41.99402],[-120.70712,41.99388],[-120.62417,41.99297],[-120.53145,41.99368],[-120.2887,41.99284],[-120.17965,41.99461],[-119.9992,41.99499],[-119.9989,41.68436],[-120.00007,41.49887],[-120.00025,41.24403],[-119.99928,40.88966],[-119.99816,40.81676],[-119.99851,40.75826],[-119.99567,40.55526],[-119.99613,40.32251],[-119.9976,40.10566],[-119.99742,40.01046],[-120.00091,39.76571],[-120.00216,39.49995],[-120.00319,39.44505],[-120.50558,39.44565],[-120.50994,39.45482],[-120.51461,39.45533],[-120.51655,39.45476],[-120.51834,39.45624],[-120.52103,39.45645],[-120.52253,39.45857],[-120.52451,39.45861],[-120.52851,39.46034],[-120.53344,39.46295],[-120.5344,39.46411],[-120.53531,39.47006],[-120.53399,39.47304],[-120.53486,39.47679],[-120.53421,39.48353],[-120.53778,39.48536],[-120.54183,39.49126],[-120.54468,39.49162],[-120.54485,39.49264],[-120.54683,39.4933],[-120.54898,39.49512],[-120.55058,39.50027],[-120.5502,39.5026],[-120.55168,39.50443],[-120.55345,39.50443],[-120.5567,39.50672],[-120.55552,39.50832],[-120.55584,39.51267],[-120.55997,39.51634],[-120.56763,39.51542],[-120.5694,39.51657],[-120.57148,39.52069],[-120.57472,39.52046],[-120.57739,39.52321],[-120.5821,39.52275],[-120.58357,39.52161],[-120.58475,39.52253],[-120.58947,39.52344],[-120.59653,39.5207],[-120.59889,39.5223],[-120.60625,39.52114],[-120.61009,39.52184],[-120.61362,39.52093],[-120.61745,39.52207],[-120.6201,39.52116],[-120.62246,39.52139],[-120.62452,39.51977],[-120.6257,39.51978],[-120.62777,39.52321],[-120.62985,39.52482],[-120.63249,39.52344],[-120.63721,39.52481],[-120.64044,39.52298],[-120.6431,39.5239],[-120.65076,39.52344],[-120.65312,39.52503],[-120.65372,39.52664],[-120.65725,39.52572],[-120.65901,39.52389],[-120.67225,39.52044],[-120.67695,39.51815],[-120.67783,39.51724],[-120.67724,39.51632],[-120.67811,39.51427],[-120.67928,39.51289],[-120.68223,39.51243],[-120.68281,39.51105],[-120.68574,39.50946],[-120.68632,39.50739],[-120.68778,39.50602],[-120.69279,39.50533],[-120.69396,39.50373],[-120.70014,39.50234],[-120.70189,39.50097],[-120.70301,39.49837],[-120.70593,39.49621],[-120.70688,39.49267],[-120.71335,39.48928],[-120.71724,39.48912],[-120.71507,39.48592],[-120.71387,39.48266],[-120.71427,39.48177],[-120.72027,39.47839],[-120.72739,39.47148],[-120.73247,39.46983],[-120.73693,39.46995],[-120.74332,39.46696],[-120.74215,39.46369],[-120.74279,39.46108],[-120.74606,39.45917],[-120.74967,39.45932],[-120.75032,39.45757],[-120.75263,39.45853],[-120.75544,39.45514],[-120.75527,39.4534],[-120.75588,39.45258],[-120.75898,39.45265],[-120.76092,39.45404],[-120.76489,39.45319],[-120.76597,39.45081],[-120.77298,39.4499],[-120.77435,39.4488],[-120.77514,39.4505],[-120.77618,39.45074],[-120.78119,39.44657],[-120.78487,39.44798],[-120.78653,39.44661],[-120.78599,39.44437],[-120.79008,39.4434],[-120.79193,39.44133],[-120.79431,39.44218],[-120.79725,39.44178],[-120.79873,39.43866],[-120.8001,39.43774],[-120.80581,39.43865],[-120.81147,39.43631],[-120.81252,39.43724],[-120.8121,39.43875],[-120.81327,39.43991],[-120.81688,39.44065],[-120.81767,39.43983],[-120.81799,39.43653],[-120.8232,39.43722],[-120.82632,39.43518],[-120.82847,39.43656],[-120.83383,39.4376],[-120.83217,39.43882],[-120.8323,39.4397],[-120.83713,39.44063],[-120.84253,39.43751],[-120.84305,39.43528],[-120.8437,39.43505],[-120.84679,39.43613],[-120.85259,39.43575],[-120.85443,39.43629],[-120.85518,39.43361],[-120.85775,39.4352],[-120.85949,39.4338],[-120.86152,39.43342],[-120.86483,39.43044],[-120.86948,39.4315],[-120.87057,39.42957],[-120.87502,39.43119],[-120.87607,39.42958],[-120.87685,39.42957],[-120.87839,39.43132],[-120.87903,39.43097],[-120.87862,39.42934],[-120.8792,39.42869],[-120.88438,39.42953],[-120.88478,39.42871],[-120.88698,39.42836],[-120.89021,39.42587],[-120.89408,39.42414],[-120.9042,39.42421],[-120.91063,39.42606],[-120.91378,39.42404],[-120.91406,39.41991],[-120.9193,39.42069],[-120.92009,39.42223],[-120.92098,39.42252],[-120.92156,39.42163],[-120.92631,39.42026],[-120.92972,39.42096],[-120.93042,39.42061],[-120.92996,39.4182],[-120.93136,39.4173],[-120.93948,39.41776],[-120.94371,39.41985],[-120.94666,39.41843],[-120.95121,39.41879],[-120.95285,39.41677],[-120.95634,39.41691],[-120.95747,39.41571],[-120.97016,39.41793],[-120.97204,39.41897],[-120.97358,39.41746],[-120.9791,39.4177],[-120.98053,39.41687],[-120.97909,39.41273],[-120.97978,39.41181],[-120.9809,39.41193],[-120.9819,39.41427],[-120.98292,39.4141],[-120.98465,39.41199],[-120.98636,39.41152],[-120.99287,39.41443],[-121.00737,39.40461],[-121.01536,39.40544],[-121.01514,39.40235],[-121.00719,39.3999],[-121.00864,39.39819],[-121.01768,39.39576],[-121.02216,39.3913],[-121.03418,39.5145],[-121.04445,39.51417],[-121.04768,39.51606],[-121.05,39.51849],[-121.05002,39.52118],[-121.0538,39.52243],[-121.05174,39.52297],[-121.05133,39.52447],[-121.05564,39.52982],[-121.05691,39.5345],[-121.05834,39.53646],[-121.05808,39.53953],[-121.05729,39.54032],[-121.05313,39.54084],[-121.05119,39.54215],[-121.05082,39.54475],[-121.04879,39.54799],[-121.0441,39.54864],[-121.04216,39.55023],[-121.03885,39.55035],[-121.0362,39.55329],[-121.03437,39.55414],[-121.03391,39.55558],[-121.03205,39.55552],[-121.032,39.5581],[-121.02709,39.55789],[-121.02388,39.55898],[-121.00973,39.6393],[-121.07658,39.5974],[-121.0794,39.5855],[-121.10745,39.58532],[-121.10715,39.56684],[-121.11687,39.56666],[-121.11685,39.56335],[-121.14049,39.56235],[-121.14029,39.55554],[-121.14962,39.55543],[-121.14944,39.52715],[-121.15889,39.52674],[-121.15867,39.51928],[-121.18498,39.51997],[-121.18516,39.52724],[-121.20414,39.52783],[-121.2402,39.52743],[-121.24003,39.51358],[-121.27732,39.51292],[-121.27696,39.52047],[-121.30536,39.51961],[-121.30522,39.49813],[-121.30994,39.49818],[-121.31032,39.48683],[-121.31489,39.48718],[-121.31482,39.47609],[-121.32395,39.47582],[-121.32407,39.46901],[-121.33328,39.46913],[-121.3334,39.46547],[-121.33834,39.465],[-121.33834,39.4547],[-121.34215,39.45477],[-121.34511,39.45266],[-121.34544,39.44735],[-121.34689,39.44513],[-121.34365,39.44128],[-121.34566,39.43893],[-121.34385,39.43787],[-121.34091,39.43153],[-121.33548,39.43048],[-121.33419,39.42573],[-121.33566,39.42446],[-121.34101,39.42334],[-121.34189,39.42034],[-121.34508,39.41981],[-121.34836,39.41792],[-121.34916,39.41668],[-121.35098,39.41624],[-121.35208,39.41516],[-121.35243,39.41353],[-121.35633,39.41029],[-121.3589,39.4093],[-121.36332,39.40378],[-121.36335,39.40289],[-121.36041,39.40102],[-121.36011,39.39886],[-121.3615,39.39729],[-121.36301,39.38841],[-121.36428,39.38599],[-121.36422,39.38466],[-121.36726,39.37965],[-121.36729,39.3778],[-121.36847,39.37628],[-121.3713,39.3756],[-121.37263,39.37352],[-121.37125,39.3683],[-121.37281,39.36712],[-121.37242,39.3648],[-121.3757,39.36451],[-121.37667,39.3633],[-121.38012,39.36242],[-121.38224,39.36311],[-121.38587,39.35914],[-121.3874,39.356],[-121.38926,39.35472],[-121.39071,39.35507],[-121.39813,39.35071],[-121.40306,39.34969],[-121.40235,39.34704],[-121.40314,39.34541],[-121.40683,39.34457],[-121.40677,39.34348],[-121.40509,39.3415],[-121.40639,39.34],[-121.41131,39.33944],[-121.41532,39.34013],[-121.4193,39.3388],[-121.42469,39.33539],[-121.42716,39.33479],[-121.43043,39.33513],[-121.43235,39.33699],[-121.43488,39.33736],[-121.43751,39.33658],[-121.43836,39.33479],[-121.44239,39.3316],[-121.44499,39.33174],[-121.4472,39.33041],[-121.44826,39.33055],[-121.45202,39.33389],[-121.45731,39.33535],[-121.45822,39.33524],[-121.4594,39.33273],[-121.46355,39.33108],[-121.46765,39.33346],[-121.47142,39.33303],[-121.47469,39.33376],[-121.47769,39.32921],[-121.48459,39.3257],[-121.48508,39.32186],[-121.48255,39.32015],[-121.48534,39.31746],[-121.48802,39.31792],[-121.48994,39.31969],[-121.49139,39.31975],[-121.49551,39.31876],[-121.49653,39.31537],[-121.49795,39.31444],[-121.50443,39.31831],[-121.51162,39.31697],[-121.51722,39.31729],[-121.52011,39.31965],[-121.52647,39.31795],[-121.53021,39.31833],[-121.53172,39.31802],[-121.53619,39.31431],[-121.54055,39.31455],[-121.54555,39.31214],[-121.54714,39.31218],[-121.54743,39.31052],[-121.55046,39.30778],[-121.55582,39.30752],[-121.56039,39.30594],[-121.56198,39.3062],[-121.56345,39.3049],[-121.56468,39.30514],[-121.56545,39.30658],[-121.57135,39.30859],[-121.57398,39.31034],[-121.58169,39.30996],[-121.58503,39.31173],[-121.58885,39.30827],[-121.59348,39.3078],[-121.60225,39.31171],[-121.6035,39.31317],[-121.603,39.3156],[-121.60428,39.31821],[-121.60894,39.3197],[-121.61185,39.31941],[-121.61259,39.31855],[-121.61232,39.31667],[-121.61787,39.31103],[-121.61879,39.30586],[-121.62061,39.30333],[-121.61822,39.30154],[-121.61972,39.30041],[-121.6206,39.29841],[-121.62274,39.29727],[-121.62359,39.29596],[-121.6266,39.29678],[-121.6321,39.3018],[-121.63246,39.3041],[-121.63025,39.306],[-121.72466,39.30456],[-121.90822,39.30371],[-121.90875,39.30804],[-121.9081,39.31193],[-121.90587,39.31717],[-121.90556,39.32285],[-121.9047,39.32317],[-121.9046,39.32559],[-121.90317,39.32771],[-121.9031,39.33006],[-121.90015,39.33395],[-121.89975,39.33574],[-121.8952,39.3381],[-121.89434,39.34121],[-121.8947,39.34222],[-121.89787,39.34479],[-121.89832,39.34921],[-121.89979,39.35328],[-121.89886,39.3556],[-121.89929,39.35717],[-121.89829,39.35818],[-121.89638,39.35813],[-121.89562,39.35919],[-121.89387,39.35879],[-121.89388,39.36026],[-121.89281,39.36214],[-121.89335,39.36324],[-121.89126,39.36448],[-121.89186,39.36619],[-121.88891,39.36952],[-121.88856,39.37114],[-121.88783,39.37212],[-121.88401,39.37332],[-121.88584,39.3778],[-121.8889,39.38165],[-121.88886,39.38337],[-121.88994,39.38392],[-122.00991,39.38388],[-122.00801,39.38629],[-122.00757,39.39228],[-122.00478,39.39512],[-122.00367,39.39753],[-122.00386,39.40338],[-122.00669,39.40539],[-122.00867,39.41339],[-122.1359,39.41462],[-122.13612,39.38548],[-122.42993,39.38374],[-122.50747,39.38401],[-122.59939,39.38537],[-122.6743,39.38465],[-122.70167,39.38297],[-122.73923,39.38338],[-122.73921,39.40552],[-122.74162,39.43542],[-122.73269,39.45031],[-122.73159,39.47979],[-122.73235,39.49436],[-122.73603,39.50858],[-122.73645,39.56613],[-122.7356,39.58061],[-122.75398,39.58126],[-122.7725,39.5794],[-122.79091,39.57973],[-122.81409,39.58144],[-122.82852,39.57958],[-122.86718,39.58059],[-122.886,39.5802],[-122.88628,39.56547],[-122.89056,39.52934],[-122.93635,39.5311],[-122.93686,39.51689],[-123.01016,39.51922],[-123.0249,39.51899],[-123.02477,39.51174],[-123.044,39.51165],[-123.04396,39.50377],[-123.06267,39.50356],[-123.06307,39.47463],[-123.06257,39.45234],[-123.07232,39.45251],[-123.06972,39.43627],[-123.07487,39.43632],[-123.07421,39.42342],[-123.07472,39.40823],[-123.07456,39.40762],[-123.05626,39.40735],[-123.05701,39.3785],[-123.04725,39.37825],[-123.04819,39.3637],[-123.03754,39.36377],[-123.0377,39.33631],[-123.02854,39.33652],[-123.02891,39.32134],[-123.01959,39.32151],[-123.02046,39.30419],[-123.01966,39.29226],[-123.01971,39.27784],[-123.00496,39.27805],[-123.00418,39.25688],[-123.00113,39.25717],[-123.00113,39.23609],[-123.01254,39.23635],[-123.01264,39.22125],[-123.02083,39.22104],[-123.02096,39.21341],[-123.02415,39.21342],[-123.02448,39.20684],[-123.02891,39.2069],[-123.02952,39.19946],[-123.03423,39.19947],[-123.03485,39.19239],[-123.04015,39.19248],[-123.04138,39.18068],[-123.04551,39.18068],[-123.04583,39.17339],[-123.0779,39.17347],[-123.07867,39.13853],[-123.08777,39.13851],[-123.0877,39.10984],[-123.08534,39.10985],[-123.08506,39.09506],[-123.09455,39.09512],[-123.09436,39.08055],[-123.09319,39.08054],[-123.09324,39.07174],[-123.08434,39.07202],[-123.08389,39.06446],[-123.06542,39.06464],[-123.06547,39.04998],[-123.05637,39.04984],[-123.05678,39.02105],[-123.04739,39.02108],[-123.04712,39.01375],[-123.03802,39.01365],[-123.03775,39.0067],[-123.02865,39.0066],[-123.02839,38.99665],[-123.0188,38.99668],[-123.01873,38.99341],[-123.00951,38.99347],[-123.00942,38.99784],[-122.98677,38.99728],[-122.98691,38.98303],[-122.9775,38.98288],[-122.97773,38.94653],[-122.96844,38.94663],[-122.96844,38.93934],[-122.97009,38.93258],[-122.96034,38.93234],[-122.96212,38.92552],[-122.94915,38.92548],[-122.95017,38.90978],[-122.94903,38.90021],[-122.91151,38.90156],[-122.91142,38.89521],[-122.89397,38.89555],[-122.8948,38.88089],[-122.87613,38.88094],[-122.87646,38.87317],[-122.85785,38.87331],[-122.85849,38.86594],[-122.83994,38.86612],[-122.84005,38.85801],[-122.82137,38.85794],[-122.82163,38.85005],[-122.85904,38.85021],[-122.87749,38.8511],[-122.89586,38.8504],[-123.00663,38.85128],[-123.02514,38.85278],[-123.08076,38.85237],[-123.08118,38.83838],[-123.13641,38.8395],[-123.13596,38.80893],[-123.24642,38.80892],[-123.31031,38.80668],[-123.36848,38.80648],[-123.36833,38.77723],[-123.43157,38.77642],[-123.44205,38.77716],[-123.45896,38.77692],[-123.47793,38.77833],[-123.49933,38.77894],[-123.49924,38.77423],[-123.50016,38.77372],[-123.50397,38.77425],[-123.50692,38.77337],[-123.50924,38.76714],[-123.51469,38.76806],[-123.51607,38.76763],[-123.51773,38.76011],[-123.5197,38.75799],[-123.52171,38.75854],[-123.53008,38.76465],[-123.53019,38.76563],[-123.53355,38.76915],[-123.53624,38.76967],[-123.53738,38.77134],[-123.53911,38.77217],[-123.54095,38.77219],[-123.54168,38.77658],[-123.5456,38.77901],[-123.54773,38.77952],[-123.54791,38.78025],[-123.54995,38.78007],[-123.55042,38.78103],[-123.54931,38.78192],[-123.55182,38.78309],[-123.55495,38.78323],[-123.55893,38.78579],[-123.5618,38.78467],[-123.56147,38.78595],[-123.56256,38.7862],[-123.5627,38.78702],[-123.56147,38.78739],[-123.56165,38.78867],[-123.56068,38.78948],[-123.56083,38.79021],[-123.56238,38.79021],[-123.56311,38.79064],[-123.56338,38.79233],[-123.56896,38.79458],[-123.56849,38.79529],[-123.56923,38.79639],[-123.57075,38.79629],[-123.57151,38.79812],[-123.57385,38.79817],[-123.57426,38.80005],[-123.57601,38.79991],[-123.57987,38.80284],[-123.58268,38.80291],[-123.58449,38.80108],[-123.5864,38.80286],[-123.58994,38.80231],[-123.59081,38.80533],[-123.59198,38.80526],[-123.59251,38.80719],[-123.59473,38.8084],[-123.59734,38.8087],[-123.59927,38.80833],[-123.60029,38.8073],[-123.60237,38.80753],[-123.60275,38.80929],[-123.59968,38.80911],[-123.59836,38.80991],[-123.59828,38.81073],[-123.60276,38.81707],[-123.60159,38.81899],[-123.60437,38.82057],[-123.60533,38.82276],[-123.60753,38.82423],[-123.60958,38.82423],[-123.60978,38.82572],[-123.61078,38.82652],[-123.613,38.8268],[-123.61552,38.82878],[-123.61886,38.82801],[-123.61965,38.82872],[-123.61959,38.83032],[-123.62571,38.83143],[-123.62521,38.83231],[-123.62742,38.83361],[-123.62877,38.83666],[-123.63035,38.83627],[-123.6307,38.83739],[-123.63324,38.83904],[-123.6333,38.83986],[-123.63596,38.8398],[-123.63582,38.84108],[-123.63865,38.84387],[-123.64269,38.84401],[-123.64249,38.84543],[-123.64354,38.84618],[-123.6474,38.84548],[-123.64776,38.84738],[-123.64638,38.84806],[-123.64819,38.8501],[-123.64942,38.85001],[-123.6491,38.85164],[-123.651,38.85225],[-123.65065,38.85356],[-123.65238,38.85498],[-123.65471,38.86565],[-123.65594,38.86653],[-123.65588,38.86807],[-123.65986,38.87253],[-123.66405,38.87416],[-123.667,38.87696],[-123.66803,38.87623],[-123.6699,38.87703],[-123.6699,38.87792],[-123.67066,38.87778],[-123.67535,38.88122],[-123.67699,38.88174],[-123.67904,38.88126],[-123.68129,38.88261],[-123.68194,38.88618],[-123.68604,38.88934],[-123.68671,38.89193],[-123.68812,38.8936],[-123.69119,38.89447],[-123.69521,38.89847],[-123.703,38.90205],[-123.70584,38.90607],[-123.70648,38.90864],[-123.7115,38.91038],[-123.71231,38.91182],[-123.71056,38.91324],[-123.71041,38.91488],[-123.71109,38.91564],[-123.71369,38.91662],[-123.71794,38.91692],[-123.72213,38.91905],[-123.72571,38.91735],[-123.72785,38.91895],[-123.7287,38.92158],[-123.72808,38.92316],[-123.72885,38.9249],[-123.72744,38.92536],[-123.72829,38.92776],[-123.72935,38.92747],[-123.72996,38.92962],[-123.72741,38.92953],[-123.72753,38.93097],[-123.72665,38.93074],[-123.72718,38.9323],[-123.72639,38.93307],[-123.72689,38.9347],[-123.72616,38.93509],[-123.72633,38.93637],[-123.73146,38.9395],[-123.73038,38.94003],[-123.73205,38.94118],[-123.7319,38.94257],[-123.73346,38.94381],[-123.73328,38.94504],[-123.7376,38.9501],[-123.73845,38.95278],[-123.74229,38.95605],[-123.74132,38.95635],[-123.73854,38.95452],[-123.7376,38.95491],[-123.73757,38.95601],[-123.73581,38.95539],[-123.73587,38.95763],[-123.7337,38.95532],[-123.73355,38.95312],[-123.73256,38.95198],[-123.73188,38.95198],[-123.73276,38.95317],[-123.73244,38.95381],[-123.73033,38.95255],[-123.73018,38.94846],[-123.72819,38.94644],[-123.72575,38.9455],[-123.7281,38.94724],[-123.72971,38.94974],[-123.72986,38.95393],[-123.7308,38.95482],[-123.73317,38.95479],[-123.72907,38.95667],[-123.72511,38.95972],[-123.71477,38.9721],[-123.71117,38.97732],[-123.69692,39.00441],[-123.69043,39.0229],[-123.69261,39.02521],[-123.69146,39.02668],[-123.69202,39.0305],[-123.68952,39.03185],[-123.68967,39.03407],[-123.69152,39.03679],[-123.69352,39.03663],[-123.69498,39.03734],[-123.69325,39.03755],[-123.69225,39.03872],[-123.69457,39.04183],[-123.69132,39.04313],[-123.69085,39.04425],[-123.69349,39.04826],[-123.69126,39.0508],[-123.6939,39.05355],[-123.69522,39.05629],[-123.6949,39.05725],[-123.6932,39.05806],[-123.69525,39.05993],[-123.6946,39.06128],[-123.6959,39.06314],[-123.69842,39.06485],[-123.69804,39.06753],[-123.70106,39.07018],[-123.70118,39.07188],[-123.70268,39.07289],[-123.70195,39.07362],[-123.702,39.07444],[-123.70309,39.07513],[-123.70224,39.07775],[-123.70374,39.07964],[-123.70594,39.08007],[-123.70579,39.08115],[-123.7038,39.08124],[-123.70309,39.0825],[-123.70406,39.08415],[-123.70585,39.08533],[-123.70532,39.08657],[-123.70638,39.08893],[-123.70618,39.09092],[-123.70879,39.09387],[-123.70932,39.09714],[-123.71017,39.09772],[-123.70785,39.09868],[-123.70783,39.10127],[-123.70877,39.103],[-123.70794,39.10387],[-123.7112,39.1058],[-123.71294,39.10815],[-123.71464,39.1085],[-123.71317,39.11026],[-123.715,39.112],[-123.715,39.11369],[-123.71315,39.11461],[-123.71688,39.11889],[-123.717,39.12063],[-123.72044,39.12269],[-123.71935,39.12289],[-123.71788,39.12479],[-123.71788,39.12785],[-123.72076,39.12972],[-123.71935,39.13171],[-123.72023,39.1348],[-123.72147,39.13592],[-123.72197,39.13567],[-123.72126,39.13498],[-123.72214,39.1351],[-123.72273,39.13681],[-123.72391,39.13775],[-123.72755,39.13844],[-123.72838,39.14077],[-123.73023,39.14173],[-123.73194,39.14192],[-123.73384,39.13981],[-123.73431,39.14191],[-123.73532,39.14221],[-123.73531,39.14054],[-123.73649,39.13956],[-123.73649,39.1434],[-123.73793,39.14345],[-123.73826,39.145],[-123.7349,39.1462],[-123.73426,39.14743],[-123.73714,39.14926],[-123.73691,39.15125],[-123.73832,39.15182],[-123.73917,39.154],[-123.73767,39.15395],[-123.73729,39.15292],[-123.73632,39.15336],[-123.73541,39.15485],[-123.73573,39.15668],[-123.73468,39.15826],[-123.73577,39.15924],[-123.73821,39.15965],[-123.73762,39.16052],[-123.73794,39.16272],[-123.74224,39.16489],[-123.74309,39.16649],[-123.74497,39.16724],[-123.74421,39.16894],[-123.74703,39.17004],[-123.74654,39.17182],[-123.74912,39.17265],[-123.74927,39.17386],[-123.7514,39.1745],[-123.75198,39.17569],[-123.75366,39.17596],[-123.75398,39.17667],[-123.75245,39.17766],[-123.7523,39.17855],[-123.75604,39.18146],[-123.75668,39.18489],[-123.75777,39.18592],[-123.75756,39.18764],[-123.75906,39.19],[-123.76162,39.19199],[-123.76432,39.19142],[-123.76567,39.19355],[-123.77085,39.19423],[-123.77179,39.19504],[-123.77094,39.19705],[-123.77302,39.19863],[-123.77076,39.19893],[-123.77052,39.20023],[-123.77126,39.20144],[-123.77002,39.20135],[-123.76979,39.20204],[-123.77161,39.20442],[-123.77305,39.20486],[-123.77175,39.2057],[-123.7724,39.2063],[-123.77219,39.20737],[-123.7734,39.20872],[-123.77313,39.20932],[-123.7749,39.21005],[-123.77431,39.21089],[-123.77684,39.21385],[-123.77487,39.21465],[-123.7699,39.21424],[-123.7691,39.21531],[-123.76607,39.21502],[-123.76992,39.21596],[-123.77245,39.2204],[-123.77616,39.2226],[-123.77783,39.22445],[-123.77633,39.22612],[-123.77368,39.22614],[-123.77315,39.22696],[-123.77089,39.22687],[-123.76789,39.22534],[-123.77006,39.22662],[-123.76971,39.2279],[-123.77109,39.22916],[-123.77321,39.22898],[-123.77695,39.23152],[-123.77871,39.23079],[-123.78015,39.2334],[-123.77845,39.23395],[-123.77877,39.23537],[-123.77656,39.23676],[-123.77786,39.23761],[-123.77789,39.23848],[-123.77409,39.23971],[-123.77744,39.24145],[-123.77953,39.24132],[-123.77947,39.24395],[-123.78036,39.24443],[-123.78041,39.24569],[-123.78191,39.24637],[-123.78241,39.24853],[-123.78188,39.24981],[-123.78315,39.2503],[-123.78382,39.25159],[-123.78329,39.25234],[-123.78686,39.25305],[-123.78556,39.25449],[-123.78456,39.25428],[-123.78479,39.25486],[-123.78373,39.25513],[-123.78441,39.25589],[-123.78379,39.25655],[-123.78485,39.2569],[-123.78341,39.25742],[-123.7832,39.2584],[-123.78512,39.25962],[-123.786,39.2587],[-123.78632,39.26058],[-123.78688,39.25966],[-123.78697,39.26175],[-123.78877,39.26335],[-123.78791,39.2642],[-123.78873,39.26582],[-123.78867,39.26781],[-123.78968,39.26887],[-123.79059,39.26861],[-123.78994,39.26994],[-123.79162,39.27333],[-123.79509,39.27372],[-123.79512,39.27193],[-123.7968,39.27264],[-123.79771,39.27159],[-123.7983,39.27211],[-123.79957,39.27152],[-123.80004,39.27175],[-123.79898,39.27328],[-123.79966,39.27301],[-123.79957,39.27374],[-123.8003,39.27349],[-123.80125,39.27438],[-123.80172,39.27665],[-123.80396,39.27912],[-123.80369,39.28134],[-123.80201,39.28226],[-123.80133,39.28415],[-123.80225,39.28454],[-123.80269,39.28594],[-123.80378,39.28594],[-123.80292,39.28681],[-123.80348,39.28882],[-123.8031,39.29175],[-123.80098,39.29246],[-123.80127,39.29141],[-123.79956,39.29139],[-123.79792,39.29001],[-123.79488,39.29187],[-123.79697,39.29631],[-123.79626,39.29942],[-123.79376,39.30155],[-123.79623,39.30306],[-123.79835,39.30262],[-123.80313,39.30338],[-123.80489,39.30296],[-123.80398,39.30141],[-123.80463,39.30091],[-123.80669,39.30187],[-123.80637,39.30349],[-123.80728,39.30317],[-123.80858,39.30418],[-123.80869,39.30329],[-123.80993,39.30347],[-123.81099,39.30475],[-123.80978,39.30558],[-123.81099,39.30681],[-123.81031,39.30741],[-123.81034,39.30882],[-123.81132,39.3096],[-123.80872,39.30999],[-123.80964,39.31052],[-123.80828,39.31095],[-123.80816,39.31228],[-123.80457,39.31185],[-123.80416,39.31244],[-123.80536,39.31322],[-123.80492,39.31363],[-123.8023,39.31271],[-123.80207,39.31454],[-123.80039,39.31539],[-123.80041,39.31615],[-123.80142,39.3164],[-123.80074,39.31729],[-123.80189,39.31768],[-123.80071,39.31828],[-123.80071,39.3193],[-123.8056,39.32219],[-123.80684,39.32397],[-123.80875,39.32439],[-123.80569,39.3251],[-123.80454,39.32473],[-123.80451,39.32617],[-123.80707,39.32734],[-123.80504,39.32881],[-123.8071,39.32929],[-123.81049,39.32732],[-123.81149,39.32757],[-123.81143,39.32837],[-123.81341,39.32981],[-123.81185,39.33034],[-123.81252,39.33096],[-123.81409,39.33068],[-123.81291,39.33208],[-123.81479,39.33178],[-123.81804,39.33427],[-123.81777,39.33484],[-123.81644,39.33466],[-123.81674,39.33656],[-123.81762,39.33709],[-123.81624,39.33732],[-123.81742,39.33864],[-123.81659,39.33924],[-123.82004,39.33963],[-123.8198,39.34029],[-123.8188,39.3402],[-123.82048,39.34219],[-123.82007,39.34279],[-123.82122,39.34288],[-123.82075,39.34405],[-123.82305,39.34382],[-123.82305,39.34452],[-123.82579,39.34587],[-123.8257,39.34679],[-123.82641,39.3472],[-123.82573,39.34793],[-123.82773,39.34844],[-123.82776,39.34942],[-123.82641,39.34926],[-123.827,39.34986],[-123.82614,39.3499],[-123.82658,39.35189],[-123.82514,39.35304],[-123.82101,39.3537],[-123.82166,39.35531],[-123.82337,39.35592],[-123.82402,39.35693],[-123.82311,39.35828],[-123.82482,39.3589],[-123.82464,39.35947],[-123.82311,39.35897],[-123.82329,39.35988],[-123.82535,39.36082],[-123.82429,39.36087],[-123.82396,39.36166],[-123.82246,39.36149],[-123.82231,39.36073],[-123.82096,39.36029],[-123.81886,39.3603],[-123.81692,39.36169],[-123.81907,39.36272],[-123.82069,39.36583],[-123.82243,39.36588],[-123.82287,39.36705],[-123.82509,39.36739],[-123.82632,39.36872],[-123.8252,39.36853],[-123.82485,39.36972],[-123.82299,39.36936],[-123.82252,39.36997],[-123.82349,39.37144],[-123.82243,39.37199],[-123.8227,39.37261],[-123.82043,39.37261],[-123.82025,39.37398],[-123.82193,39.37574],[-123.81765,39.37674],[-123.81916,39.37748],[-123.81928,39.37851],[-123.8209,39.37839],[-123.82234,39.37999],[-123.82166,39.38091],[-123.82051,39.381],[-123.82102,39.38199],[-123.82001,39.38187],[-123.82119,39.38285],[-123.81987,39.38427],[-123.82099,39.38592],[-123.81892,39.38617],[-123.81937,39.38718],[-123.81771,39.38745],[-123.81819,39.38855],[-123.81981,39.38917],[-123.81851,39.38924],[-123.81842,39.38983],[-123.82052,39.39169],[-123.8165,39.39228],[-123.82013,39.39562],[-123.81969,39.39643],[-123.82143,39.39734],[-123.82081,39.39809],[-123.81928,39.39778],[-123.81928,39.39949],[-123.82149,39.4018],[-123.8217,39.40311],[-123.82061,39.40297],[-123.82055,39.40428],[-123.82179,39.40494],[-123.82226,39.40652],[-123.8199,39.40695],[-123.81951,39.40794],[-123.81881,39.40789],[-123.8196,39.40899],[-123.81863,39.40943],[-123.81639,39.40885],[-123.81527,39.41128],[-123.81547,39.41247],[-123.81432,39.41276],[-123.81541,39.41505],[-123.8132,39.41716],[-123.81332,39.41789],[-123.81574,39.41888],[-123.81592,39.42123],[-123.81742,39.4221],[-123.81727,39.42327],[-123.81943,39.42384],[-123.81792,39.42444],[-123.81837,39.4251],[-123.81713,39.42608],[-123.81409,39.42537],[-123.81066,39.42645],[-123.80993,39.42723],[-123.81057,39.42805],[-123.8096,39.42832],[-123.80951,39.42924],[-123.81025,39.43039],[-123.81621,39.43062],[-123.81819,39.43432],[-123.81816,39.43634],[-123.81922,39.43588],[-123.81993,39.43684],[-123.81899,39.43826],[-123.82049,39.43936],[-123.81925,39.4397],[-123.81636,39.43823],[-123.81503,39.44089],[-123.81276,39.44201],[-123.81279,39.44277],[-123.81497,39.44453],[-123.81689,39.44494],[-123.81542,39.44535],[-123.81471,39.44654],[-123.81521,39.44791],[-123.8132,39.45052],[-123.81435,39.45352],[-123.81288,39.45348],[-123.81267,39.45423],[-123.81137,39.45471],[-123.81176,39.45549],[-123.81028,39.45693],[-123.80886,39.46005],[-123.8104,39.46172],[-123.80889,39.46224],[-123.80753,39.46412],[-123.80809,39.46643],[-123.80727,39.46758],[-123.80845,39.47007],[-123.80777,39.47112],[-123.80461,39.47142],[-123.80514,39.47183],[-123.80455,39.47433],[-123.80508,39.47456],[-123.80322,39.47822],[-123.80399,39.4825],[-123.80216,39.48328],[-123.8029,39.48449],[-123.80233,39.48689],[-123.80301,39.48776],[-123.80558,39.48801],[-123.8049,39.48886],[-123.80546,39.48945],[-123.80455,39.49039],[-123.80349,39.48964],[-123.79962,39.48966],[-123.79566,39.49222],[-123.79477,39.49531],[-123.79152,39.49801],[-123.78369,39.51029],[-123.77709,39.52398],[-123.77656,39.52718],[-123.77455,39.53162],[-123.77286,39.53414],[-123.76797,39.55123],[-123.76569,39.55302],[-123.76673,39.55377],[-123.76681,39.55723],[-123.76661,39.55926],[-123.76554,39.55919],[-123.76811,39.56041],[-123.76723,39.56123],[-123.76782,39.56176],[-123.76859,39.56135],[-123.76956,39.56269],[-123.76894,39.56322],[-123.76796,39.56233],[-123.76711,39.56317],[-123.76719,39.5654],[-123.76968,39.56613],[-123.77163,39.56824],[-123.77296,39.57217],[-123.7747,39.57279],[-123.77822,39.5757],[-123.77703,39.57654],[-123.77881,39.57808],[-123.77697,39.57767],[-123.77638,39.57838],[-123.77635,39.57908],[-123.77771,39.57957],[-123.77712,39.58419],[-123.78244,39.58778],[-123.78212,39.58831],[-123.78037,39.58741],[-123.78114,39.58911],[-123.7828,39.58918],[-123.78345,39.58964],[-123.78312,39.59082],[-123.78493,39.59065],[-123.78522,39.59174],[-123.78599,39.59195],[-123.78637,39.59293],[-123.78448,39.59298],[-123.78392,39.59385],[-123.78605,39.59508],[-123.78767,39.59749],[-123.78797,39.59939],[-123.78874,39.59971],[-123.78693,39.60019],[-123.78853,39.60085],[-123.78891,39.60476],[-123.78743,39.60456],[-123.78678,39.60581],[-123.7874,39.60772],[-123.78516,39.60747],[-123.78356,39.60952],[-123.78217,39.6133],[-123.78267,39.61424],[-123.78234,39.62149],[-123.78503,39.62506],[-123.7863,39.62499],[-123.78612,39.6263],[-123.78719,39.62682],[-123.78464,39.62847],[-123.78591,39.63252],[-123.78574,39.63504],[-123.78701,39.63653],[-123.78707,39.63795],[-123.78532,39.64117],[-123.78588,39.64191],[-123.78517,39.64435],[-123.78582,39.64639],[-123.7852,39.64717],[-123.78591,39.64824],[-123.78508,39.65135],[-123.78727,39.65605],[-123.78655,39.66033],[-123.78901,39.66477],[-123.79283,39.66708],[-123.79162,39.66934],[-123.79158,39.67776],[-123.79218,39.67836],[-123.79268,39.68413],[-123.79475,39.68808],[-123.79469,39.6895],[-123.79946,39.69426],[-123.80195,39.69832],[-123.80364,39.69932],[-123.80491,39.70548],[-123.80686,39.70683],[-123.80823,39.71072],[-123.82026,39.71667],[-123.82476,39.71814],[-123.82944,39.72298],[-123.83066,39.72337],[-123.83004,39.7255],[-123.83134,39.72637],[-123.83063,39.72788],[-123.83176,39.7304],[-123.82954,39.73145],[-123.82856,39.7344],[-123.82983,39.73637],[-123.83336,39.73731],[-123.83502,39.73855],[-123.83452,39.73895],[-123.83318,39.738],[-123.83146,39.73891],[-123.83135,39.74003],[-123.83238,39.74145],[-123.83179,39.74186],[-123.83197,39.74374],[-123.83544,39.75063],[-123.83811,39.75242],[-123.8374,39.75347],[-123.83832,39.75436],[-123.83737,39.75573],[-123.83944,39.75719],[-123.83772,39.75814],[-123.83859,39.76335],[-123.83743,39.76658],[-123.83802,39.76873],[-123.83717,39.77624],[-123.83818,39.7864],[-123.83982,39.79564],[-123.84172,39.80081],[-123.84335,39.80219],[-123.84454,39.80621],[-123.84644,39.80672],[-123.84641,39.808],[-123.84534,39.80845],[-123.84606,39.81578],[-123.84715,39.81958],[-123.84843,39.821],[-123.8482,39.8236],[-123.84983,39.82841],[-123.85173,39.83205],[-123.85378,39.83411],[-123.88148,39.84543],[-123.88703,39.84886],[-123.88904,39.85224],[-123.89388,39.85305],[-123.89397,39.85516],[-123.89459,39.85573],[-123.89786,39.85529],[-123.89976,39.85589],[-123.90169,39.86026],[-123.90451,39.85981],[-123.90546,39.86152],[-123.90768,39.86303],[-123.91121,39.86974],[-123.91291,39.87072],[-123.91368,39.87415],[-123.91516,39.87526],[-123.9148,39.87666],[-123.9159,39.87885],[-123.91587,39.88112],[-123.91839,39.88448],[-123.91946,39.88847],[-123.9232,39.894],[-123.92748,39.90393],[-123.92908,39.90567],[-123.92905,39.9076],[-123.93006,39.9097],[-123.93794,39.91343],[-123.93928,39.91245],[-123.94142,39.91556],[-123.94885,39.91915],[-123.95155,39.92172],[-123.95497,39.92238],[-123.95776,39.92709],[-123.95895,39.9275],[-123.96038,39.93393],[-123.96214,39.93693],[-123.96687,39.94146],[-123.96764,39.94361],[-123.97198,39.9497],[-123.97383,39.951],[-123.97511,39.95283],[-123.97549,39.95551],[-123.97868,39.95887],[-123.98005,39.96246],[-123.98377,39.96466],[-123.98802,39.96861],[-123.9932,39.97088],[-123.99588,39.97305],[-123.99752,39.97593],[-124.00097,39.97881],[-124.00187,39.98098],[-124.00599,39.9853],[-124.01491,39.99074],[-124.01956,39.99878],[-124.02929,40.00554],[-124.03232,40.01014],[-124.03592,40.01332],[-124.04012,40.01596],[-124.04286,40.01662],[-124.04533,40.01916],[-124.05643,40.02431],[-124.06184,40.02534],[-124.06509,40.02479],[-124.06678,40.02353],[-124.06717,40.02191],[-124.06857,40.02131],[-124.0733,40.02266],[-124.07366,40.02435],[-124.07545,40.02511],[-124.07637,40.02772],[-124.08069,40.02992],[-124.08078,40.0315],[-124.0792,40.0341],[-124.07863,40.03689],[-124.08087,40.03772],[-124.07968,40.03898],[-124.08078,40.04223],[-124.07989,40.05905],[-124.07995,40.06348],[-124.08073,40.06612],[-124.08711,40.07845],[-124.09277,40.08257],[-124.09706,40.08865],[-124.10481,40.09616],[-124.11057,40.10377],[-124.11879,40.10624],[-124.12446,40.11031],[-124.13011,40.11292],[-124.13452,40.11338],[-124.13997,40.11636],[-124.14897,40.11769],[-124.15472,40.12048],[-124.17079,40.12421],[-124.17561,40.12723],[-124.17892,40.12796],[-124.18184,40.13013],[-124.18789,40.13055],[-124.19421,40.13878],[-124.20235,40.14627],[-124.20561,40.15114],[-124.20826,40.1542],[-124.21232,40.15713],[-124.21533,40.16141],[-124.22703,40.16779],[-124.23279,40.17294],[-124.24004,40.17712],[-124.24705,40.17936],[-124.25843,40.18428],[-124.2663,40.19003],[-124.27316,40.19646],[-124.29034,40.20356],[-124.29956,40.21145],[-124.30344,40.21361],[-124.31448,40.22259],[-124.32093,40.22662],[-124.32392,40.22992],[-124.3261,40.23555],[-124.32771,40.23737],[-124.33034,40.23927],[-124.34339,40.2441],[-124.34727,40.24703],[-124.3522,40.24952],[-124.35626,40.25485],[-124.36101,40.25743],[-124.36343,40.26098],[-124.36245,40.264],[-124.36234,40.26846],[-124.36371,40.27093],[-124.36276,40.2726],[-124.36366,40.27622],[-124.36204,40.27869],[-124.3622,40.28054],[-124.36056,40.28516],[-124.35647,40.29297],[-124.35453,40.29912],[-124.35382,40.3048],[-124.34847,40.31217],[-124.34787,40.31464],[-124.34871,40.31942],[-124.35347,40.33212],[-124.35889,40.33662],[-124.36194,40.34117],[-124.36269,40.34353],[-124.36251,40.34545],[-124.36401,40.34831],[-124.36297,40.3495],[-124.36276,40.35163],[-124.364,40.36849],[-124.36463,40.36932],[-124.36493,40.37343],[-124.3687,40.38415],[-124.37362,40.39292],[-124.37803,40.39645],[-124.3791,40.39883],[-124.38586,40.40353],[-124.38978,40.40517],[-124.39152,40.40705],[-124.3937,40.41202],[-124.40264,40.42211],[-124.40306,40.42502],[-124.40246,40.42802],[-124.40369,40.43327],[-124.40794,40.43598],[-124.40961,40.43808],[-124.40763,40.4451],[-124.39489,40.46544],[-124.38379,40.49339],[-124.38323,40.49986],[-124.38696,40.50361],[-124.3862,40.50859],[-124.38734,40.51045],[-124.38437,40.51416],[-124.38284,40.519],[-124.37642,40.52568],[-124.36623,40.54287],[-124.36126,40.55394],[-124.35838,40.55848],[-124.35386,40.56983],[-124.35218,40.57204],[-124.34061,40.59575],[-124.33362,40.60731],[-124.33029,40.61513],[-124.32705,40.61939],[-124.31516,40.63953],[-124.31105,40.64331],[-124.3112,40.64457],[-124.30945,40.64777],[-124.28914,40.67964],[-124.28051,40.69226],[-124.25101,40.73083],[-124.23506,40.75619],[-124.23409,40.75642],[-124.22934,40.74921],[-124.22588,40.74838],[-124.22723,40.7482],[-124.22771,40.7471],[-124.22681,40.74427],[-124.229,40.74598],[-124.23258,40.74566],[-124.23457,40.74444],[-124.24094,40.73783],[-124.2413,40.73632],[-124.24244,40.73554],[-124.24316,40.73247],[-124.24968,40.72815],[-124.25004,40.72664],[-124.25229,40.72485],[-124.25406,40.7217],[-124.25801,40.71822],[-124.26264,40.70939],[-124.2627,40.70855],[-124.2606,40.70703],[-124.26586,40.70386],[-124.26689,40.70104],[-124.2652,40.69994],[-124.26208,40.69937],[-124.26139,40.69775],[-124.25796,40.69653],[-124.24298,40.69418],[-124.23381,40.69107],[-124.23131,40.68974],[-124.22944,40.68661],[-124.22638,40.68581],[-124.22584,40.68451],[-124.22287,40.68448],[-124.22214,40.68574],[-124.21905,40.68707],[-124.22022,40.68915],[-124.22253,40.69034],[-124.22079,40.69403],[-124.22085,40.69556],[-124.22308,40.69956],[-124.21656,40.70196],[-124.21419,40.70185],[-124.21325,40.70242],[-124.21382,40.7041],[-124.2159,40.70352],[-124.21743,40.70393],[-124.21539,40.70508],[-124.21208,40.70494],[-124.21121,40.70677],[-124.2171,40.71414],[-124.21726,40.71692],[-124.22315,40.72319],[-124.22141,40.72459],[-124.22147,40.7258],[-124.21997,40.72773],[-124.21919,40.72775],[-124.21949,40.72919],[-124.21823,40.72956],[-124.21835,40.73273],[-124.21669,40.73347],[-124.21654,40.73095],[-124.21567,40.731],[-124.21486,40.73539],[-124.21579,40.73862],[-124.21778,40.7366],[-124.22009,40.73656],[-124.22196,40.73873],[-124.22196,40.74061],[-124.20548,40.7437],[-124.19802,40.75229],[-124.19733,40.75648],[-124.19931,40.76233],[-124.20229,40.76657],[-124.20223,40.77171],[-124.19805,40.77062],[-124.19573,40.77167],[-124.19441,40.7756],[-124.19399,40.7799],[-124.19107,40.78256],[-124.18981,40.78718],[-124.18749,40.78775],[-124.18972,40.78663],[-124.18978,40.7843],[-124.18683,40.78778],[-124.18661,40.79192],[-124.18683,40.79267],[-124.18767,40.79269],[-124.18767,40.79105],[-124.18818,40.79098],[-124.18815,40.79343],[-124.18285,40.80038],[-124.17966,40.80253],[-124.17815,40.80219],[-124.17463,40.8048],[-124.16593,40.80621],[-124.16066,40.80623],[-124.14524,40.81127],[-124.14148,40.81001],[-124.13871,40.80797],[-124.13151,40.80561],[-124.12694,40.80661],[-124.12487,40.80579],[-124.12334,40.80625],[-124.12235,40.80691],[-124.12153,40.80936],[-124.11882,40.80815],[-124.11967,40.80906],[-124.11931,40.80977],[-124.11461,40.81382],[-124.10811,40.81413],[-124.08806,40.82411],[-124.08694,40.82534],[-124.08785,40.82619],[-124.08535,40.83113],[-124.08339,40.83097],[-124.083,40.83216],[-124.08381,40.83921],[-124.08523,40.84163],[-124.08345,40.84356],[-124.0846,40.8442],[-124.08394,40.8447],[-124.08412,40.84616],[-124.08282,40.8449],[-124.08288,40.84646],[-124.08529,40.8471],[-124.08439,40.84891],[-124.08533,40.84977],[-124.09129,40.84886],[-124.09229,40.85209],[-124.09123,40.85499],[-124.09331,40.85376],[-124.09901,40.85565],[-124.09802,40.85812],[-124.09844,40.85895],[-124.10015,40.85808],[-124.10013,40.8589],[-124.10326,40.86009],[-124.10549,40.85792],[-124.10835,40.85794],[-124.1151,40.85279],[-124.11736,40.85251],[-124.12447,40.85685],[-124.12577,40.85841],[-124.12915,40.85816],[-124.13123,40.85914],[-124.13343,40.86359],[-124.13526,40.86459],[-124.13942,40.86487],[-124.14171,40.86425],[-124.14907,40.86551],[-124.15208,40.86437],[-124.15302,40.86357],[-124.14988,40.85863],[-124.15585,40.85726],[-124.15811,40.85819],[-124.15754,40.85373],[-124.15814,40.8511],[-124.16022,40.85007],[-124.16116,40.84815],[-124.16288,40.8471],[-124.16315,40.84582],[-124.16613,40.84335],[-124.1667,40.84145],[-124.16851,40.8393],[-124.16845,40.83813],[-124.17023,40.83598],[-124.17086,40.83392],[-124.16978,40.83282],[-124.17086,40.82722],[-124.17038,40.82617],[-124.17728,40.82017],[-124.18053,40.81836],[-124.18056,40.81724],[-124.18324,40.81535],[-124.18743,40.81059],[-124.18818,40.80777],[-124.19258,40.79992],[-124.19227,40.79917],[-124.19324,40.79837],[-124.1933,40.79363],[-124.19498,40.78961],[-124.19784,40.78606],[-124.19971,40.78235],[-124.20251,40.78068],[-124.20651,40.77633],[-124.21514,40.77038],[-124.21743,40.7669],[-124.22017,40.76498],[-124.21968,40.76361],[-124.22053,40.76139],[-124.22221,40.75958],[-124.22687,40.76057],[-124.23374,40.76525],[-124.22826,40.7694],[-124.22243,40.77804],[-124.21314,40.78924],[-124.19207,40.8193],[-124.17673,40.84362],[-124.15834,40.87607],[-124.15683,40.88081],[-124.15406,40.88495],[-124.14431,40.90675],[-124.1437,40.90972],[-124.13709,40.92574],[-124.13243,40.9425],[-124.12774,40.95545],[-124.12792,40.95717],[-124.12554,40.9627],[-124.12088,40.9814],[-124.11931,40.98506],[-124.11928,40.98698],[-124.11768,40.98735],[-124.11771,40.98831],[-124.11856,40.98858],[-124.11531,41.00365],[-124.11176,41.02784],[-124.11334,41.03124],[-124.11639,41.03213],[-124.11748,41.03513],[-124.11911,41.03586],[-124.11908,41.03817],[-124.12192,41.03979],[-124.12096,41.03993],[-124.12023,41.0414],[-124.12465,41.04636],[-124.1255,41.04652],[-124.12547,41.04851],[-124.12765,41.04929],[-124.12992,41.05146],[-124.1324,41.05208],[-124.13524,41.0549],[-124.14122,41.05687],[-124.14551,41.05706],[-124.14663,41.05662],[-124.14639,41.0555],[-124.14829,41.05591],[-124.14723,41.05289],[-124.14896,41.05147],[-124.15129,41.05111],[-124.15364,41.05356],[-124.15267,41.05669],[-124.15013,41.0587],[-124.1491,41.06147],[-124.15164,41.06458],[-124.15085,41.06586],[-124.15119,41.06683],[-124.15351,41.06797],[-124.1563,41.06682],[-124.15938,41.06928],[-124.15799,41.07047],[-124.15932,41.07218],[-124.15959,41.07385],[-124.15717,41.07538],[-124.15554,41.07746],[-124.15626,41.08035],[-124.15768,41.0811],[-124.15623,41.08215],[-124.15659,41.08449],[-124.15889,41.08481],[-124.15961,41.08575],[-124.15813,41.08643],[-124.15698,41.08579],[-124.15453,41.08716],[-124.15589,41.08911],[-124.15589,41.09064],[-124.15755,41.0916],[-124.16058,41.09902],[-124.16284,41.10087],[-124.16454,41.10117],[-124.16296,41.10162],[-124.1629,41.10261],[-124.16067,41.10449],[-124.16169,41.106],[-124.16208,41.10883],[-124.15969,41.11197],[-124.15966,41.11725],[-124.16084,41.11947],[-124.15909,41.12082],[-124.15908,41.12196],[-124.1654,41.13026],[-124.16083,41.13328],[-124.16241,41.13472],[-124.1618,41.13584],[-124.16401,41.13868],[-124.1618,41.14046],[-124.16189,41.14129],[-124.15856,41.14303],[-124.15275,41.1411],[-124.14969,41.14085],[-124.14718,41.14151],[-124.14382,41.14469],[-124.14052,41.14986],[-124.1227,41.18973],[-124.11432,41.21046],[-124.11212,41.21788],[-124.10867,41.22456],[-124.10686,41.23042],[-124.10743,41.23485],[-124.10913,41.23636],[-124.10753,41.23774],[-124.10048,41.25759],[-124.09905,41.26334],[-124.09978,41.26624],[-124.09566,41.27589],[-124.09251,41.28658],[-124.09164,41.29649],[-124.08906,41.30408],[-124.08719,41.31522],[-124.08543,41.32014],[-124.08604,41.32227],[-124.08222,41.33435],[-124.08128,41.34034],[-124.07351,41.36876],[-124.07357,41.37146],[-124.07248,41.37391],[-124.0713,41.38081],[-124.07145,41.38413],[-124.0641,41.4278],[-124.0631,41.43959],[-124.06319,41.44199],[-124.06419,41.44281],[-124.0637,41.44343],[-124.06413,41.44697],[-124.06629,41.45203],[-124.06589,41.46216],[-124.0651,41.46386],[-124.06608,41.47026],[-124.06845,41.47557],[-124.06842,41.47854],[-124.06948,41.48152],[-124.07131,41.48371],[-124.07265,41.4912],[-124.07533,41.49408],[-124.07484,41.4965],[-124.07594,41.50176],[-124.077,41.50291],[-124.07782,41.50638],[-124.08111,41.50988],[-124.08176,41.5226],[-124.08285,41.52377],[-124.08465,41.5243],[-124.08273,41.52569],[-124.08179,41.53774],[-124.08201,41.54777],[-124.08496,41.55003],[-124.08907,41.55131],[-124.09066,41.55307],[-124.09233,41.55319],[-124.09367,41.55511],[-124.09425,41.55762],[-124.09642,41.56041],[-124.09581,41.56113],[-124.09617,41.56286],[-124.09879,41.56382],[-124.09904,41.56487],[-124.09825,41.56593],[-124.10114,41.5692],[-124.1013,41.57199],[-124.10227,41.57416],[-124.10005,41.57727],[-124.10197,41.57945],[-124.09929,41.58196],[-124.0974,41.58526],[-124.09808,41.58697],[-124.1014,41.5891],[-124.10094,41.59061],[-124.10289,41.59184],[-124.10479,41.59441],[-124.10317,41.59532],[-124.10168,41.59761],[-124.10098,41.6025],[-124.10199,41.60422],[-124.10482,41.60593],[-124.1054,41.60818],[-124.10742,41.60957],[-124.11096,41.61387],[-124.11361,41.61531],[-124.1158,41.6151],[-124.1137,41.61778],[-124.11563,41.62133],[-124.11606,41.62885],[-124.11951,41.63363],[-124.11988,41.63958],[-124.12287,41.64283],[-124.12385,41.64509],[-124.12634,41.64704],[-124.1274,41.65063],[-124.13557,41.65731],[-124.13523,41.66212],[-124.13666,41.66523],[-124.13864,41.66706],[-124.13828,41.67072],[-124.14114,41.67234],[-124.13876,41.67555],[-124.13839,41.67889],[-124.13909,41.68083],[-124.14092,41.68266],[-124.1404,41.68504],[-124.14354,41.6874],[-124.14186,41.68953],[-124.14318,41.69042],[-124.14183,41.69341],[-124.14229,41.69465],[-124.14357,41.69502],[-124.14366,41.69641],[-124.14201,41.69673],[-124.14186,41.69909],[-124.14375,41.70549],[-124.14472,41.70659],[-124.1435,41.70929],[-124.14743,41.71796],[-124.15427,41.72881],[-124.16046,41.73636],[-124.16474,41.74013],[-124.1713,41.74352],[-124.17781,41.74571],[-124.18285,41.74078],[-124.18276,41.73986],[-124.18538,41.73936],[-124.18593,41.73974],[-124.18572,41.74098],[-124.18389,41.7413],[-124.18102,41.7442],[-124.18114,41.74482],[-124.18349,41.74588],[-124.1834,41.74736],[-124.18569,41.7488],[-124.19354,41.74998],[-124.19953,41.74594],[-124.19763,41.74398],[-124.19898,41.74404],[-124.1995,41.74317],[-124.2009,41.74528],[-124.20316,41.74587],[-124.20386,41.74704],[-124.20796,41.74903],[-124.2119,41.74984],[-124.21251,41.75089],[-124.2163,41.7508],[-124.21623,41.75165],[-124.21495,41.75222],[-124.21562,41.75377],[-124.22112,41.75576],[-124.22412,41.76047],[-124.2361,41.76754],[-124.24176,41.77186],[-124.24466,41.77176],[-124.24649,41.77039],[-124.24873,41.77146],[-124.25196,41.77002],[-124.25438,41.77067],[-124.25416,41.77117],[-124.25202,41.77107],[-124.25126,41.77222],[-124.2487,41.77236],[-124.24851,41.77348],[-124.25068,41.77455],[-124.25066,41.77609],[-124.25415,41.77844],[-124.2536,41.77998],[-124.25601,41.78302],[-124.25497,41.7851],[-124.25033,41.78691],[-124.24505,41.7923],[-124.2307,41.81869],[-124.21961,41.84644],[-124.20846,41.8882],[-124.20403,41.92455],[-124.20477,41.92868],[-124.2044,41.93372],[-124.20272,41.93642],[-124.20345,41.93747],[-124.20348,41.94264],[-124.20444,41.94674],[-124.20774,41.94598],[-124.20836,41.94857],[-124.21026,41.95069],[-124.20922,41.95302],[-124.21032,41.95417],[-124.20815,41.95485],[-124.20606,41.96252],[-124.20497,41.98345],[-124.20561,41.98635],[-124.20874,41.98889],[-124.20982,41.99559],[-124.21172,41.9989],[-124.00122,41.99659],[-123.84323,41.9966],[-123.81048,41.99572]]],[[[-119.8842,38.9197],[-119.58609,38.71382],[-119.58301,38.70919],[-119.57952,38.70618],[-119.58013,38.70334],[-119.58611,38.699],[-119.58691,38.69773],[-119.58702,38.69368],[-119.59175,38.68962],[-119.59229,38.68779],[-119.59115,38.68282],[-119.59396,38.67855],[-119.59589,38.67735],[-119.59584,38.67577],[-119.59758,38.67335],[-119.59833,38.67084],[-119.6014,38.66871],[-119.60438,38.66806],[-119.60863,38.66585],[-119.61467,38.66635],[-119.613,38.66215],[-119.61372,38.65937],[-119.61313,38.65566],[-119.61446,38.652],[-119.61398,38.64972],[-119.61615,38.64806],[-119.61608,38.64561],[-119.61688,38.64408],[-119.615,38.63689],[-119.61554,38.63436],[-119.61795,38.63211],[-119.61624,38.62982],[-119.61635,38.62581],[-119.61975,38.62306],[-119.61864,38.61936],[-119.6209,38.61334],[-119.6201,38.60933],[-119.61875,38.60689],[-119.61917,38.60425],[-119.61857,38.60314],[-119.61304,38.601],[-119.60822,38.59459],[-119.60036,38.59343],[-119.59554,38.59023],[-119.59474,38.58677],[-119.5958,38.58148],[-119.59105,38.57747],[-119.5893,38.57362],[-119.59005,38.57043],[-119.58966,38.56809],[-119.58609,38.56535],[-119.58698,38.559],[-119.58591,38.55791],[-119.58394,38.55229],[-119.58197,38.55003],[-119.57936,38.54845],[-119.57411,38.54116],[-119.57114,38.54166],[-119.56973,38.53881],[-119.56819,38.53759],[-119.56644,38.52583],[-119.5639,38.52664],[-119.56071,38.52565],[-119.55973,38.52029],[-119.55577,38.51623],[-119.55601,38.51441],[-119.55834,38.51028],[-119.55804,38.50709],[-119.5593,38.50524],[-119.55628,38.50266],[-119.54918,38.50172],[-119.5477,38.49952],[-119.54287,38.49965],[-119.54287,38.4983],[-119.54447,38.49679],[-119.54381,38.49354],[-119.54559,38.49044],[-119.54501,38.48693],[-119.5424,38.48201],[-119.54328,38.47864],[-119.54517,38.47771],[-119.54622,38.47396],[-119.55626,38.47042],[-119.55705,38.46792],[-119.55807,38.46702],[-119.55825,38.46301],[-119.55904,38.46096],[-119.55893,38.45798],[-119.55756,38.45771],[-119.55849,38.4572],[-119.55727,38.45517],[-119.55737,38.45034],[-119.55641,38.4475],[-119.55988,38.44504],[-119.56017,38.4437],[-119.56142,38.4429],[-119.56133,38.44095],[-119.5632,38.43833],[-119.57027,38.43495],[-119.56893,38.43422],[-119.56809,38.42935],[-119.56609,38.42783],[-119.56688,38.42497],[-119.56604,38.42266],[-119.56124,38.42037],[-119.56206,38.41907],[-119.56178,38.41226],[-119.56257,38.4095],[-119.56865,38.40452],[-119.57862,38.40192],[-119.58182,38.40021],[-119.58319,38.39912],[-119.58328,38.39685],[-119.59106,38.39835],[-119.59597,38.40071],[-119.59803,38.40385],[-119.60234,38.40571],[-119.60315,38.40305],[-119.60446,38.40196],[-119.60966,38.40042],[-119.61117,38.39934],[-119.6158,38.39887],[-119.6219,38.39417],[-119.62022,38.39098],[-119.62048,38.38869],[-119.61879,38.38657],[-119.61827,38.38403],[-119.61888,38.38224],[-119.61735,38.38096],[-119.61447,38.38054],[-119.61517,38.37865],[-119.6143,38.37613],[-119.61041,38.37274],[-119.60878,38.36957],[-119.60669,38.3686],[-119.60657,38.36709],[-119.61663,38.36542],[-119.62613,38.3594],[-119.62877,38.35873],[-119.63107,38.35514],[-119.63578,38.354],[-119.63357,38.35203],[-119.62976,38.35118],[-119.62773,38.3483],[-119.63206,38.34421],[-119.63241,38.34145],[-119.6316,38.3359],[-119.63363,38.33212],[-119.63448,38.33174],[-119.63497,38.32935],[-119.63683,38.32814],[-119.66093,38.34615],[-119.69985,38.36529],[-119.69362,38.37918],[-119.69432,38.38541],[-119.6993,38.40909],[-119.70349,38.41407],[-119.71291,38.41862],[-119.74916,38.41701],[-119.77263,38.40604],[-119.77553,38.40613],[-119.77678,38.40757],[-119.78341,38.40387],[-119.79773,38.40232],[-119.81133,38.38672],[-119.83273,38.38213],[-119.85205,38.37192],[-119.8652,38.36931],[-119.8744,38.36536],[-119.87979,38.36177],[-119.88034,38.35976],[-120.05392,38.45537],[-120.05567,38.45495],[-120.05702,38.45311],[-120.06066,38.45229],[-120.06387,38.4505],[-120.06507,38.45063],[-120.06717,38.448],[-120.07305,38.44707],[-120.07236,38.70266],[-119.9655,38.7758],[-119.96164,38.77683],[-119.95946,38.77856],[-119.95584,38.77855],[-119.95353,38.78025],[-119.9482,38.78171],[-119.94758,38.78554],[-119.94556,38.78803],[-119.94322,38.78875],[-119.94201,38.79162],[-119.93967,38.794],[-119.93993,38.79518],[-119.94422,38.7966],[-119.94284,38.80229],[-119.93739,38.80616],[-119.9341,38.81038],[-119.93197,38.81178],[-119.93079,38.81521],[-119.92124,38.82168],[-119.92399,38.82492],[-119.92292,38.82926],[-119.92073,38.83064],[-119.91131,38.83213],[-119.90835,38.83427],[-119.90796,38.84034],[-119.90847,38.84436],[-119.90739,38.84742],[-119.9064,38.85488],[-119.89988,38.85737],[-119.89461,38.85629],[-119.8918,38.8571],[-119.88688,38.85969],[-119.88468,38.86204],[-119.88091,38.86335],[-119.87756,38.86794],[-119.87717,38.87087],[-119.87886,38.87499],[-119.88342,38.87561],[-119.88865,38.8793],[-119.88312,38.8807],[-119.88167,38.88433],[-119.87962,38.88675],[-119.8809,38.89073],[-119.88457,38.89429],[-119.88147,38.89693],[-119.87994,38.89952],[-119.88204,38.90355],[-119.88335,38.9046],[-119.88325,38.90774],[-119.88579,38.91243],[-119.88683,38.91737],[-119.88961,38.91866],[-119.89169,38.91816],[-119.89368,38.92001],[-119.89672,38.92091],[-119.89751,38.9227],[-119.90215,38.92538],[-119.90268,38.92712],[-119.90528,38.92816],[-119.90419,38.93325],[-119.8842,38.9197]]]]},"properties":{"id":"PigeonNorth","kind":"upland_zone","species":"Band-tailed Pigeon","hunt":"North","zone_name":"North Zone","zone_des":"See Map","zone_description":null,"source_url":"https://services2.arcgis.com/Uq9r85Potqm3MfRV/arcgis/rest/services/Upland_Game_AGOL_gdb/FeatureServer/1/query","fetched_at":"2026-09-19T22:10:55.518395+00:00"}},{"type":"Feature","geometry":{"type":"MultiPolygon","coordinates":[[[[-121.01879,39.58787],[-121.02388,39.55898],[-121.02709,39.55789],[-121.032,39.5581],[-121.03205,39.55552],[-121.03391,39.55558],[-121.03437,39.55414],[-121.0362,39.55329],[-121.03885,39.55035],[-121.04216,39.55023],[-121.0441,39.54864],[-121.04879,39.54799],[-121.05082,39.54475],[-121.05119,39.54215],[-121.05313,39.54084],[-121.05729,39.54032],[-121.05808,39.53953],[-121.05834,39.53646],[-121.05691,39.5345],[-121.05564,39.52982],[-121.05133,39.52447],[-121.05174,39.52297],[-121.0538,39.52243],[-121.05002,39.52118],[-121.05,39.51849],[-121.04768,39.51606],[-121.04445,39.51417],[-121.03418,39.5145],[-121.02216,39.3913],[-121.01768,39.39576],[-121.00864,39.39819],[-121.00719,39.3999],[-121.01514,39.40235],[-121.01536,39.40544],[-121.00737,39.40461],[-120.99287,39.41443],[-120.98636,39.41152],[-120.98465,39.41199],[-120.98292,39.4141],[-120.9819,39.41427],[-120.9809,39.41193],[-120.97978,39.41181],[-120.97909,39.41273],[-120.98053,39.41687],[-120.9791,39.4177],[-120.97358,39.41746],[-120.97204,39.41897],[-120.97016,39.41793],[-120.95747,39.41571],[-120.95634,39.41691],[-120.95285,39.41677],[-120.95121,39.41879],[-120.94666,39.41843],[-120.94371,39.41985],[-120.93948,39.41776],[-120.93136,39.4173],[-120.92996,39.4182],[-120.93042,39.42061],[-120.92972,39.42096],[-120.92631,39.42026],[-120.92156,39.42163],[-120.92098,39.42252],[-120.92009,39.42223],[-120.9193,39.42069],[-120.91406,39.41991],[-120.91378,39.42404],[-120.91063,39.42606],[-120.9042,39.42421],[-120.89408,39.42414],[-120.89021,39.42587],[-120.88698,39.42836],[-120.88478,39.42871],[-120.88438,39.42953],[-120.8792,39.42869],[-120.87862,39.42934],[-120.87903,39.43097],[-120.87839,39.43132],[-120.87685,39.42957],[-120.87607,39.42958],[-120.87502,39.43119],[-120.87057,39.42957],[-120.86948,39.4315],[-120.86483,39.43044],[-120.86152,39.43342],[-120.85949,39.4338],[-120.85775,39.4352],[-120.85518,39.43361],[-120.85443,39.43629],[-120.85259,39.43575],[-120.84679,39.43613],[-120.8437,39.43505],[-120.84305,39.43528],[-120.84253,39.43751],[-120.83713,39.44063],[-120.8323,39.4397],[-120.83217,39.43882],[-120.83383,39.4376],[-120.82847,39.43656],[-120.82632,39.43518],[-120.8232,39.43722],[-120.81799,39.43653],[-120.81767,39.43983],[-120.81688,39.44065],[-120.81327,39.43991],[-120.8121,39.43875],[-120.81252,39.43724],[-120.81147,39.43631],[-120.80581,39.43865],[-120.8001,39.43774],[-120.79873,39.43866],[-120.79725,39.44178],[-120.79431,39.44218],[-120.79193,39.44133],[-120.79008,39.4434],[-120.78599,39.44437],[-120.78653,39.44661],[-120.78487,39.44798],[-120.78119,39.44657],[-120.77618,39.45074],[-120.77514,39.4505],[-120.77435,39.4488],[-120.77298,39.4499],[-120.76597,39.45081],[-120.76489,39.45319],[-120.76092,39.45404],[-120.75898,39.45265],[-120.75588,39.45258],[-120.75527,39.4534],[-120.75544,39.45514],[-120.75263,39.45853],[-120.75032,39.45757],[-120.74967,39.45932],[-120.74606,39.45917],[-120.74279,39.46108],[-120.74215,39.46369],[-120.74332,39.46696],[-120.73693,39.46995],[-120.73247,39.46983],[-120.72739,39.47148],[-120.72027,39.47839],[-120.71427,39.48177],[-120.71387,39.48266],[-120.71507,39.48592],[-120.71724,39.48912],[-120.71335,39.48928],[-120.70688,39.49267],[-120.70593,39.49621],[-120.70301,39.49837],[-120.70189,39.50097],[-120.70014,39.50234],[-120.69396,39.50373],[-120.69279,39.50533],[-120.68778,39.50602],[-120.68632,39.50739],[-120.68574,39.50946],[-120.68281,39.51105],[-120.68223,39.51243],[-120.67928,39.51289],[-120.67811,39.51427],[-120.67724,39.51632],[-120.67783,39.51724],[-120.67695,39.51815],[-120.67225,39.52044],[-120.65901,39.52389],[-120.65725,39.52572],[-120.65372,39.52664],[-120.65312,39.52503],[-120.65076,39.52344],[-120.6431,39.5239],[-120.64044,39.52298],[-120.63721,39.52481],[-120.63249,39.52344],[-120.62985,39.52482],[-120.62777,39.52321],[-120.6257,39.51978],[-120.62452,39.51977],[-120.62246,39.52139],[-120.6201,39.52116],[-120.61745,39.52207],[-120.61362,39.52093],[-120.61009,39.52184],[-120.60625,39.52114],[-120.59889,39.5223],[-120.59653,39.5207],[-120.58947,39.52344],[-120.58475,39.52253],[-120.58357,39.52161],[-120.5821,39.52275],[-120.57739,39.52321],[-120.57472,39.52046],[-120.57148,39.52069],[-120.5694,39.51657],[-120.56763,39.51542],[-120.55997,39.51634],[-120.55584,39.51267],[-120.55552,39.50832],[-120.5567,39.50672],[-120.55345,39.50443],[-120.55168,39.50443],[-120.5502,39.5026],[-120.55058,39.50027],[-120.54898,39.49512],[-120.54683,39.4933],[-120.54485,39.49264],[-120.54468,39.49162],[-120.54183,39.49126],[-120.53778,39.48536],[-120.53421,39.48353],[-120.53486,39.47679],[-120.53399,39.47304],[-120.53531,39.47006],[-120.5344,39.46411],[-120.53344,39.46295],[-120.52851,39.46034],[-120.52451,39.45861],[-120.52253,39.45857],[-120.52103,39.45645],[-120.51834,39.45624],[-120.51655,39.45476],[-120.51461,39.45533],[-120.50994,39.45482],[-120.50558,39.44565],[-120.00319,39.44505],[-120.00269,39.47182],[-120.00539,39.31642],[-120.00574,39.22346],[-120.00103,38.9996],[-119.90334,38.93268],[-119.90454,38.93322],[-119.90434,38.93109],[-119.90528,38.92816],[-119.90268,38.92712],[-119.90215,38.92538],[-119.89751,38.9227],[-119.89672,38.92091],[-119.89368,38.92001],[-119.89169,38.91816],[-119.88961,38.91866],[-119.88706,38.91783],[-119.88579,38.91243],[-119.88325,38.90774],[-119.88335,38.9046],[-119.88204,38.90355],[-119.87994,38.89952],[-119.88147,38.89693],[-119.88457,38.89429],[-119.8809,38.89073],[-119.87962,38.88675],[-119.88167,38.88433],[-119.88312,38.8807],[-119.88865,38.8793],[-119.88342,38.87561],[-119.87886,38.87499],[-119.8772,38.87039],[-119.87756,38.86794],[-119.88029,38.86386],[-119.8824,38.86243],[-119.88468,38.86204],[-119.88738,38.85935],[-119.89426,38.85629],[-119.89988,38.85737],[-119.9064,38.85488],[-119.90739,38.84742],[-119.90847,38.84436],[-119.90796,38.84034],[-119.90835,38.83427],[-119.91131,38.83213],[-119.92073,38.83064],[-119.92292,38.82926],[-119.92399,38.82492],[-119.92124,38.82168],[-119.93079,38.81521],[-119.93197,38.81178],[-119.9341,38.81038],[-119.93739,38.80616],[-119.94284,38.80229],[-119.94422,38.7966],[-119.93993,38.79518],[-119.93967,38.794],[-119.94201,38.79162],[-119.94322,38.78875],[-119.94556,38.78803],[-119.94758,38.78554],[-119.9482,38.78171],[-119.95353,38.78025],[-119.95584,38.77855],[-119.95946,38.77856],[-119.96164,38.77683],[-119.9655,38.7758],[-120.07236,38.70266],[-120.07305,38.44707],[-120.06717,38.448],[-120.06507,38.45063],[-120.06387,38.4505],[-120.06066,38.45229],[-120.05702,38.45311],[-120.05567,38.45495],[-120.05392,38.45537],[-119.88034,38.35976],[-119.87979,38.36177],[-119.8744,38.36536],[-119.8652,38.36931],[-119.85205,38.37192],[-119.83273,38.38213],[-119.81133,38.38672],[-119.79773,38.40232],[-119.78341,38.40387],[-119.77678,38.40757],[-119.77553,38.40613],[-119.77263,38.40604],[-119.74916,38.41701],[-119.71291,38.41862],[-119.70349,38.41407],[-119.6993,38.40909],[-119.69432,38.38541],[-119.69362,38.37918],[-119.69985,38.36529],[-119.66093,38.34615],[-119.63683,38.32814],[-119.63497,38.32935],[-119.63448,38.33174],[-119.63363,38.33212],[-119.6316,38.3359],[-119.63241,38.34145],[-119.63206,38.34421],[-119.62773,38.3483],[-119.62976,38.35118],[-119.63357,38.35203],[-119.63578,38.354],[-119.63107,38.35514],[-119.62877,38.35873],[-119.62613,38.3594],[-119.61663,38.36542],[-119.60657,38.36709],[-119.60669,38.3686],[-119.60878,38.36957],[-119.61041,38.37274],[-119.6143,38.37613],[-119.61517,38.37865],[-119.61447,38.38054],[-119.61735,38.38096],[-119.61888,38.38224],[-119.61827,38.38403],[-119.61879,38.38657],[-119.62048,38.38869],[-119.62022,38.39098],[-119.6219,38.39417],[-119.6158,38.39887],[-119.61117,38.39934],[-119.60966,38.40042],[-119.60446,38.40196],[-119.60315,38.40305],[-119.60234,38.40571],[-119.59803,38.40385],[-119.59597,38.40071],[-119.59106,38.39835],[-119.58328,38.39685],[-119.58319,38.39912],[-119.58182,38.40021],[-119.57862,38.40192],[-119.56865,38.40452],[-119.56257,38.4095],[-119.56178,38.41226],[-119.56206,38.41907],[-119.56124,38.42037],[-119.56604,38.42266],[-119.56688,38.42497],[-119.56609,38.42783],[-119.56809,38.42935],[-119.56893,38.43422],[-119.57027,38.43495],[-119.5632,38.43833],[-119.56133,38.44095],[-119.56142,38.4429],[-119.56017,38.4437],[-119.55988,38.44504],[-119.55641,38.4475],[-119.55737,38.45034],[-119.55727,38.45517],[-119.55849,38.4572],[-119.55756,38.45771],[-119.55893,38.45798],[-119.55904,38.46096],[-119.55825,38.46301],[-119.55807,38.46702],[-119.55705,38.46792],[-119.55626,38.47042],[-119.54622,38.47396],[-119.54517,38.47771],[-119.54328,38.47864],[-119.5424,38.48201],[-119.54501,38.48693],[-119.54559,38.49044],[-119.54381,38.49354],[-119.54447,38.49679],[-119.54287,38.4983],[-119.54287,38.49965],[-119.5477,38.49952],[-119.54918,38.50172],[-119.55628,38.50266],[-119.5593,38.50524],[-119.55804,38.50709],[-119.55834,38.51028],[-119.55601,38.51441],[-119.55577,38.51623],[-119.55973,38.52029],[-119.56071,38.52565],[-119.5639,38.52664],[-119.56644,38.52583],[-119.56819,38.53759],[-119.56973,38.53881],[-119.57114,38.54166],[-119.57411,38.54116],[-119.57936,38.54845],[-119.58197,38.55003],[-119.58394,38.55229],[-119.58591,38.55791],[-119.58698,38.559],[-119.58609,38.56535],[-119.58966,38.56809],[-119.59005,38.57043],[-119.5893,38.57362],[-119.59105,38.57747],[-119.5958,38.58148],[-119.59474,38.58677],[-119.59554,38.59023],[-119.60036,38.59343],[-119.60822,38.59459],[-119.61304,38.601],[-119.61857,38.60314],[-119.61917,38.60425],[-119.61875,38.60689],[-119.6201,38.60933],[-119.6209,38.61334],[-119.61864,38.61936],[-119.61975,38.62306],[-119.61635,38.62581],[-119.61624,38.62982],[-119.61795,38.63211],[-119.61554,38.63436],[-119.615,38.63689],[-119.61688,38.64408],[-119.61608,38.64561],[-119.61615,38.64806],[-119.61398,38.64972],[-119.61446,38.652],[-119.61313,38.65566],[-119.61372,38.65937],[-119.613,38.66215],[-119.61467,38.66635],[-119.60863,38.66585],[-119.59947,38.66973],[-119.59584,38.67577],[-119.59589,38.67735],[-119.59396,38.67855],[-119.59177,38.68166],[-119.59115,38.68282],[-119.59229,38.68779],[-119.59175,38.68962],[-119.58702,38.69368],[-119.58691,38.69773],[-119.58611,38.699],[-119.58086,38.70263],[-119.57936,38.70496],[-119.57952,38.70618],[-119.58301,38.70919],[-119.58608,38.7138],[-119.126,38.3927],[-119.10171,38.37492],[-118.79749,38.16039],[-118.39832,37.87494],[-118.03614,37.61298],[-117.80685,37.44561],[-117.41616,37.15742],[-117.10192,36.92314],[-116.91252,36.78086],[-116.6259,36.56407],[-116.21569,36.24996],[-115.93394,36.03208],[-115.59178,35.76505],[-115.25537,35.49999],[-114.94151,35.25],[-114.63301,35.00188],[-114.62974,34.99435],[-114.62887,34.98688],[-114.63034,34.97899],[-114.63437,34.96952],[-114.63517,34.96467],[-114.63434,34.95758],[-114.63036,34.94792],[-114.6294,34.94085],[-114.63004,34.93665],[-114.63225,34.93017],[-114.63318,34.92375],[-114.63061,34.91387],[-114.63043,34.90816],[-114.63532,34.89483],[-114.63664,34.88831],[-114.63572,34.87729],[-114.63378,34.87178],[-114.62986,34.86545],[-114.62303,34.85909],[-114.61857,34.85616],[-114.60486,34.84992],[-114.59878,34.84627],[-114.5914,34.84046],[-114.58664,34.83558],[-114.58158,34.82706],[-114.57684,34.81633],[-114.57472,34.80764],[-114.57457,34.80437],[-114.57119,34.79465],[-114.56572,34.78698],[-114.56435,34.78321],[-114.55994,34.77606],[-114.55312,34.76742],[-114.54533,34.7606],[-114.52872,34.75001],[-114.51926,34.73946],[-114.51493,34.73592],[-114.51178,34.73422],[-114.50157,34.73075],[-114.4921,34.72581],[-114.491,34.72471],[-114.48763,34.71665],[-114.48321,34.71471],[-114.47325,34.71386],[-114.47144,34.71271],[-114.46988,34.71044],[-114.46843,34.70645],[-114.46815,34.70122],[-114.46575,34.69155],[-114.46372,34.68774],[-114.45628,34.67817],[-114.45508,34.67558],[-114.45467,34.67171],[-114.45063,34.66675],[-114.45189,34.66385],[-114.45759,34.65955],[-114.45827,34.658],[-114.45796,34.65701],[-114.45041,34.65196],[-114.44282,34.64432],[-114.44049,34.63883],[-114.44156,34.63072],[-114.43794,34.62028],[-114.4352,34.61775],[-114.42805,34.61412],[-114.42489,34.61028],[-114.42388,34.60487],[-114.42504,34.60039],[-114.42766,34.59867],[-114.43482,34.59649],[-114.43593,34.59537],[-114.43595,34.59383],[-114.4323,34.58938],[-114.42178,34.58011],[-114.40869,34.57332],[-114.40669,34.57165],[-114.40459,34.56728],[-114.40079,34.56272],[-114.38846,34.5409],[-114.38254,34.53253],[-114.38072,34.52823],[-114.37886,34.52],[-114.37782,34.50847],[-114.37848,34.50531],[-114.38139,34.49936],[-114.38274,34.49363],[-114.38296,34.48747],[-114.38171,34.47606],[-114.38257,34.47261],[-114.38701,34.46257],[-114.38715,34.45995],[-114.38579,34.45691],[-114.37617,34.44808],[-114.37426,34.44706],[-114.36668,34.44736],[-114.35632,34.44981],[-114.3498,34.44999],[-114.34264,34.45142],[-114.33888,34.45131],[-114.33573,34.4502],[-114.33158,34.44647],[-114.32651,34.43754],[-114.31786,34.43534],[-114.31404,34.43368],[-114.30153,34.42706],[-114.29538,34.42187],[-114.29247,34.41791],[-114.29175,34.4111],[-114.2886,34.40644],[-114.28212,34.40343],[-114.26879,34.40266],[-114.26579,34.40207],[-114.2634,34.40069],[-114.25499,34.39202],[-114.23505,34.37696],[-114.23084,34.36919],[-114.22731,34.36501],[-114.21857,34.36272],[-114.19999,34.36145],[-114.19768,34.36053],[-114.19415,34.35728],[-114.18669,34.35489],[-114.17556,34.34845],[-114.1692,34.34018],[-114.16586,34.33266],[-114.15882,34.32174],[-114.15743,34.31781],[-114.13862,34.30363],[-114.13806,34.30062],[-114.13945,34.29593],[-114.13564,34.2802],[-114.13676,34.27717],[-114.13664,34.27464],[-114.13534,34.27044],[-114.13079,34.26194],[-114.13219,34.25875],[-114.13583,34.25765],[-114.14437,34.25964],[-114.15364,34.25779],[-114.16147,34.25954],[-114.16514,34.25953],[-114.16345,34.25389],[-114.1651,34.25084],[-114.16687,34.2495],[-114.17442,34.24741],[-114.1759,34.24571],[-114.17606,34.24222],[-114.17706,34.24064],[-114.19185,34.22975],[-114.21205,34.21101],[-114.225,34.20386],[-114.22597,34.20074],[-114.22482,34.19573],[-114.22503,34.19258],[-114.22654,34.18906],[-114.22923,34.18709],[-114.23984,34.18376],[-114.24521,34.17896],[-114.25293,34.17462],[-114.25796,34.1729],[-114.26862,34.1704],[-114.27525,34.1724],[-114.28714,34.17088],[-114.29305,34.16669],[-114.29853,34.16009],[-114.30676,34.15187],[-114.31219,34.14501],[-114.32365,34.137],[-114.33301,34.13459],[-114.34083,34.1338],[-114.34663,34.13436],[-114.35267,34.13305],[-114.35627,34.1306],[-114.36019,34.12397],[-114.36604,34.11893],[-114.37034,34.1173],[-114.38047,34.11575],[-114.39043,34.11015],[-114.40104,34.11173],[-114.40928,34.11109],[-114.41673,34.10701],[-114.42381,34.09867],[-114.42639,34.09659],[-114.42865,34.09206],[-114.43397,34.08771],[-114.43574,34.07672],[-114.43776,34.07149],[-114.43966,34.05606],[-114.43877,34.05018],[-114.43557,34.04235],[-114.43494,34.03711],[-114.43618,34.02726],[-114.43856,34.02185],[-114.44495,34.01536],[-114.4505,34.0125],[-114.45527,34.01117],[-114.46251,34.01221],[-114.46563,34.01122],[-114.46742,34.00754],[-114.46716,34.00513],[-114.46543,34.00312],[-114.46095,34.00115],[-114.45861,33.99934],[-114.45806,33.99751],[-114.45894,33.99512],[-114.46108,33.99378],[-114.46656,33.99352],[-114.4686,33.99242],[-114.47071,33.98905],[-114.47428,33.98557],[-114.48335,33.98043],[-114.48902,33.97156],[-114.50057,33.96135],[-114.51046,33.95695],[-114.51204,33.95684],[-114.51485,33.95807],[-114.51664,33.95777],[-114.52305,33.95388],[-114.52878,33.94751],[-114.53138,33.94208],[-114.5344,33.93817],[-114.53593,33.93331],[-114.53551,33.92593],[-114.526,33.92278],[-114.51645,33.91595],[-114.511,33.9102],[-114.50815,33.90316],[-114.50937,33.90048],[-114.51541,33.89768],[-114.51813,33.89837],[-114.52369,33.90137],[-114.52523,33.90153],[-114.52603,33.90079],[-114.52551,33.89682],[-114.52277,33.89219],[-114.50362,33.87555],[-114.50386,33.8713],[-114.50301,33.86782],[-114.5048,33.86396],[-114.50982,33.86247],[-114.51515,33.85846],[-114.51789,33.85849],[-114.52412,33.86019],[-114.52818,33.85886],[-114.53018,33.85692],[-114.52952,33.84766],[-114.52621,33.83943],[-114.52254,33.83337],[-114.52027,33.82754],[-114.52001,33.82502],[-114.52221,33.81959],[-114.5274,33.81598],[-114.5282,33.8147],[-114.51947,33.79828],[-114.51716,33.78907],[-114.51159,33.77832],[-114.50509,33.76213],[-114.50424,33.75568],[-114.50461,33.75078],[-114.50634,33.74535],[-114.51188,33.7358],[-114.51223,33.73386],[-114.50591,33.72988],[-114.50363,33.7272],[-114.50264,33.72466],[-114.50049,33.72373],[-114.4972,33.7204],[-114.49511,33.71528],[-114.4941,33.70737],[-114.49575,33.70162],[-114.50105,33.6951],[-114.50685,33.69244],[-114.5131,33.69129],[-114.5187,33.68895],[-114.5279,33.6829],[-114.52981,33.68028],[-114.53181,33.67288],[-114.53205,33.67041],[-114.53112,33.66776],[-114.52754,33.66453],[-114.52325,33.66284],[-114.51684,33.66281],[-114.51492,33.66156],[-114.51395,33.65953],[-114.5154,33.65757],[-114.51827,33.6561],[-114.52521,33.65615],[-114.52968,33.65485],[-114.53198,33.65358],[-114.53338,33.65153],[-114.53288,33.64788],[-114.53039,33.64483],[-114.52617,33.64202],[-114.52422,33.6388],[-114.52363,33.63581],[-114.52395,33.63341],[-114.52507,33.63153],[-114.52721,33.62995],[-114.53058,33.62911],[-114.53131,33.62468],[-114.52773,33.61824],[-114.52279,33.61436],[-114.52187,33.61179],[-114.52257,33.61068],[-114.52744,33.60829],[-114.5316,33.60394],[-114.54006,33.59212],[-114.54075,33.59025],[-114.54006,33.58795],[-114.54064,33.58436],[-114.54013,33.57976],[-114.53938,33.57747],[-114.5374,33.57486],[-114.53655,33.57015],[-114.53362,33.56642],[-114.53209,33.56241],[-114.5262,33.55632],[-114.52426,33.55275],[-114.52546,33.55155],[-114.52991,33.55028],[-114.53205,33.54772],[-114.54327,33.54178],[-114.55877,33.53202],[-114.56068,33.52549],[-114.56092,33.51699],[-114.56851,33.50984],[-114.57296,33.50776],[-114.57932,33.50682],[-114.58235,33.50563],[-114.58846,33.50231],[-114.59161,33.49942],[-114.5972,33.49078],[-114.59961,33.48451],[-114.60118,33.48221],[-114.61245,33.47064],[-114.62251,33.45762],[-114.62331,33.45486],[-114.62253,33.44804],[-114.62846,33.42986],[-114.63062,33.42685],[-114.63883,33.41969],[-114.6479,33.41408],[-114.65377,33.41278],[-114.65737,33.41286],[-114.67372,33.41799],[-114.68746,33.41795],[-114.69513,33.41541],[-114.69786,33.41106],[-114.70221,33.40818],[-114.71151,33.40707],[-114.7207,33.4083],[-114.72297,33.40754],[-114.72561,33.40484],[-114.72504,33.40179],[-114.72307,33.39892],[-114.71359,33.38843],[-114.70767,33.38315],[-114.70705,33.38164],[-114.7074,33.37694],[-114.69909,33.36158],[-114.69806,33.35317],[-114.70047,33.33818],[-114.70721,33.32422],[-114.71164,33.31951],[-114.71645,33.31724],[-114.72292,33.31277],[-114.72461,33.30944],[-114.72873,33.30697],[-114.73091,33.30478],[-114.73149,33.30328],[-114.73115,33.30172],[-114.72231,33.28715],[-114.71571,33.28438],[-114.70238,33.28189],[-114.68963,33.27836],[-114.67995,33.27319],[-114.67661,33.2694],[-114.67302,33.26243],[-114.67225,33.25927],[-114.67242,33.25749],[-114.67404,33.25577],[-114.67826,33.25409],[-114.68285,33.25032],[-114.68952,33.24647],[-114.6872,33.24146],[-114.67482,33.22686],[-114.67318,33.22353],[-114.67375,33.21887],[-114.67858,33.20399],[-114.67838,33.20023],[-114.67561,33.18978],[-114.67547,33.18591],[-114.67632,33.18105],[-114.67925,33.17326],[-114.67962,33.16856],[-114.67862,33.16304],[-114.67895,33.16066],[-114.68232,33.15497],[-114.68487,33.1464],[-114.68728,33.14143],[-114.69648,33.13128],[-114.70411,33.11201],[-114.7076,33.0984],[-114.70786,33.09226],[-114.70683,33.08885],[-114.70543,33.08743],[-114.70357,33.08686],[-114.69353,33.08637],[-114.689,33.08421],[-114.68853,33.08323],[-114.68923,33.07774],[-114.68726,33.07153],[-114.67432,33.05736],[-114.67496,33.04724],[-114.67371,33.04249],[-114.66963,33.03713],[-114.66179,33.03274],[-114.65997,33.03259],[-114.65684,33.0349],[-114.64895,33.04658],[-114.64653,33.04868],[-114.64515,33.04903],[-114.63988,33.04591],[-114.6281,33.03128],[-114.62403,33.02886],[-114.61656,33.02698],[-114.6,33.02541],[-114.58956,33.02631],[-114.58475,33.02813],[-114.57816,33.03554],[-114.57367,33.03665],[-114.55082,33.03381],[-114.53709,33.03327],[-114.52559,33.03135],[-114.51919,33.02948],[-114.51346,33.02553],[-114.50832,33.02057],[-114.50173,33.00897],[-114.50019,33.00511],[-114.49716,32.99132],[-114.49531,32.97785],[-114.49285,32.97157],[-114.49088,32.97014],[-114.48883,32.96988],[-114.48163,32.97187],[-114.48026,32.97365],[-114.47858,32.97447],[-114.47475,32.9751],[-114.47002,32.9735],[-114.46819,32.97011],[-114.46721,32.96421],[-114.46825,32.95534],[-114.47272,32.94713],[-114.47982,32.93905],[-114.48109,32.93562],[-114.47754,32.92462],[-114.46522,32.9136],[-114.46312,32.91014],[-114.4628,32.90599],[-114.46369,32.89476],[-114.46715,32.87793],[-114.46627,32.87506],[-114.46917,32.8444],[-114.49423,32.82329],[-114.51136,32.81589],[-114.517,32.80957],[-114.52231,32.8015],[-114.53024,32.7947],[-114.53176,32.79111],[-114.53139,32.78541],[-114.53266,32.77737],[-114.53205,32.7744],[-114.52835,32.766],[-114.52686,32.75716],[-114.53905,32.75702],[-114.53902,32.74987],[-114.56449,32.74969],[-114.56447,32.74243],[-114.58163,32.74246],[-114.58164,32.73516],[-114.61506,32.73452],[-114.61467,32.73297],[-114.61579,32.72853],[-114.61713,32.72827],[-114.63572,32.73143],[-114.65605,32.7338],[-114.66685,32.73423],[-114.68265,32.73728],[-114.68843,32.73746],[-114.69811,32.74435],[-114.70166,32.74549],[-114.70544,32.74158],[-114.70897,32.73536],[-114.71459,32.72991],[-114.71754,32.7214],[-114.71946,32.71874],[-114.96151,32.7026],[-115.37583,32.67367],[-115.85107,32.63827],[-116.37586,32.59709],[-116.87587,32.55574],[-117.12462,32.53423],[-117.12615,32.54617],[-117.12852,32.55312],[-117.13166,32.55887],[-117.13287,32.56475],[-117.13282,32.5933],[-117.13382,32.60342],[-117.13584,32.61372],[-117.14206,32.63231],[-117.14898,32.64562],[-117.15579,32.65641],[-117.16308,32.66572],[-117.16744,32.66992],[-117.17638,32.67726],[-117.1785,32.67863],[-117.17998,32.67858],[-117.1803,32.67958],[-117.1868,32.68375],[-117.19838,32.68751],[-117.19749,32.688],[-117.199,32.68924],[-117.19824,32.68835],[-117.19909,32.68809],[-117.19892,32.68751],[-117.21305,32.68701],[-117.21762,32.68581],[-117.22359,32.68312],[-117.22378,32.68493],[-117.22675,32.68865],[-117.22767,32.69361],[-117.22696,32.69834],[-117.22505,32.70279],[-117.2172,32.71017],[-117.21409,32.71194],[-117.20444,32.71461],[-117.19392,32.71434],[-117.19018,32.71271],[-117.18963,32.71224],[-117.19095,32.70663],[-117.18084,32.70353],[-117.18003,32.70229],[-117.17201,32.7002],[-117.16685,32.69797],[-117.16399,32.6934],[-117.16468,32.68981],[-117.16383,32.68895],[-117.16473,32.68873],[-117.16352,32.6875],[-117.16378,32.68477],[-117.16527,32.68372],[-117.16595,32.68002],[-117.16786,32.67869],[-117.17039,32.67994],[-117.17195,32.68213],[-117.17326,32.68242],[-117.17539,32.68114],[-117.17536,32.67964],[-117.16662,32.67472],[-117.16418,32.67528],[-117.15779,32.6804],[-117.1543,32.67771],[-117.15416,32.67689],[-117.16008,32.67212],[-117.16006,32.66958],[-117.16131,32.66764],[-117.15379,32.65756],[-117.15023,32.65811],[-117.14846,32.65609],[-117.14772,32.65459],[-117.15084,32.65315],[-117.15011,32.65168],[-117.14589,32.65166],[-117.14456,32.65053],[-117.13817,32.63808],[-117.13926,32.63823],[-117.14128,32.6366],[-117.13931,32.63529],[-117.13791,32.63074],[-117.13332,32.63315],[-117.13174,32.63163],[-117.13622,32.63118],[-117.13739,32.63042],[-117.13603,32.62986],[-117.13647,32.62799],[-117.13596,32.62568],[-117.13395,32.62506],[-117.13193,32.62547],[-117.1314,32.62197],[-117.12813,32.61968],[-117.13234,32.61492],[-117.13286,32.61248],[-117.13234,32.60976],[-117.13053,32.60764],[-117.12904,32.60748],[-117.1266,32.60555],[-117.1247,32.60542],[-117.12232,32.604],[-117.12227,32.60222],[-117.11653,32.60253],[-117.11566,32.59951],[-117.10965,32.60269],[-117.10414,32.60689],[-117.10092,32.61262],[-117.09731,32.61315],[-117.09763,32.61355],[-117.09698,32.61371],[-117.09844,32.61494],[-117.09734,32.61804],[-117.09814,32.6182],[-117.09788,32.61999],[-117.09507,32.62099],[-117.09906,32.62051],[-117.09793,32.62165],[-117.09847,32.62232],[-117.09817,32.62477],[-117.1016,32.62506],[-117.10239,32.62607],[-117.10598,32.62529],[-117.10877,32.63004],[-117.10657,32.63235],[-117.10582,32.63233],[-117.10883,32.63616],[-117.11478,32.63848],[-117.11537,32.64065],[-117.11478,32.64266],[-117.1166,32.64255],[-117.1178,32.64383],[-117.11692,32.64663],[-117.11002,32.64923],[-117.11002,32.64981],[-117.11975,32.64788],[-117.12254,32.65692],[-117.11801,32.65734],[-117.11961,32.66914],[-117.12291,32.6688],[-117.12343,32.66961],[-117.121,32.66991],[-117.11574,32.6731],[-117.11549,32.67437],[-117.1189,32.67247],[-117.12848,32.6842],[-117.12904,32.68456],[-117.13032,32.68379],[-117.13341,32.68693],[-117.12819,32.68749],[-117.12765,32.68806],[-117.13468,32.68795],[-117.13878,32.6867],[-117.13945,32.68707],[-117.13688,32.68859],[-117.1385,32.68879],[-117.13857,32.69],[-117.14303,32.69023],[-117.14313,32.6913],[-117.14437,32.69174],[-117.14418,32.69247],[-117.14878,32.69422],[-117.15204,32.69705],[-117.15492,32.69618],[-117.16136,32.70069],[-117.15793,32.70182],[-117.15852,32.70238],[-117.16735,32.70838],[-117.17147,32.70852],[-117.17341,32.71234],[-117.17578,32.71119],[-117.17588,32.71278],[-117.17463,32.71317],[-117.17347,32.71265],[-117.17348,32.71385],[-117.17669,32.71401],[-117.17671,32.71481],[-117.17352,32.71478],[-117.17352,32.71543],[-117.17673,32.71547],[-117.1735,32.7159],[-117.17352,32.71676],[-117.17671,32.7168],[-117.17673,32.71792],[-117.1735,32.71795],[-117.17359,32.72419],[-117.17551,32.72671],[-117.17928,32.72727],[-117.18079,32.72547],[-117.18501,32.72693],[-117.18447,32.72802],[-117.18605,32.72841],[-117.18829,32.72685],[-117.19555,32.7271],[-117.19447,32.72571],[-117.188,32.72484],[-117.18815,32.72392],[-117.20204,32.72496],[-117.2138,32.72395],[-117.21392,32.72465],[-117.21211,32.72515],[-117.19916,32.72594],[-117.19861,32.72655],[-117.19867,32.72787],[-117.20027,32.72865],[-117.21395,32.72811],[-117.21263,32.73161],[-117.20673,32.73753],[-117.20727,32.73989],[-117.2089,32.74094],[-117.20998,32.73881],[-117.20869,32.73747],[-117.21444,32.73182],[-117.21748,32.72199],[-117.21913,32.72213],[-117.22414,32.72475],[-117.2264,32.72476],[-117.2276,32.72378],[-117.22781,32.72134],[-117.22703,32.72072],[-117.22269,32.7183],[-117.2209,32.71978],[-117.2202,32.71948],[-117.22041,32.71797],[-117.22267,32.71554],[-117.22704,32.71295],[-117.23194,32.70853],[-117.23473,32.70799],[-117.23467,32.70903],[-117.23196,32.70999],[-117.22414,32.71673],[-117.22493,32.71854],[-117.22744,32.71999],[-117.22935,32.71792],[-117.23128,32.71889],[-117.2342,32.7176],[-117.23545,32.71621],[-117.23611,32.71445],[-117.23567,32.71407],[-117.23326,32.71504],[-117.23685,32.71149],[-117.23699,32.70541],[-117.23638,32.70386],[-117.23942,32.69927],[-117.23965,32.69102],[-117.23947,32.68945],[-117.23769,32.68693],[-117.23526,32.68541],[-117.23373,32.68648],[-117.233,32.68626],[-117.23739,32.68299],[-117.23847,32.68117],[-117.23623,32.67155],[-117.23741,32.66979],[-117.2373,32.6679],[-117.23909,32.66587],[-117.24263,32.66483],[-117.24468,32.66635],[-117.24558,32.66949],[-117.24541,32.67405],[-117.24635,32.67427],[-117.24697,32.67701],[-117.24814,32.67857],[-117.24866,32.68256],[-117.24993,32.68328],[-117.25029,32.68926],[-117.25342,32.69202],[-117.25302,32.69387],[-117.25418,32.69458],[-117.25423,32.69723],[-117.2556,32.69948],[-117.25538,32.70898],[-117.25661,32.71474],[-117.25574,32.71621],[-117.25734,32.71955],[-117.2572,32.7228],[-117.25842,32.72538],[-117.25692,32.72597],[-117.25578,32.72745],[-117.2563,32.72961],[-117.25731,32.73044],[-117.25663,32.7324],[-117.25732,32.7333],[-117.25644,32.73367],[-117.25526,32.7377],[-117.25548,32.74518],[-117.25486,32.74671],[-117.25354,32.74724],[-117.25293,32.7499],[-117.25267,32.75319],[-117.25385,32.75662],[-117.24908,32.75614],[-117.25196,32.75622],[-117.25196,32.75486],[-117.25057,32.75592],[-117.25126,32.7551],[-117.25083,32.75476],[-117.24817,32.75611],[-117.24885,32.7551],[-117.24744,32.75487],[-117.21203,32.75933],[-117.21315,32.76003],[-117.21248,32.76069],[-117.21411,32.76072],[-117.21348,32.76122],[-117.24536,32.75765],[-117.24248,32.75893],[-117.24149,32.76194],[-117.24048,32.75931],[-117.23423,32.76008],[-117.23449,32.76194],[-117.23817,32.76457],[-117.2414,32.76433],[-117.2417,32.76323],[-117.24223,32.76431],[-117.24057,32.76714],[-117.23729,32.76782],[-117.23654,32.76641],[-117.23515,32.76637],[-117.23454,32.76754],[-117.23552,32.76877],[-117.23416,32.76952],[-117.23272,32.76905],[-117.23182,32.76658],[-117.22892,32.76671],[-117.22857,32.76763],[-117.22748,32.76775],[-117.22067,32.76584],[-117.21479,32.76507],[-117.21083,32.76664],[-117.20975,32.76883],[-117.21107,32.7689],[-117.21336,32.76704],[-117.21675,32.76727],[-117.21782,32.76813],[-117.21902,32.77134],[-117.22152,32.77293],[-117.22279,32.77238],[-117.22006,32.76948],[-117.22111,32.76798],[-117.22515,32.76993],[-117.22887,32.76994],[-117.22963,32.77059],[-117.22515,32.77444],[-117.22355,32.77866],[-117.21776,32.78841],[-117.21512,32.78975],[-117.21329,32.78916],[-117.21237,32.78765],[-117.21288,32.78606],[-117.2163,32.78447],[-117.21696,32.78311],[-117.21645,32.78149],[-117.21425,32.77906],[-117.21397,32.77689],[-117.21552,32.77664],[-117.2188,32.77854],[-117.21944,32.77751],[-117.21572,32.77368],[-117.21147,32.77214],[-117.21105,32.76926],[-117.20958,32.76917],[-117.208,32.7701],[-117.20793,32.77095],[-117.20967,32.7711],[-117.21107,32.77699],[-117.21065,32.77732],[-117.21203,32.77835],[-117.21244,32.78037],[-117.21177,32.78373],[-117.211,32.78379],[-117.211,32.78198],[-117.21006,32.78206],[-117.20918,32.78418],[-117.20986,32.78627],[-117.20812,32.78689],[-117.21079,32.78932],[-117.20935,32.79295],[-117.21034,32.79687],[-117.21602,32.79652],[-117.21658,32.79583],[-117.21612,32.79482],[-117.21204,32.79481],[-117.21159,32.79378],[-117.21598,32.79245],[-117.21843,32.79271],[-117.21958,32.79396],[-117.22067,32.79889],[-117.22312,32.80407],[-117.22074,32.7951],[-117.22347,32.79443],[-117.22375,32.79306],[-117.22451,32.79509],[-117.22746,32.7942],[-117.22871,32.79564],[-117.23027,32.7956],[-117.2301,32.79363],[-117.23114,32.7927],[-117.2309,32.7919],[-117.23151,32.79193],[-117.2301,32.79043],[-117.23185,32.78854],[-117.23163,32.78594],[-117.23277,32.78243],[-117.23491,32.77973],[-117.23758,32.77978],[-117.23873,32.78067],[-117.2401,32.78342],[-117.24088,32.7881],[-117.24241,32.79041],[-117.24484,32.79144],[-117.24967,32.79134],[-117.25255,32.78898],[-117.25257,32.78727],[-117.25095,32.78312],[-117.25003,32.78331],[-117.24984,32.78517],[-117.24838,32.78504],[-117.24838,32.78187],[-117.24895,32.78145],[-117.24982,32.78257],[-117.25083,32.7824],[-117.25137,32.77876],[-117.24902,32.77891],[-117.24835,32.78005],[-117.24705,32.77791],[-117.25125,32.77813],[-117.25107,32.77635],[-117.24908,32.7724],[-117.24671,32.77283],[-117.2473,32.77526],[-117.24614,32.77584],[-117.24487,32.77371],[-117.24592,32.77147],[-117.24461,32.77057],[-117.24324,32.77092],[-117.24284,32.76969],[-117.24626,32.76362],[-117.24698,32.7641],[-117.24599,32.76846],[-117.24793,32.7701],[-117.24934,32.76946],[-117.2488,32.7679],[-117.2497,32.76363],[-117.24796,32.76072],[-117.24701,32.76071],[-117.24637,32.76194],[-117.24539,32.76185],[-117.24583,32.76028],[-117.25416,32.75893],[-117.25319,32.76833],[-117.25383,32.78105],[-117.25555,32.79057],[-117.2589,32.80032],[-117.26375,32.80677],[-117.26554,32.80788],[-117.26791,32.80779],[-117.27161,32.8132],[-117.27347,32.81405],[-117.27409,32.81562],[-117.2731,32.81668],[-117.27392,32.81798],[-117.27472,32.81855],[-117.27573,32.81806],[-117.28107,32.82193],[-117.27993,32.8261],[-117.28232,32.83244],[-117.2816,32.83501],[-117.28227,32.83999],[-117.28097,32.84351],[-117.27922,32.84439],[-117.27875,32.84772],[-117.27736,32.8477],[-117.27387,32.85137],[-117.27043,32.84951],[-117.27043,32.8503],[-117.26757,32.84859],[-117.26656,32.84906],[-117.26534,32.84862],[-117.26069,32.85264],[-117.25616,32.85977],[-117.2534,32.8712],[-117.25222,32.8725],[-117.25125,32.87633],[-117.25317,32.88513],[-117.25451,32.90275],[-117.25684,32.91072],[-117.25871,32.91396],[-117.26055,32.93405],[-117.26189,32.93668],[-117.26328,32.94339],[-117.26824,32.95785],[-117.26979,32.97122],[-117.27328,32.98226],[-117.27359,32.98667],[-117.27564,32.99513],[-117.2784,33.00061],[-117.27996,33.01163],[-117.29116,33.03275],[-117.29234,33.03416],[-117.29456,33.03515],[-117.29604,33.03705],[-117.29861,33.04795],[-117.31008,33.07552],[-117.3131,33.08665],[-117.31276,33.08732],[-117.31956,33.10148],[-117.32564,33.11657],[-117.33007,33.12437],[-117.3364,33.13055],[-117.34142,33.14155],[-117.3442,33.14498],[-117.34357,33.14538],[-117.34465,33.14543],[-117.34623,33.14699],[-117.36203,33.16825],[-117.38993,33.20025],[-117.39719,33.20745],[-117.39941,33.2068],[-117.39656,33.20774],[-117.39503,33.20727],[-117.39147,33.20404],[-117.38929,33.20528],[-117.38963,33.20645],[-117.39243,33.20632],[-117.39443,33.20805],[-117.39496,33.21074],[-117.39446,33.21271],[-117.39533,33.2132],[-117.39654,33.21194],[-117.39609,33.21127],[-117.39686,33.21157],[-117.39797,33.21041],[-117.39595,33.20869],[-117.39793,33.20913],[-117.39969,33.21165],[-117.40375,33.21176],[-117.40391,33.21273],[-117.40253,33.21309],[-117.40123,33.21474],[-117.39956,33.21401],[-117.397,33.21553],[-117.40017,33.21929],[-117.40302,33.21825],[-117.40156,33.21595],[-117.40345,33.21507],[-117.40345,33.21593],[-117.40559,33.21347],[-117.40573,33.20928],[-117.40286,33.20624],[-117.4059,33.20926],[-117.40582,33.21382],[-117.40472,33.21514],[-117.40734,33.21975],[-117.44548,33.26766],[-117.47695,33.30412],[-117.49191,33.31964],[-117.50993,33.33677],[-117.54566,33.36303],[-117.55033,33.36572],[-117.55568,33.36765],[-117.55877,33.36974],[-117.5641,33.37161],[-117.56905,33.37503],[-117.57198,33.37815],[-117.57544,33.38009],[-117.58926,33.38249],[-117.5956,33.38607],[-117.60219,33.39915],[-117.61279,33.41152],[-117.61768,33.41571],[-117.6223,33.42144],[-117.6272,33.42537],[-117.63317,33.43164],[-117.64289,33.43903],[-117.64694,33.4412],[-117.65201,33.44555],[-117.65881,33.44972],[-117.66485,33.45219],[-117.67633,33.4595],[-117.68145,33.46153],[-117.68911,33.46208],[-117.6898,33.45776],[-117.69209,33.45664],[-117.68992,33.45775],[-117.68982,33.45909],[-117.69095,33.45937],[-117.69069,33.46095],[-117.69185,33.46124],[-117.69251,33.45882],[-117.69308,33.459],[-117.69274,33.45997],[-117.69864,33.46144],[-117.69944,33.46045],[-117.69909,33.46145],[-117.70341,33.46256],[-117.70373,33.46168],[-117.70404,33.46287],[-117.70555,33.46311],[-117.70696,33.4603],[-117.70446,33.45804],[-117.6947,33.45557],[-117.69149,33.45404],[-117.69468,33.45547],[-117.70451,33.45794],[-117.70814,33.46067],[-117.7147,33.45998],[-117.71572,33.4612],[-117.71569,33.46269],[-117.7148,33.4632],[-117.71506,33.46443],[-117.72017,33.47265],[-117.72151,33.47348],[-117.72586,33.48282],[-117.72671,33.48357],[-117.73262,33.48498],[-117.73364,33.48413],[-117.73432,33.48453],[-117.73354,33.48684],[-117.73541,33.48881],[-117.73783,33.48849],[-117.73699,33.48929],[-117.73821,33.48953],[-117.73889,33.49062],[-117.7384,33.49206],[-117.73902,33.49231],[-117.73904,33.4949],[-117.74168,33.498],[-117.74342,33.49868],[-117.74538,33.50072],[-117.74647,33.50047],[-117.74599,33.50118],[-117.74666,33.50236],[-117.74748,33.50239],[-117.74731,33.50347],[-117.7509,33.50683],[-117.75531,33.51269],[-117.75876,33.51435],[-117.76057,33.5137],[-117.76142,33.51689],[-117.76305,33.51939],[-117.76448,33.52023],[-117.76597,33.52334],[-117.76798,33.52491],[-117.76922,33.52485],[-117.7712,33.52701],[-117.77208,33.5269],[-117.77314,33.52889],[-117.77717,33.53217],[-117.78427,33.54125],[-117.7901,33.54316],[-117.7925,33.54285],[-117.79554,33.54528],[-117.79854,33.54552],[-117.8,33.54476],[-117.8017,33.54654],[-117.80425,33.54618],[-117.80571,33.54701],[-117.80592,33.54829],[-117.80712,33.54845],[-117.80765,33.5503],[-117.81045,33.5521],[-117.81271,33.55221],[-117.81406,33.55055],[-117.81484,33.55062],[-117.81456,33.5525],[-117.81588,33.55367],[-117.81998,33.55374],[-117.82015,33.55617],[-117.81955,33.55733],[-117.82043,33.55872],[-117.8266,33.56323],[-117.83337,33.56597],[-117.83446,33.5682],[-117.84104,33.57421],[-117.84783,33.57791],[-117.85373,33.57981],[-117.85922,33.58331],[-117.86417,33.58485],[-117.86427,33.58594],[-117.86854,33.58975],[-117.87042,33.5904],[-117.8722,33.59261],[-117.87608,33.59307],[-117.8776,33.5925],[-117.87882,33.59448],[-117.87826,33.59487],[-117.87868,33.59656],[-117.88021,33.59855],[-117.87937,33.5991],[-117.87946,33.60008],[-117.88394,33.60288],[-117.88443,33.60633],[-117.88684,33.60886],[-117.88856,33.60979],[-117.89401,33.60987],[-117.89413,33.61138],[-117.89719,33.61198],[-117.89901,33.61333],[-117.89927,33.61178],[-117.89448,33.61125],[-117.89446,33.60989],[-117.89557,33.61069],[-117.89693,33.60988],[-117.90056,33.61008],[-117.90116,33.61085],[-117.90021,33.61388],[-117.90109,33.61573],[-117.90429,33.61572],[-117.90427,33.61663],[-117.90113,33.61872],[-117.89752,33.61968],[-117.90154,33.62],[-117.90306,33.61837],[-117.90229,33.61983],[-117.90087,33.62056],[-117.89712,33.62029],[-117.89724,33.61901],[-117.89418,33.61921],[-117.89516,33.61596],[-117.89295,33.61534],[-117.89189,33.61805],[-117.89278,33.61955],[-117.89132,33.61927],[-117.89087,33.62035],[-117.89208,33.61989],[-117.89326,33.6205],[-117.89227,33.62183],[-117.89155,33.62511],[-117.88962,33.62632],[-117.88557,33.62713],[-117.88578,33.62533],[-117.88713,33.62386],[-117.88816,33.62407],[-117.8879,33.62493],[-117.88906,33.62413],[-117.89088,33.62177],[-117.89062,33.62087],[-117.88892,33.62332],[-117.88661,33.62386],[-117.88444,33.62633],[-117.88512,33.62727],[-117.88408,33.62778],[-117.88427,33.62842],[-117.88616,33.62985],[-117.88578,33.63323],[-117.88476,33.63353],[-117.88786,33.63752],[-117.88698,33.64076],[-117.88663,33.63991],[-117.88637,33.64091],[-117.8825,33.64376],[-117.88245,33.6458],[-117.8841,33.64664],[-117.88849,33.65118],[-117.88901,33.65001],[-117.88932,33.65064],[-117.89019,33.65033],[-117.89059,33.64729],[-117.89224,33.64423],[-117.89035,33.64307],[-117.89069,33.64138],[-117.88964,33.63837],[-117.89172,33.63502],[-117.88995,33.63302],[-117.89158,33.63112],[-117.89012,33.62868],[-117.89035,33.62682],[-117.89187,33.62665],[-117.8929,33.62554],[-117.8934,33.62286],[-117.89597,33.62428],[-117.89382,33.62231],[-117.89404,33.62186],[-117.89637,33.6231],[-117.89686,33.62221],[-117.89549,33.62216],[-117.89557,33.62151],[-117.90196,33.62152],[-117.9041,33.6204],[-117.90799,33.61234],[-117.92703,33.62076],[-117.9309,33.62008],[-117.93196,33.62081],[-117.93328,33.62032],[-117.93337,33.62085],[-117.93684,33.62152],[-117.93471,33.61858],[-117.9338,33.61786],[-117.93299,33.61819],[-117.93102,33.61615],[-117.93271,33.61852],[-117.93054,33.61981],[-117.92866,33.61959],[-117.92693,33.61676],[-117.92603,33.61639],[-117.92368,33.61156],[-117.92493,33.61024],[-117.92757,33.61237],[-117.92627,33.61438],[-117.92682,33.61513],[-117.92849,33.61188],[-117.92606,33.60939],[-117.90894,33.60532],[-117.90639,33.60648],[-117.90403,33.60598],[-117.89677,33.6014],[-117.89243,33.59991],[-117.88467,33.59994],[-117.8825,33.59837],[-117.88102,33.5933],[-117.90564,33.60152],[-117.92837,33.60617],[-117.93438,33.61399],[-117.93984,33.61966],[-117.95736,33.62879],[-117.95396,33.6435],[-117.957,33.63215],[-117.95757,33.63241],[-117.95932,33.6295],[-117.96452,33.63313],[-118.00167,33.65476],[-118.03094,33.67801],[-118.06214,33.70896],[-118.07508,33.7184],[-118.08629,33.72822],[-118.08943,33.73034],[-118.0907,33.72994],[-118.09025,33.73161],[-118.09396,33.73397],[-118.08839,33.73132],[-118.08631,33.73153],[-118.08495,33.73079],[-118.08454,33.73151],[-118.08233,33.72793],[-118.07665,33.72539],[-118.07702,33.72505],[-118.07594,33.72421],[-118.07449,33.72514],[-118.07172,33.72397],[-118.07334,33.72285],[-118.07231,33.72141],[-118.07254,33.7202],[-118.06893,33.71687],[-118.06782,33.71712],[-118.06777,33.71605],[-118.06702,33.71817],[-118.06483,33.71605],[-118.06429,33.71637],[-118.06502,33.71833],[-118.06589,33.71804],[-118.06653,33.71877],[-118.06473,33.72071],[-118.0628,33.71604],[-118.06409,33.71504],[-118.06237,33.7147],[-118.06325,33.7136],[-118.06183,33.71388],[-118.06056,33.71185],[-118.0602,33.71084],[-118.06086,33.7098],[-118.05955,33.70907],[-118.0583,33.7069],[-118.05327,33.70302],[-118.05287,33.70358],[-118.05742,33.70692],[-118.05761,33.70755],[-118.05678,33.70745],[-118.05542,33.70607],[-118.05775,33.70907],[-118.05902,33.70934],[-118.0604,33.71222],[-118.05964,33.71299],[-118.05342,33.71231],[-118.0537,33.71341],[-118.05733,33.71399],[-118.05777,33.71643],[-118.05851,33.71644],[-118.05853,33.71708],[-118.05747,33.71751],[-118.05846,33.71752],[-118.05849,33.71816],[-118.05745,33.71816],[-118.05853,33.71852],[-118.05851,33.71924],[-118.05747,33.71966],[-118.05855,33.71968],[-118.05851,33.72024],[-118.05742,33.72068],[-118.05853,33.72075],[-118.05848,33.72129],[-118.0558,33.72171],[-118.05587,33.72322],[-118.05688,33.7232],[-118.05691,33.72508],[-118.05622,33.72578],[-118.05884,33.72763],[-118.05872,33.72911],[-118.05917,33.72811],[-118.06032,33.72901],[-118.06136,33.72871],[-118.06025,33.7283],[-118.06066,33.72694],[-118.06898,33.72796],[-118.07188,33.72549],[-118.07396,33.72645],[-118.07226,33.72767],[-118.07266,33.72807],[-118.0741,33.72821],[-118.07565,33.72699],[-118.07728,33.72712],[-118.07846,33.72764],[-118.07699,33.72848],[-118.07712,33.72913],[-118.07928,33.72821],[-118.08072,33.72943],[-118.07792,33.73218],[-118.0782,33.73424],[-118.07792,33.73255],[-118.07627,33.73166],[-118.07702,33.73034],[-118.07657,33.7301],[-118.07332,33.73113],[-118.07469,33.73099],[-118.07551,33.73169],[-118.0756,33.73323],[-118.07362,33.73406],[-118.07244,33.73335],[-118.07117,33.73386],[-118.07132,33.73518],[-118.07226,33.73361],[-118.07323,33.73456],[-118.07499,33.73374],[-118.07325,33.73632],[-118.07369,33.73795],[-118.07521,33.73754],[-118.07483,33.73682],[-118.07626,33.73658],[-118.07915,33.73454],[-118.07909,33.73152],[-118.08018,33.73413],[-118.07975,33.7366],[-118.07789,33.73778],[-118.07744,33.74103],[-118.07534,33.74099],[-118.07448,33.73988],[-118.07367,33.74152],[-118.07089,33.74113],[-118.07115,33.74171],[-118.0737,33.74181],[-118.07466,33.74027],[-118.07478,33.74115],[-118.07601,33.74185],[-118.07499,33.74372],[-118.07547,33.74451],[-118.07565,33.7427],[-118.07657,33.74192],[-118.07764,33.74156],[-118.07777,33.74336],[-118.07917,33.74192],[-118.07983,33.74209],[-118.07954,33.74141],[-118.07799,33.74255],[-118.07791,33.74166],[-118.07858,33.738],[-118.08006,33.73748],[-118.08113,33.73591],[-118.08067,33.73438],[-118.08145,33.73259],[-118.08009,33.7312],[-118.08212,33.73186],[-118.08263,33.7327],[-118.08386,33.7324],[-118.08459,33.73338],[-118.08178,33.73478],[-118.08355,33.73416],[-118.08433,33.73486],[-118.08289,33.7358],[-118.08282,33.73692],[-118.0836,33.73547],[-118.08449,33.73534],[-118.0861,33.73735],[-118.08388,33.74058],[-118.08136,33.74054],[-118.08068,33.74144],[-118.08027,33.74404],[-118.08166,33.74464],[-118.08047,33.7431],[-118.08131,33.74076],[-118.08405,33.74077],[-118.08417,33.74233],[-118.08324,33.74415],[-118.08407,33.7447],[-118.08351,33.74382],[-118.08436,33.74239],[-118.08419,33.7406],[-118.08641,33.73746],[-118.08608,33.73595],[-118.08502,33.73568],[-118.08466,33.73476],[-118.08501,33.73218],[-118.08751,33.73278],[-118.08874,33.7356],[-118.08933,33.73589],[-118.08994,33.73477],[-118.09648,33.73834],[-118.09907,33.73569],[-118.09641,33.73423],[-118.09561,33.735],[-118.09647,33.73394],[-118.10023,33.73481],[-118.10207,33.73646],[-118.107,33.73845],[-118.10669,33.7389],[-118.10759,33.73941],[-118.11492,33.74224],[-118.11256,33.7472],[-118.10871,33.75002],[-118.11022,33.75002],[-118.11336,33.74767],[-118.11636,33.74272],[-118.11476,33.74554],[-118.11534,33.74974],[-118.11499,33.74826],[-118.11426,33.74793],[-118.11211,33.74978],[-118.11339,33.7509],[-118.11417,33.75039],[-118.11325,33.7514],[-118.11192,33.75013],[-118.10853,33.7522],[-118.11322,33.75652],[-118.1143,33.75571],[-118.11529,33.75636],[-118.11989,33.76089],[-118.11803,33.76179],[-118.11841,33.76133],[-118.11756,33.76149],[-118.11754,33.76072],[-118.11499,33.75904],[-118.11546,33.75875],[-118.11431,33.75845],[-118.11487,33.75777],[-118.11386,33.75848],[-118.11735,33.76206],[-118.11287,33.76456],[-118.1111,33.76363],[-118.10768,33.76433],[-118.10664,33.76334],[-118.10489,33.76336],[-118.1048,33.76498],[-118.10553,33.76484],[-118.1049,33.76381],[-118.10586,33.76367],[-118.10739,33.76478],[-118.11004,33.76512],[-118.11089,33.76418],[-118.112,33.76487],[-118.10419,33.76729],[-118.11237,33.76542],[-118.11353,33.76613],[-118.11539,33.7638],[-118.12072,33.76164],[-118.12773,33.76788],[-118.13003,33.76783],[-118.12249,33.76036],[-118.12848,33.76003],[-118.13174,33.75548],[-118.13131,33.75425],[-118.12914,33.75222],[-118.1216,33.74951],[-118.11848,33.74679],[-118.11673,33.74621],[-118.11732,33.74444],[-118.13421,33.75323],[-118.15088,33.75916],[-118.17944,33.76396],[-118.18338,33.76378],[-118.1835,33.76306],[-118.18716,33.76091],[-118.19112,33.75972],[-118.19235,33.75988],[-118.19038,33.761],[-118.19051,33.76172],[-118.19314,33.7618],[-118.19604,33.76295],[-118.19633,33.76108],[-118.1922,33.76134],[-118.19333,33.75979],[-118.19558,33.75984],[-118.1994,33.76143],[-118.19897,33.76326],[-118.20067,33.76323],[-118.20024,33.76161],[-118.20227,33.76275],[-118.20215,33.76373],[-118.20267,33.76306],[-118.20338,33.7633],[-118.20454,33.76493],[-118.20463,33.76718],[-118.20617,33.76705],[-118.20612,33.76409],[-118.20314,33.76016],[-118.19781,33.75724],[-118.19711,33.75535],[-118.19479,33.75517],[-118.19416,33.75418],[-118.18758,33.75173],[-118.19006,33.74955],[-118.18605,33.73853],[-118.20284,33.73861],[-118.20466,33.73883],[-118.20235,33.74052],[-118.19531,33.74056],[-118.19239,33.7431],[-118.19237,33.74496],[-118.19723,33.74478],[-118.19727,33.75124],[-118.19885,33.75122],[-118.19902,33.74396],[-118.20623,33.74462],[-118.20687,33.75078],[-118.21293,33.74764],[-118.21301,33.74693],[-118.2068,33.74251],[-118.20659,33.74028],[-118.21553,33.7464],[-118.21518,33.751],[-118.20758,33.75498],[-118.20756,33.76293],[-118.20883,33.76294],[-118.20887,33.75951],[-118.20965,33.75805],[-118.21048,33.75804],[-118.21053,33.76278],[-118.21182,33.76278],[-118.21192,33.75636],[-118.21374,33.75636],[-118.21387,33.76279],[-118.21496,33.76281],[-118.21508,33.7574],[-118.21626,33.7574],[-118.22046,33.76504],[-118.22001,33.76715],[-118.21671,33.76751],[-118.218,33.76833],[-118.21392,33.76992],[-118.21159,33.76938],[-118.211,33.76966],[-118.21305,33.77031],[-118.21157,33.77092],[-118.20894,33.77071],[-118.21045,33.77138],[-118.20807,33.77231],[-118.20869,33.77313],[-118.21887,33.76921],[-118.22052,33.76917],[-118.22086,33.76982],[-118.22081,33.7709],[-118.21793,33.77285],[-118.20944,33.77614],[-118.20992,33.77708],[-118.21694,33.77418],[-118.21687,33.77547],[-118.21743,33.77557],[-118.21782,33.7741],[-118.2252,33.77066],[-118.23571,33.76828],[-118.23836,33.76902],[-118.23826,33.76728],[-118.24142,33.76697],[-118.25,33.76432],[-118.25043,33.76514],[-118.24968,33.7659],[-118.2504,33.76696],[-118.25121,33.76686],[-118.25074,33.76788],[-118.24751,33.76571],[-118.24935,33.76869],[-118.24998,33.76838],[-118.24918,33.77157],[-118.24145,33.77657],[-118.24158,33.77738],[-118.24293,33.77727],[-118.24918,33.77367],[-118.25059,33.7706],[-118.25529,33.76552],[-118.25621,33.76566],[-118.25576,33.76515],[-118.25941,33.76114],[-118.25996,33.76632],[-118.26376,33.76571],[-118.26135,33.76327],[-118.26105,33.7593],[-118.26725,33.75307],[-118.26812,33.75863],[-118.2655,33.76278],[-118.26595,33.76308],[-118.27,33.75869],[-118.26961,33.75395],[-118.27205,33.75442],[-118.27434,33.75738],[-118.27064,33.76709],[-118.27647,33.76642],[-118.27862,33.76915],[-118.28003,33.76826],[-118.27625,33.76191],[-118.27718,33.76144],[-118.2767,33.75854],[-118.27982,33.75647],[-118.28779,33.75487],[-118.28972,33.75511],[-118.28798,33.75415],[-118.2881,33.75258],[-118.2831,33.75429],[-118.28177,33.75432],[-118.28033,33.75336],[-118.27913,33.75501],[-118.2798,33.75371],[-118.278,33.75373],[-118.27746,33.75441],[-118.27355,33.75288],[-118.27444,33.74858],[-118.27781,33.74949],[-118.27836,33.74863],[-118.27501,33.74675],[-118.27871,33.74016],[-118.27814,33.73536],[-118.27428,33.72915],[-118.27869,33.73133],[-118.27387,33.72783],[-118.27116,33.72034],[-118.27305,33.71989],[-118.27546,33.72627],[-118.27654,33.726],[-118.273,33.71621],[-118.27288,33.71527],[-118.27399,33.71378],[-118.27651,33.71525],[-118.27566,33.71995],[-118.2771,33.72357],[-118.27843,33.72024],[-118.28015,33.72501],[-118.2821,33.72447],[-118.28003,33.7179],[-118.28345,33.71696],[-118.28449,33.71394],[-118.28352,33.71309],[-118.28314,33.71012],[-118.27732,33.70805],[-118.27797,33.70721],[-118.27956,33.7085],[-118.28425,33.70895],[-118.28623,33.70669],[-118.28847,33.70552],[-118.29413,33.7046],[-118.29583,33.70833],[-118.29845,33.7099],[-118.30109,33.70998],[-118.30769,33.71208],[-118.3134,33.71471],[-118.31739,33.71368],[-118.31784,33.71499],[-118.31937,33.7154],[-118.32029,33.71718],[-118.32222,33.71736],[-118.32333,33.7187],[-118.33022,33.72021],[-118.3372,33.72364],[-118.34,33.72408],[-118.34279,33.72616],[-118.35133,33.72721],[-118.35444,33.73084],[-118.35498,33.73288],[-118.36052,33.73727],[-118.36722,33.73826],[-118.36955,33.73639],[-118.36995,33.73812],[-118.37253,33.73857],[-118.37389,33.73693],[-118.37528,33.73747],[-118.37502,33.73882],[-118.37609,33.74017],[-118.38189,33.74226],[-118.38528,33.74189],[-118.38918,33.73954],[-118.39208,33.73955],[-118.39305,33.73816],[-118.39465,33.73822],[-118.39814,33.7361],[-118.40043,33.73721],[-118.40144,33.73876],[-118.40288,33.73885],[-118.40264,33.73993],[-118.4037,33.74093],[-118.4058,33.74143],[-118.41141,33.741],[-118.41101,33.74315],[-118.4137,33.74663],[-118.41318,33.74945],[-118.41479,33.75161],[-118.41361,33.75331],[-118.41594,33.75488],[-118.41585,33.75607],[-118.41729,33.75776],[-118.41753,33.75953],[-118.41864,33.76022],[-118.41781,33.7622],[-118.42248,33.76343],[-118.4218,33.76556],[-118.42444,33.76686],[-118.42179,33.76864],[-118.4224,33.77128],[-118.42384,33.77241],[-118.42686,33.77234],[-118.42845,33.77405],[-118.42458,33.77758],[-118.42396,33.78065],[-118.42231,33.78325],[-118.41868,33.78646],[-118.40733,33.79128],[-118.40691,33.7927],[-118.40788,33.79456],[-118.40762,33.79616],[-118.40885,33.79668],[-118.40542,33.79985],[-118.40151,33.80173],[-118.39488,33.80348],[-118.39344,33.80537],[-118.39055,33.81934],[-118.39061,33.83653],[-118.39224,33.84129],[-118.39089,33.84071],[-118.39184,33.84253],[-118.3926,33.84184],[-118.39389,33.84358],[-118.39654,33.84383],[-118.39814,33.84595],[-118.39736,33.84673],[-118.39654,33.84463],[-118.3947,33.84508],[-118.39594,33.84847],[-118.39891,33.84821],[-118.39882,33.84703],[-118.39972,33.84815],[-118.39684,33.84918],[-118.39759,33.85096],[-118.4004,33.85],[-118.4004,33.84892],[-118.40146,33.84894],[-118.40177,33.84819],[-118.39953,33.84359],[-118.39526,33.84089],[-118.39976,33.84354],[-118.40203,33.84839],[-118.40113,33.84985],[-118.39951,33.85049],[-118.39943,33.85341],[-118.40403,33.86629],[-118.41264,33.88416],[-118.43354,33.92315],[-118.44157,33.93951],[-118.44217,33.94043],[-118.44297,33.94034],[-118.45374,33.95876],[-118.4565,33.96113],[-118.45769,33.96075],[-118.45334,33.96277],[-118.45375,33.96341],[-118.46039,33.96057],[-118.44693,33.96745],[-118.44643,33.97449],[-118.4412,33.97703],[-118.44193,33.97807],[-118.44643,33.97593],[-118.44644,33.97736],[-118.44127,33.97988],[-118.44221,33.98124],[-118.44639,33.97923],[-118.44643,33.98038],[-118.4428,33.98211],[-118.44309,33.98253],[-118.44433,33.98279],[-118.44641,33.98179],[-118.44644,33.98317],[-118.44974,33.98378],[-118.45615,33.98354],[-118.45662,33.98296],[-118.45518,33.98215],[-118.44978,33.98217],[-118.44974,33.9812],[-118.45556,33.98119],[-118.45728,33.98193],[-118.4583,33.98095],[-118.45761,33.97952],[-118.44976,33.97954],[-118.44974,33.97855],[-118.45768,33.97854],[-118.45764,33.97693],[-118.44978,33.9769],[-118.44974,33.97596],[-118.45769,33.97589],[-118.45653,33.97433],[-118.44974,33.97431],[-118.44974,33.97337],[-118.45617,33.97325],[-118.45499,33.97163],[-118.44978,33.97165],[-118.44978,33.97044],[-118.45242,33.96725],[-118.45978,33.96374],[-118.45988,33.96702],[-118.46236,33.97134],[-118.47372,33.98437],[-118.47651,33.9855],[-118.47658,33.98718],[-118.47872,33.99007],[-118.49188,34.00502],[-118.49705,34.0086],[-118.49815,34.00777],[-118.49851,34.00841],[-118.50011,34.00762],[-118.49796,34.00908],[-118.50039,34.01049],[-118.50376,34.01506],[-118.52028,34.02749],[-118.52622,34.03076],[-118.54542,34.03871],[-118.55025,34.03912],[-118.55558,34.03778],[-118.56334,34.04056],[-118.57009,34.04158],[-118.57614,34.03949],[-118.58036,34.03919],[-118.58378,34.03747],[-118.58812,34.03877],[-118.5948,34.03954],[-118.60447,34.03881],[-118.60987,34.03639],[-118.62331,34.03786],[-118.6265,34.03697],[-118.63254,34.03704],[-118.63619,34.03622],[-118.64555,34.03817],[-118.64926,34.03746],[-118.66003,34.03886],[-118.67018,34.0388],[-118.67343,34.03822],[-118.67775,34.03621],[-118.67946,34.03236],[-118.68275,34.0307],[-118.6939,34.03254],[-118.70661,34.02954],[-118.71508,34.03143],[-118.71911,34.0311],[-118.73553,34.03307],[-118.74215,34.03256],[-118.7506,34.03027],[-118.75432,34.02815],[-118.75614,34.02575],[-118.76612,34.02506],[-118.78475,34.02118],[-118.79029,34.01613],[-118.79232,34.01202],[-118.79385,34.01055],[-118.79368,34.00829],[-118.79427,34.00737],[-118.80245,34.00544],[-118.80468,34.00312],[-118.80517,34.00042],[-118.80661,34.00006],[-118.8092,34.0019],[-118.81696,34.01045],[-118.82824,34.01929],[-118.84356,34.02958],[-118.8541,34.03421],[-118.85896,34.03531],[-118.86123,34.03508],[-118.86175,34.0343],[-118.87669,34.03817],[-118.89559,34.03921],[-118.90462,34.04161],[-118.91028,34.04209],[-118.91556,34.04152],[-118.9224,34.045],[-118.92815,34.04587],[-118.93231,34.0454],[-118.93473,34.04354],[-118.9373,34.04285],[-118.95473,34.04816],[-118.96065,34.05145],[-118.96417,34.05224],[-118.96853,34.05555],[-118.97834,34.06017],[-118.98365,34.06059],[-118.99082,34.0641],[-118.99956,34.06643],[-119.00575,34.06591],[-119.00848,34.06669],[-119.01503,34.07074],[-119.01718,34.07134],[-119.02865,34.07886],[-119.03864,34.08361],[-119.04735,34.08516],[-119.05115,34.08416],[-119.05772,34.08588],[-119.06124,34.08525],[-119.06914,34.09006],[-119.07902,34.09401],[-119.08687,34.09827],[-119.08932,34.09853],[-119.08916,34.0976],[-119.09453,34.09912],[-119.0984,34.09921],[-119.10137,34.0982],[-119.10492,34.09555],[-119.10954,34.09455],[-119.12954,34.09968],[-119.14286,34.10734],[-119.15828,34.11741],[-119.18555,34.1372],[-119.20288,34.14481],[-119.20863,34.14499],[-119.21035,34.14442],[-119.21099,34.14517],[-119.20877,34.14788],[-119.20401,34.14781],[-119.20404,34.14866],[-119.20639,34.14868],[-119.2064,34.1515],[-119.20831,34.15156],[-119.20835,34.15356],[-119.20989,34.15302],[-119.21036,34.1539],[-119.21095,34.15368],[-119.21019,34.15278],[-119.21026,34.14881],[-119.21286,34.14586],[-119.21646,34.14579],[-119.22101,34.15282],[-119.22615,34.1568],[-119.22257,34.15901],[-119.22215,34.1604],[-119.22293,34.16201],[-119.22274,34.16978],[-119.22281,34.17083],[-119.22366,34.17113],[-119.22368,34.17605],[-119.22745,34.17652],[-119.22802,34.18107],[-119.23352,34.19003],[-119.23571,34.19817],[-119.23825,34.20009],[-119.23844,34.20367],[-119.2392,34.20448],[-119.24696,34.20711],[-119.25016,34.20603],[-119.2466,34.20661],[-119.23911,34.2039],[-119.23872,34.20002],[-119.23615,34.19822],[-119.23422,34.19062],[-119.22858,34.18157],[-119.22795,34.17655],[-119.22406,34.176],[-119.22418,34.16862],[-119.22474,34.16759],[-119.22594,34.16743],[-119.22668,34.1686],[-119.22852,34.16796],[-119.22715,34.16506],[-119.22639,34.16529],[-119.22609,34.16469],[-119.22672,34.16438],[-119.22483,34.16133],[-119.22467,34.15957],[-119.2275,34.15761],[-119.22797,34.15872],[-119.22941,34.15921],[-119.23167,34.16611],[-119.25818,34.21597],[-119.26438,34.23092],[-119.26778,34.2452],[-119.27045,34.24622],[-119.26842,34.24572],[-119.26788,34.24689],[-119.26858,34.24804],[-119.26778,34.24908],[-119.26639,34.24888],[-119.26445,34.24094],[-119.26165,34.2404],[-119.26149,34.24339],[-119.25741,34.24454],[-119.25794,34.2464],[-119.26271,34.2467],[-119.26266,34.2457],[-119.26344,34.24562],[-119.26427,34.24752],[-119.26252,34.24942],[-119.2662,34.25073],[-119.26677,34.25035],[-119.26711,34.25202],[-119.26434,34.25422],[-119.26191,34.25446],[-119.26289,34.2579],[-119.2624,34.25498],[-119.2633,34.25488],[-119.26544,34.26074],[-119.26691,34.26044],[-119.26562,34.26018],[-119.26393,34.25525],[-119.26557,34.25491],[-119.26724,34.2603],[-119.2679,34.26001],[-119.26579,34.25377],[-119.2671,34.25274],[-119.2676,34.25338],[-119.26893,34.25312],[-119.26821,34.25042],[-119.26979,34.24989],[-119.27009,34.25297],[-119.27452,34.26179],[-119.27834,34.26677],[-119.28558,34.27266],[-119.28952,34.27475],[-119.29321,34.27565],[-119.29865,34.27399],[-119.30457,34.27337],[-119.31051,34.27504],[-119.31752,34.2799],[-119.32092,34.2834],[-119.33398,34.28851],[-119.33737,34.29047],[-119.34049,34.29361],[-119.34629,34.30155],[-119.34978,34.30487],[-119.35448,34.30842],[-119.35825,34.31003],[-119.36678,34.31739],[-119.37122,34.31985],[-119.37608,34.3212],[-119.38751,34.31776],[-119.3898,34.31796],[-119.40088,34.33093],[-119.40822,34.33607],[-119.41237,34.33798],[-119.42869,34.35399],[-119.43331,34.35607],[-119.443,34.35543],[-119.45319,34.36787],[-119.46036,34.37386],[-119.46765,34.37574],[-119.4717,34.37596],[-119.47508,34.37364],[-119.47828,34.37287],[-119.48097,34.37687],[-119.48421,34.37999],[-119.49175,34.38335],[-119.49756,34.38491],[-119.50579,34.38507],[-119.51012,34.38595],[-119.51212,34.38716],[-119.51699,34.38813],[-119.52909,34.39519],[-119.53449,34.3963],[-119.53734,34.39593],[-119.54335,34.4018],[-119.55281,34.40943],[-119.56238,34.41496],[-119.56499,34.41539],[-119.56924,34.414],[-119.57265,34.41414],[-119.57667,34.41246],[-119.5806,34.41324],[-119.58637,34.41618],[-119.59333,34.41842],[-119.60273,34.42007],[-119.60646,34.41977],[-119.61624,34.42117],[-119.61874,34.42077],[-119.62096,34.41859],[-119.63011,34.41911],[-119.63207,34.41756],[-119.63773,34.41566],[-119.64971,34.41734],[-119.67544,34.41566],[-119.68412,34.41372],[-119.6881,34.41212],[-119.69077,34.41017],[-119.69324,34.40686],[-119.69383,34.40454],[-119.69181,34.40311],[-119.69879,34.40142],[-119.70181,34.39959],[-119.70204,34.39797],[-119.70287,34.3974],[-119.70983,34.39523],[-119.7185,34.396],[-119.72357,34.39537],[-119.72947,34.3959],[-119.74373,34.40262],[-119.75265,34.40427],[-119.7651,34.40903],[-119.77286,34.41094],[-119.77617,34.4129],[-119.78626,34.41641],[-119.7955,34.41802],[-119.803,34.41794],[-119.80869,34.41638],[-119.82546,34.41731],[-119.82631,34.41647],[-119.83517,34.41508],[-119.8402,34.41249],[-119.84425,34.40413],[-119.85164,34.40735],[-119.85814,34.40878],[-119.87399,34.40867],[-119.87812,34.40691],[-119.88012,34.40822],[-119.88578,34.41489],[-119.8905,34.41898],[-119.90164,34.42143],[-119.91553,34.42968],[-119.92484,34.43403],[-119.92852,34.43513],[-119.9368,34.43575],[-119.95033,34.43442],[-119.95711,34.43565],[-119.9721,34.44475],[-119.98345,34.44992],[-119.98569,34.45048],[-119.98994,34.44959],[-119.9988,34.45616],[-120.00817,34.46056],[-120.01802,34.46159],[-120.02071,34.4604],[-120.02194,34.45784],[-120.0239,34.45774],[-120.03307,34.46203],[-120.03897,34.46336],[-120.05766,34.46096],[-120.06993,34.46266],[-120.07323,34.46178],[-120.07333,34.46074],[-120.07425,34.46037],[-120.08882,34.4602],[-120.09741,34.46186],[-120.10106,34.46383],[-120.10248,34.46372],[-120.11875,34.47006],[-120.13337,34.47301],[-120.14066,34.47354],[-120.15269,34.47337],[-120.1604,34.47146],[-120.16473,34.47129],[-120.16889,34.46972],[-120.17763,34.47086],[-120.18672,34.46978],[-120.19822,34.47072],[-120.22888,34.47063],[-120.23619,34.46934],[-120.23884,34.46808],[-120.25784,34.46753],[-120.27213,34.46879],[-120.2782,34.4668],[-120.28987,34.47032],[-120.29451,34.47088],[-120.29892,34.4698],[-120.30046,34.46799],[-120.30315,34.46658],[-120.30751,34.46699],[-120.31338,34.46518],[-120.31685,34.465],[-120.32048,34.46352],[-120.33305,34.46249],[-120.33567,34.46141],[-120.33657,34.4596],[-120.34236,34.45865],[-120.35276,34.45903],[-120.35822,34.45733],[-120.37137,34.45739],[-120.376,34.4565],[-120.38125,34.45694],[-120.38713,34.45553],[-120.40529,34.45511],[-120.41774,34.45296],[-120.41995,34.45048],[-120.42328,34.44968],[-120.43616,34.45145],[-120.44205,34.45156],[-120.44528,34.45065],[-120.44608,34.44904],[-120.45158,34.44678],[-120.45285,34.44529],[-120.45217,34.44253],[-120.45283,34.44216],[-120.4567,34.44332],[-120.45733,34.44468],[-120.45905,34.44464],[-120.45908,34.44677],[-120.46106,34.44769],[-120.4626,34.44711],[-120.46241,34.44815],[-120.4637,34.4488],[-120.46583,34.44934],[-120.46818,34.44856],[-120.4691,34.44954],[-120.47061,34.44819],[-120.472,34.44832],[-120.47115,34.45025],[-120.4717,34.45057],[-120.47073,34.4514],[-120.47273,34.454],[-120.47464,34.4687],[-120.47787,34.47817],[-120.48056,34.48149],[-120.48582,34.48475],[-120.48953,34.48804],[-120.49313,34.49389],[-120.49658,34.4954],[-120.49945,34.50427],[-120.5025,34.51094],[-120.50231,34.51199],[-120.50269,34.51133],[-120.50393,34.5126],[-120.51151,34.52325],[-120.51424,34.52511],[-120.51855,34.52714],[-120.52306,34.53062],[-120.54115,34.53943],[-120.54652,34.54069],[-120.55325,34.54116],[-120.56041,34.54528],[-120.5674,34.55068],[-120.58152,34.55709],[-120.58506,34.5571],[-120.58629,34.55639],[-120.59428,34.55753],[-120.59898,34.55689],[-120.60471,34.55715],[-120.60858,34.5568],[-120.61013,34.55484],[-120.61226,34.55361],[-120.61372,34.55452],[-120.61582,34.55354],[-120.62327,34.55392],[-120.62461,34.55581],[-120.62602,34.55603],[-120.62669,34.55722],[-120.63086,34.55976],[-120.63234,34.56152],[-120.63513,34.56157],[-120.63622,34.56031],[-120.63675,34.56066],[-120.63589,34.5625],[-120.63742,34.56332],[-120.63892,34.5628],[-120.6398,34.56354],[-120.63994,34.56402],[-120.63794,34.56414],[-120.63737,34.56503],[-120.63772,34.56624],[-120.63921,34.56686],[-120.6382,34.57014],[-120.63982,34.57123],[-120.63867,34.57112],[-120.63831,34.57199],[-120.64157,34.57268],[-120.64138,34.57327],[-120.64341,34.57516],[-120.6423,34.57562],[-120.64374,34.57555],[-120.64449,34.57708],[-120.64782,34.57688],[-120.64813,34.57743],[-120.64977,34.57653],[-120.64952,34.57695],[-120.65027,34.57672],[-120.65072,34.57735],[-120.64897,34.57885],[-120.64798,34.57816],[-120.64628,34.5787],[-120.64485,34.58049],[-120.64591,34.58151],[-120.64529,34.58313],[-120.64548,34.58604],[-120.64475,34.58632],[-120.64609,34.58773],[-120.64227,34.58939],[-120.63985,34.5964],[-120.64062,34.59831],[-120.63973,34.59902],[-120.64194,34.60106],[-120.64084,34.60144],[-120.64329,34.60375],[-120.64258,34.60345],[-120.64216,34.60478],[-120.64041,34.60451],[-120.64015,34.60568],[-120.63777,34.60804],[-120.63617,34.61243],[-120.63638,34.6138],[-120.63458,34.61544],[-120.63145,34.62417],[-120.62536,34.63455],[-120.62272,34.64229],[-120.61763,34.65251],[-120.60648,34.68232],[-120.60225,34.69627],[-120.60062,34.70484],[-120.60192,34.70997],[-120.60718,34.714],[-120.60918,34.72138],[-120.61046,34.72262],[-120.6122,34.72306],[-120.61246,34.72646],[-120.61532,34.73009],[-120.61501,34.73099],[-120.61661,34.73351],[-120.62136,34.73634],[-120.62619,34.73807],[-120.62713,34.74128],[-120.62954,34.74424],[-120.63043,34.74434],[-120.62944,34.74587],[-120.62996,34.74709],[-120.62958,34.74918],[-120.63131,34.75141],[-120.63164,34.75316],[-120.63767,34.756],[-120.63383,34.76824],[-120.62338,34.79184],[-120.61491,34.8219],[-120.61001,34.84313],[-120.60968,34.85345],[-120.61048,34.85833],[-120.61149,34.85882],[-120.6122,34.86176],[-120.61635,34.86534],[-120.6165,34.86697],[-120.62091,34.86911],[-120.62574,34.87351],[-120.62862,34.87391],[-120.63225,34.87628],[-120.6336,34.87624],[-120.63392,34.87715],[-120.63932,34.88036],[-120.63954,34.88968],[-120.64246,34.89189],[-120.64206,34.89366],[-120.64288,34.89548],[-120.64666,34.90075],[-120.65006,34.90174],[-120.6526,34.90088],[-120.65779,34.90167],[-120.6648,34.90089],[-120.67072,34.90188],[-120.67168,34.90285],[-120.67055,34.90346],[-120.67067,34.90474],[-120.66937,34.90572],[-120.6705,34.90541],[-120.66918,34.90625],[-120.6696,34.90673],[-120.66845,34.90814],[-120.66744,34.91287],[-120.66421,34.92057],[-120.66394,34.92837],[-120.6668,34.92942],[-120.66628,34.92988],[-120.66692,34.93003],[-120.6647,34.93143],[-120.6643,34.93308],[-120.66295,34.93398],[-120.66187,34.93654],[-120.65819,34.94901],[-120.64595,34.98385],[-120.64163,34.99947],[-120.64009,35.00193],[-120.63507,35.02399],[-120.63124,35.04923],[-120.62993,35.06256],[-120.62954,35.07833],[-120.63061,35.0994],[-120.63198,35.10959],[-120.63616,35.12459],[-120.64718,35.14378],[-120.65116,35.14779],[-120.65338,35.14872],[-120.65426,35.14844],[-120.6542,35.14939],[-120.6564,35.15071],[-120.66124,35.15203],[-120.66242,35.15341],[-120.66539,35.15325],[-120.6689,35.15203],[-120.67057,35.15305],[-120.67322,35.15264],[-120.6752,35.15316],[-120.67513,35.15404],[-120.67718,35.15478],[-120.68048,35.15852],[-120.68335,35.15782],[-120.68387,35.15891],[-120.68663,35.15948],[-120.68767,35.16134],[-120.68939,35.16232],[-120.68984,35.16376],[-120.69232,35.16506],[-120.69888,35.1712],[-120.70606,35.17406],[-120.70954,35.17498],[-120.71093,35.17464],[-120.71496,35.17603],[-120.71675,35.17554],[-120.71614,35.17382],[-120.72272,35.17556],[-120.72508,35.17426],[-120.7285,35.17715],[-120.73802,35.17932],[-120.73856,35.17852],[-120.74067,35.1779],[-120.74397,35.17844],[-120.74977,35.1777],[-120.75562,35.17444],[-120.75692,35.17091],[-120.75642,35.17044],[-120.7572,35.16665],[-120.75618,35.16309],[-120.7566,35.16091],[-120.7542,35.15927],[-120.75666,35.16026],[-120.76125,35.15982],[-120.77012,35.16368],[-120.77116,35.16358],[-120.77439,35.16716],[-120.77913,35.16822],[-120.7791,35.16904],[-120.78012,35.16932],[-120.78009,35.17093],[-120.78295,35.17276],[-120.78276,35.17425],[-120.7847,35.17654],[-120.7862,35.17705],[-120.78614,35.17781],[-120.79003,35.17922],[-120.79434,35.17853],[-120.79585,35.18133],[-120.8005,35.18245],[-120.80523,35.18498],[-120.80719,35.18466],[-120.80609,35.18517],[-120.80627,35.18594],[-120.81295,35.1879],[-120.81236,35.18822],[-120.81262,35.18926],[-120.81832,35.1894],[-120.81813,35.19117],[-120.82059,35.19143],[-120.82012,35.19219],[-120.82073,35.19279],[-120.82241,35.19229],[-120.82188,35.19355],[-120.82243,35.1942],[-120.82613,35.19468],[-120.82802,35.19646],[-120.8312,35.19627],[-120.83514,35.19686],[-120.83549,35.19786],[-120.83698,35.19752],[-120.83721,35.19861],[-120.8395,35.19865],[-120.83872,35.19979],[-120.84043,35.20009],[-120.84004,35.20069],[-120.84142,35.20197],[-120.84634,35.20211],[-120.84521,35.20425],[-120.84856,35.20466],[-120.84974,35.20631],[-120.85082,35.20542],[-120.8546,35.20582],[-120.85599,35.20676],[-120.85353,35.20605],[-120.85332,35.20714],[-120.85648,35.20779],[-120.857,35.2077],[-120.85707,35.20607],[-120.85738,35.20763],[-120.85899,35.20896],[-120.85648,35.20931],[-120.85677,35.2113],[-120.85988,35.21305],[-120.86035,35.21226],[-120.86132,35.21248],[-120.86087,35.21297],[-120.86205,35.21379],[-120.86104,35.21383],[-120.85945,35.21572],[-120.86349,35.2168],[-120.8634,35.21749],[-120.86441,35.2172],[-120.86353,35.21772],[-120.86413,35.21883],[-120.86578,35.21833],[-120.86575,35.21898],[-120.87061,35.22007],[-120.87099,35.22081],[-120.87051,35.22097],[-120.87205,35.22249],[-120.87403,35.22235],[-120.87274,35.22436],[-120.87486,35.22813],[-120.87641,35.22852],[-120.87778,35.23087],[-120.88177,35.23229],[-120.88217,35.23374],[-120.8863,35.23532],[-120.8874,35.23832],[-120.88874,35.23855],[-120.8887,35.23952],[-120.89077,35.2418],[-120.89254,35.24231],[-120.89268,35.24355],[-120.89464,35.24564],[-120.89568,35.24574],[-120.89566,35.24684],[-120.89747,35.24727],[-120.89743,35.24799],[-120.89566,35.2481],[-120.89541,35.24991],[-120.8971,35.25143],[-120.89634,35.25294],[-120.89709,35.25429],[-120.89979,35.25521],[-120.89754,35.25637],[-120.89733,35.25889],[-120.89479,35.25946],[-120.89554,35.26152],[-120.8944,35.26235],[-120.89472,35.2628],[-120.89393,35.26271],[-120.89342,35.26471],[-120.89426,35.26554],[-120.8936,35.26577],[-120.8945,35.26613],[-120.89374,35.26786],[-120.89547,35.26879],[-120.89516,35.26946],[-120.89617,35.27011],[-120.89597,35.27116],[-120.89518,35.27125],[-120.89535,35.27312],[-120.89394,35.27426],[-120.89049,35.27288],[-120.89037,35.27365],[-120.88856,35.27403],[-120.88853,35.27517],[-120.88976,35.27652],[-120.88953,35.27967],[-120.88834,35.28004],[-120.887,35.28332],[-120.88314,35.28783],[-120.88299,35.28939],[-120.88144,35.29048],[-120.87976,35.29378],[-120.86917,35.32092],[-120.86533,35.33399],[-120.86271,35.34694],[-120.86269,35.35389],[-120.86191,35.35531],[-120.86247,35.36025],[-120.86116,35.36213],[-120.86301,35.36799],[-120.86208,35.36881],[-120.8608,35.36878],[-120.85965,35.36785],[-120.85891,35.36587],[-120.85698,35.3657],[-120.85769,35.36434],[-120.85561,35.35998],[-120.85705,35.35826],[-120.85887,35.3579],[-120.85908,35.35435],[-120.85781,35.35138],[-120.85879,35.35069],[-120.85736,35.34675],[-120.85912,35.34094],[-120.85769,35.33564],[-120.85967,35.3344],[-120.85927,35.33197],[-120.86033,35.32989],[-120.85958,35.32851],[-120.86054,35.3274],[-120.86033,35.32535],[-120.86269,35.32328],[-120.86222,35.3214],[-120.86432,35.3175],[-120.86552,35.31708],[-120.86549,35.31547],[-120.86715,35.31324],[-120.86686,35.31132],[-120.86446,35.31552],[-120.85603,35.31847],[-120.85408,35.31816],[-120.85123,35.32041],[-120.8504,35.31958],[-120.8495,35.32007],[-120.84842,35.31888],[-120.84906,35.32025],[-120.8512,35.32073],[-120.85024,35.32172],[-120.84792,35.32123],[-120.84195,35.32212],[-120.84104,35.323],[-120.84036,35.32577],[-120.84477,35.32865],[-120.8433,35.33176],[-120.84134,35.33266],[-120.83714,35.33108],[-120.83347,35.33135],[-120.82905,35.33538],[-120.82905,35.33764],[-120.82759,35.33819],[-120.83245,35.33971],[-120.83389,35.33935],[-120.83344,35.34036],[-120.83861,35.3405],[-120.84083,35.33941],[-120.8407,35.33992],[-120.84188,35.34012],[-120.84092,35.34106],[-120.83872,35.3413],[-120.83806,35.34324],[-120.83911,35.34129],[-120.84247,35.34134],[-120.84307,35.34391],[-120.84465,35.34535],[-120.84026,35.34459],[-120.84002,35.34516],[-120.8449,35.34643],[-120.84392,35.34796],[-120.84389,35.34974],[-120.84564,35.35145],[-120.84556,35.35327],[-120.84679,35.35521],[-120.85136,35.358],[-120.85519,35.36929],[-120.86045,35.37212],[-120.86401,35.37046],[-120.86561,35.36766],[-120.8696,35.36692],[-120.87044,35.36925],[-120.86981,35.37106],[-120.86887,35.37193],[-120.86646,35.37071],[-120.86674,35.37136],[-120.86504,35.37152],[-120.86425,35.37402],[-120.86452,35.38076],[-120.86658,35.39522],[-120.86908,35.40304],[-120.87226,35.40698],[-120.87436,35.41332],[-120.88321,35.42789],[-120.88894,35.43522],[-120.90231,35.44633],[-120.90766,35.44904],[-120.91098,35.448],[-120.91481,35.44953],[-120.91917,35.44787],[-120.9195,35.44709],[-120.92079,35.44789],[-120.92143,35.4473],[-120.92191,35.44789],[-120.92521,35.44729],[-120.92981,35.44808],[-120.93136,35.44749],[-120.93613,35.44754],[-120.94042,35.4461],[-120.9424,35.44769],[-120.9465,35.44679],[-120.95096,35.44808],[-120.95198,35.44945],[-120.95098,35.45018],[-120.95192,35.45228],[-120.95461,35.45293],[-120.95811,35.45491],[-120.96016,35.4548],[-120.96159,35.45637],[-120.96327,35.45612],[-120.96864,35.46001],[-120.97785,35.45904],[-120.97921,35.45928],[-120.97989,35.46042],[-120.98473,35.4603],[-120.98838,35.46233],[-120.99096,35.46242],[-120.99287,35.46377],[-120.99737,35.46067],[-121.00388,35.46072],[-121.00839,35.46457],[-121.00963,35.46761],[-121.01155,35.46893],[-121.01136,35.46947],[-121.01388,35.4725],[-121.01536,35.47303],[-121.01848,35.47695],[-121.02044,35.47864],[-121.02107,35.47825],[-121.02379,35.48103],[-121.024,35.48256],[-121.02317,35.4839],[-121.02532,35.48471],[-121.02652,35.48433],[-121.02737,35.48525],[-121.02826,35.48484],[-121.02914,35.4866],[-121.03051,35.48722],[-121.03096,35.4887],[-121.03249,35.48902],[-121.03265,35.49001],[-121.03579,35.48907],[-121.03749,35.49006],[-121.03737,35.4907],[-121.0386,35.49066],[-121.03826,35.49353],[-121.03914,35.49414],[-121.03989,35.49361],[-121.04065,35.49475],[-121.0427,35.49545],[-121.04228,35.49768],[-121.04322,35.49791],[-121.04315,35.49855],[-121.04393,35.49806],[-121.04479,35.49959],[-121.04664,35.50037],[-121.04692,35.50327],[-121.04855,35.50495],[-121.05084,35.50527],[-121.05206,35.50591],[-121.05281,35.50745],[-121.05666,35.50809],[-121.06024,35.51013],[-121.06284,35.51414],[-121.06873,35.51827],[-121.06979,35.51957],[-121.0696,35.52035],[-121.07487,35.52467],[-121.07491,35.52587],[-121.07849,35.52906],[-121.08003,35.52959],[-121.08071,35.53124],[-121.08206,35.53155],[-121.08335,35.53328],[-121.08611,35.53401],[-121.08725,35.53729],[-121.09262,35.54021],[-121.09444,35.54343],[-121.09717,35.54538],[-121.09786,35.54795],[-121.10144,35.54902],[-121.1039,35.55218],[-121.10366,35.55372],[-121.10508,35.55494],[-121.10336,35.5559],[-121.10375,35.55814],[-121.1072,35.56075],[-121.10956,35.56574],[-121.11123,35.56763],[-121.11477,35.57649],[-121.11686,35.57827],[-121.11764,35.57819],[-121.11922,35.58126],[-121.12166,35.58175],[-121.12578,35.59316],[-121.13265,35.60011],[-121.13785,35.60179],[-121.13957,35.60371],[-121.14222,35.60431],[-121.14856,35.61469],[-121.15033,35.61588],[-121.15208,35.61574],[-121.15198,35.61681],[-121.15089,35.61703],[-121.15109,35.61782],[-121.15424,35.61816],[-121.15316,35.61917],[-121.15594,35.62241],[-121.15587,35.62352],[-121.15979,35.62767],[-121.16368,35.63327],[-121.16623,35.63402],[-121.16722,35.63596],[-121.1758,35.64035],[-121.19005,35.64317],[-121.1936,35.64218],[-121.19561,35.64075],[-121.19309,35.63511],[-121.1953,35.63455],[-121.19658,35.63605],[-121.19919,35.63722],[-121.20181,35.64127],[-121.20413,35.642],[-121.20561,35.64167],[-121.20587,35.641],[-121.20716,35.64187],[-121.20846,35.64177],[-121.2121,35.64735],[-121.22117,35.65192],[-121.22469,35.65229],[-121.23004,35.65166],[-121.23721,35.65317],[-121.23936,35.65205],[-121.242,35.6524],[-121.2461,35.65552],[-121.24829,35.65516],[-121.25006,35.65571],[-121.25047,35.65708],[-121.25185,35.65733],[-121.25218,35.65877],[-121.25372,35.65896],[-121.25579,35.66186],[-121.2598,35.66408],[-121.2619,35.66432],[-121.26436,35.66293],[-121.2658,35.66321],[-121.26641,35.66451],[-121.26768,35.6637],[-121.27119,35.66693],[-121.27544,35.66553],[-121.27775,35.66687],[-121.28027,35.66716],[-121.28246,35.66638],[-121.28289,35.66483],[-121.28421,35.6638],[-121.28673,35.66486],[-121.28487,35.66684],[-121.28466,35.67273],[-121.28553,35.67528],[-121.28763,35.67608],[-121.28655,35.67792],[-121.28773,35.68183],[-121.28756,35.6835],[-121.28806,35.68506],[-121.28961,35.68587],[-121.28938,35.6887],[-121.29042,35.69102],[-121.29454,35.69486],[-121.29596,35.69752],[-121.30183,35.70042],[-121.30464,35.70328],[-121.3068,35.70442],[-121.30768,35.7072],[-121.31072,35.7095],[-121.30796,35.70992],[-121.31159,35.70992],[-121.31253,35.71188],[-121.31425,35.71325],[-121.31647,35.71335],[-121.31286,35.71769],[-121.3136,35.71919],[-121.31313,35.72134],[-121.31405,35.72354],[-121.31473,35.72422],[-121.31636,35.72422],[-121.31855,35.72818],[-121.31525,35.73137],[-121.31574,35.73441],[-121.31716,35.73538],[-121.31602,35.73722],[-121.31591,35.73905],[-121.31728,35.74086],[-121.3172,35.74224],[-121.31874,35.74373],[-121.318,35.74432],[-121.31874,35.74541],[-121.31687,35.74556],[-121.31603,35.7466],[-121.31659,35.74787],[-121.31779,35.74827],[-121.31612,35.74861],[-121.31569,35.75097],[-121.31772,35.75607],[-121.32008,35.75637],[-121.32197,35.75756],[-121.32591,35.75716],[-121.32598,35.75859],[-121.32796,35.75972],[-121.32593,35.75985],[-121.32492,35.76148],[-121.32508,35.76963],[-121.32666,35.7733],[-121.33117,35.77791],[-121.33095,35.77924],[-121.33249,35.77938],[-121.33333,35.78086],[-121.33197,35.78242],[-121.33982,35.78825],[-121.3434,35.79273],[-121.34859,35.79556],[-121.35038,35.79882],[-121.35543,35.80183],[-121.35663,35.80388],[-121.36357,35.80863],[-121.36638,35.80885],[-121.37059,35.81161],[-121.37359,35.81179],[-121.37413,35.81301],[-121.37354,35.81465],[-121.3747,35.81568],[-121.38576,35.82155],[-121.39076,35.82546],[-121.39604,35.83368],[-121.40151,35.8388],[-121.40264,35.83897],[-121.40366,35.84213],[-121.40713,35.84464],[-121.40786,35.84588],[-121.40793,35.84835],[-121.40986,35.85037],[-121.41054,35.85274],[-121.41248,35.85361],[-121.41203,35.85465],[-121.41342,35.85621],[-121.41725,35.85813],[-121.42568,35.85978],[-121.43295,35.86456],[-121.44005,35.86713],[-121.44174,35.87011],[-121.44436,35.87054],[-121.44686,35.87208],[-121.44663,35.87328],[-121.44825,35.87595],[-121.45038,35.87711],[-121.45264,35.88019],[-121.45903,35.88283],[-121.46222,35.88569],[-121.4617,35.8879],[-121.46491,35.88883],[-121.46203,35.89043],[-121.46155,35.89191],[-121.46198,35.8936],[-121.46099,35.89602],[-121.46148,35.89808],[-121.46446,35.89911],[-121.46516,35.90016],[-121.46297,35.90388],[-121.46788,35.91075],[-121.46991,35.91154],[-121.47045,35.91396],[-121.47285,35.91484],[-121.47175,35.91766],[-121.47221,35.91872],[-121.47306,35.91861],[-121.47507,35.92008],[-121.4724,35.92013],[-121.46903,35.92239],[-121.46851,35.92674],[-121.47075,35.929],[-121.47656,35.93104],[-121.47653,35.93197],[-121.47505,35.93271],[-121.47641,35.93554],[-121.47516,35.93672],[-121.47655,35.93728],[-121.4759,35.93964],[-121.47698,35.94081],[-121.47679,35.94156],[-121.47995,35.94404],[-121.47866,35.94454],[-121.47868,35.9459],[-121.47979,35.94722],[-121.47955,35.94877],[-121.48281,35.94958],[-121.48179,35.95114],[-121.48294,35.95353],[-121.4825,35.95494],[-121.48335,35.9585],[-121.48457,35.95959],[-121.48457,35.96484],[-121.48603,35.96862],[-121.48592,35.97114],[-121.48851,35.97318],[-121.48887,35.97687],[-121.4908,35.98151],[-121.4946,35.98706],[-121.49617,35.9879],[-121.502,35.99907],[-121.51153,36.00667],[-121.51716,36.00798],[-121.51967,36.00732],[-121.52044,36.00896],[-121.52459,36.00986],[-121.52629,36.01161],[-121.53103,36.01407],[-121.53872,36.01569],[-121.5416,36.01531],[-121.5458,36.01815],[-121.55402,36.01977],[-121.56331,36.02061],[-121.56745,36.01971],[-121.57334,36.0235],[-121.57518,36.02604],[-121.57551,36.02815],[-121.57759,36.03078],[-121.57761,36.03234],[-121.58152,36.03861],[-121.58228,36.03879],[-121.58202,36.04074],[-121.5849,36.04277],[-121.58633,36.04545],[-121.59154,36.04928],[-121.59178,36.05025],[-121.59039,36.0505],[-121.58914,36.05334],[-121.58976,36.0546],[-121.59244,36.0561],[-121.5931,36.05795],[-121.59242,36.0593],[-121.5927,36.06495],[-121.5993,36.06944],[-121.60049,36.06996],[-121.60093,36.06911],[-121.60685,36.07204],[-121.60772,36.07404],[-121.60751,36.07528],[-121.6085,36.0765],[-121.61195,36.0783],[-121.61197,36.07923],[-121.61372,36.0803],[-121.61381,36.08172],[-121.61487,36.08207],[-121.61464,36.08335],[-121.61921,36.08646],[-121.61867,36.08993],[-121.62173,36.09615],[-121.62176,36.09944],[-121.62282,36.10058],[-121.62331,36.10301],[-121.62649,36.10538],[-121.62597,36.10753],[-121.62987,36.11021],[-121.63055,36.11097],[-121.63025,36.11234],[-121.63253,36.11449],[-121.63178,36.11708],[-121.63282,36.11834],[-121.63331,36.12097],[-121.63881,36.12341],[-121.64501,36.12787],[-121.64604,36.12971],[-121.64579,36.13058],[-121.64961,36.13408],[-121.64982,36.13665],[-121.65267,36.13796],[-121.65402,36.13957],[-121.65395,36.14064],[-121.65718,36.14249],[-121.65703,36.14339],[-121.65951,36.14676],[-121.66307,36.14846],[-121.66425,36.15008],[-121.66541,36.15048],[-121.66557,36.1519],[-121.66821,36.15343],[-121.66862,36.1547],[-121.67368,36.15758],[-121.67253,36.15758],[-121.6717,36.15864],[-121.6748,36.15973],[-121.67382,36.16081],[-121.67571,36.16352],[-121.67734,36.16383],[-121.67828,36.16523],[-121.68031,36.16603],[-121.68345,36.16618],[-121.68406,36.16781],[-121.68665,36.16814],[-121.6897,36.17081],[-121.69078,36.17069],[-121.69151,36.17199],[-121.69317,36.17146],[-121.69416,36.17293],[-121.69368,36.17347],[-121.69593,36.17527],[-121.69668,36.17393],[-121.69762,36.17456],[-121.69729,36.17538],[-121.69863,36.17486],[-121.69989,36.17677],[-121.69968,36.17797],[-121.70111,36.17863],[-121.70144,36.18111],[-121.70319,36.18244],[-121.70403,36.18233],[-121.7039,36.18302],[-121.70656,36.18498],[-121.70812,36.18513],[-121.70752,36.18584],[-121.70857,36.18799],[-121.71193,36.19067],[-121.71382,36.19086],[-121.71538,36.19193],[-121.71512,36.19307],[-121.71656,36.19493],[-121.72401,36.19867],[-121.72866,36.1997],[-121.73238,36.20284],[-121.73837,36.20407],[-121.7399,36.20681],[-121.74627,36.21033],[-121.75342,36.21074],[-121.75576,36.21237],[-121.75721,36.21447],[-121.76455,36.21882],[-121.76504,36.21979],[-121.76861,36.22131],[-121.77083,36.22312],[-121.77422,36.22435],[-121.77554,36.22395],[-121.77524,36.22519],[-121.77934,36.22734],[-121.78698,36.2283],[-121.78728,36.22985],[-121.79026,36.2307],[-121.7903,36.23154],[-121.79139,36.23229],[-121.7954,36.23296],[-121.79535,36.23365],[-121.79946,36.23484],[-121.80596,36.23305],[-121.80783,36.23298],[-121.80943,36.23387],[-121.81108,36.23347],[-121.81504,36.23534],[-121.81486,36.23808],[-121.8166,36.23825],[-121.81719,36.23951],[-121.819,36.23996],[-121.81953,36.24127],[-121.82229,36.24205],[-121.82655,36.24193],[-121.82938,36.24682],[-121.83124,36.24765],[-121.83315,36.24741],[-121.83578,36.24958],[-121.83804,36.24946],[-121.83561,36.25078],[-121.83677,36.25592],[-121.84328,36.26716],[-121.84578,36.26987],[-121.84575,36.27113],[-121.84874,36.27461],[-121.8504,36.27559],[-121.85167,36.27768],[-121.85693,36.28089],[-121.85985,36.2809],[-121.85794,36.28214],[-121.86002,36.28126],[-121.85966,36.27984],[-121.86315,36.28086],[-121.86669,36.28516],[-121.87219,36.28841],[-121.87473,36.28901],[-121.87657,36.2906],[-121.87657,36.29206],[-121.87763,36.29332],[-121.88002,36.29372],[-121.88144,36.29495],[-121.88245,36.29724],[-121.88674,36.30234],[-121.89688,36.30527],[-121.8978,36.30372],[-121.89955,36.30296],[-121.90256,36.30614],[-121.90243,36.30739],[-121.89954,36.30687],[-121.89447,36.31745],[-121.89466,36.3211],[-121.89584,36.32343],[-121.89481,36.32569],[-121.89657,36.32721],[-121.89433,36.33041],[-121.89268,36.34049],[-121.89441,36.34426],[-121.89638,36.34495],[-121.89841,36.34806],[-121.89874,36.34765],[-121.8986,36.34913],[-121.89983,36.34968],[-121.90033,36.35103],[-121.90401,36.35322],[-121.90309,36.35353],[-121.90401,36.35389],[-121.9044,36.35548],[-121.90648,36.35584],[-121.90486,36.35591],[-121.90691,36.35631],[-121.90667,36.35714],[-121.90742,36.35733],[-121.90537,36.35809],[-121.90499,36.35879],[-121.90572,36.35942],[-121.904,36.36017],[-121.90535,36.36131],[-121.9053,36.36203],[-121.90249,36.36395],[-121.90341,36.36566],[-121.90261,36.36706],[-121.90342,36.36845],[-121.90309,36.37118],[-121.90417,36.37217],[-121.90719,36.37201],[-121.90707,36.3731],[-121.90794,36.37396],[-121.90679,36.37398],[-121.90707,36.37484],[-121.90627,36.37382],[-121.90572,36.37426],[-121.90497,36.37809],[-121.90351,36.37879],[-121.9016,36.38154],[-121.90259,36.38286],[-121.90202,36.38356],[-121.90289,36.3852],[-121.90136,36.38604],[-121.90216,36.38642],[-121.90219,36.38745],[-121.90433,36.38828],[-121.90398,36.38995],[-121.90559,36.39104],[-121.90453,36.3906],[-121.90391,36.39118],[-121.90447,36.39179],[-121.90387,36.39315],[-121.90308,36.39335],[-121.90433,36.39514],[-121.90585,36.39538],[-121.90512,36.3967],[-121.90587,36.39725],[-121.90566,36.39835],[-121.91004,36.40011],[-121.9108,36.40124],[-121.91196,36.40024],[-121.91261,36.40046],[-121.91315,36.40255],[-121.91372,36.40186],[-121.9146,36.40306],[-121.91476,36.40389],[-121.91294,36.40515],[-121.91334,36.40607],[-121.91236,36.40649],[-121.91346,36.40682],[-121.91365,36.408],[-121.91485,36.40774],[-121.91544,36.40951],[-121.91703,36.41057],[-121.91691,36.41197],[-121.91486,36.41162],[-121.91448,36.41218],[-121.91717,36.41398],[-121.91726,36.41497],[-121.9165,36.41426],[-121.91625,36.41485],[-121.91707,36.41568],[-121.91672,36.41673],[-121.91757,36.41681],[-121.91627,36.4174],[-121.9153,36.41985],[-121.91448,36.42569],[-121.91571,36.42642],[-121.91558,36.42706],[-121.91643,36.42706],[-121.91667,36.42766],[-121.91587,36.42817],[-121.91738,36.42829],[-121.91729,36.42936],[-121.91886,36.43038],[-121.91802,36.43104],[-121.91929,36.43243],[-121.91914,36.43357],[-121.92011,36.43477],[-121.91976,36.43574],[-121.92044,36.43688],[-121.92139,36.43669],[-121.92212,36.43755],[-121.9219,36.43835],[-121.92318,36.4401],[-121.92287,36.44084],[-121.92407,36.43992],[-121.92356,36.44081],[-121.9244,36.44158],[-121.92315,36.44137],[-121.92709,36.44625],[-121.9271,36.44835],[-121.92835,36.44833],[-121.9294,36.44715],[-121.92891,36.44801],[-121.92976,36.44914],[-121.92886,36.45103],[-121.93018,36.45297],[-121.9254,36.4539],[-121.92532,36.45487],[-121.9266,36.45598],[-121.92528,36.45645],[-121.92606,36.45876],[-121.92563,36.45975],[-121.92676,36.45972],[-121.92684,36.46092],[-121.92759,36.46103],[-121.92783,36.46219],[-121.92827,36.46195],[-121.92801,36.4637],[-121.92929,36.46396],[-121.92974,36.46639],[-121.93124,36.46676],[-121.93176,36.4679],[-121.9336,36.4686],[-121.93384,36.46956],[-121.93438,36.46877],[-121.9344,36.47007],[-121.93705,36.47193],[-121.93676,36.47344],[-121.93729,36.47328],[-121.93801,36.47465],[-121.93865,36.47762],[-121.9378,36.47752],[-121.93872,36.47799],[-121.9378,36.47843],[-121.93832,36.47894],[-121.93749,36.47903],[-121.93908,36.47994],[-121.93832,36.48039],[-121.93849,36.48148],[-121.94066,36.48282],[-121.9407,36.48469],[-121.9416,36.48537],[-121.94101,36.48618],[-121.94155,36.48894],[-121.94347,36.48988],[-121.94384,36.48781],[-121.94445,36.48761],[-121.9442,36.48949],[-121.94518,36.48933],[-121.94438,36.49073],[-121.94632,36.49033],[-121.94507,36.49162],[-121.94462,36.49334],[-121.94347,36.49291],[-121.94308,36.49373],[-121.94236,36.49326],[-121.94113,36.4953],[-121.93983,36.4951],[-121.94025,36.49632],[-121.9391,36.49741],[-121.93683,36.49799],[-121.93663,36.49873],[-121.93743,36.49933],[-121.9383,36.49889],[-121.94047,36.50026],[-121.94021,36.50186],[-121.93863,36.50136],[-121.93887,36.5033],[-121.9395,36.50352],[-121.93915,36.50439],[-121.9379,36.50483],[-121.93907,36.50556],[-121.93924,36.50685],[-121.9424,36.50701],[-121.94224,36.50792],[-121.94106,36.50811],[-121.94264,36.50906],[-121.94193,36.50912],[-121.94266,36.50966],[-121.9419,36.51025],[-121.94233,36.51189],[-121.94384,36.51178],[-121.94471,36.51243],[-121.9445,36.51308],[-121.94525,36.51274],[-121.94738,36.51353],[-121.94891,36.51577],[-121.94962,36.51562],[-121.94969,36.51701],[-121.95056,36.51705],[-121.9513,36.51591],[-121.95266,36.51809],[-121.95401,36.51778],[-121.95464,36.51884],[-121.95407,36.51985],[-121.9524,36.51886],[-121.95127,36.51972],[-121.95172,36.52055],[-121.95327,36.52076],[-121.95539,36.52241],[-121.9553,36.52315],[-121.95325,36.52258],[-121.95495,36.52368],[-121.95485,36.52451],[-121.95382,36.52332],[-121.95289,36.52394],[-121.94955,36.52109],[-121.94952,36.52271],[-121.94844,36.52231],[-121.94867,36.52366],[-121.94795,36.52386],[-121.94464,36.52194],[-121.9446,36.52076],[-121.94236,36.5207],[-121.94221,36.52169],[-121.9403,36.52134],[-121.94087,36.51962],[-121.93846,36.51886],[-121.93674,36.51995],[-121.93762,36.52108],[-121.93674,36.52091],[-121.93643,36.52161],[-121.93794,36.5226],[-121.93728,36.52344],[-121.93441,36.52222],[-121.93368,36.52346],[-121.93044,36.52368],[-121.92861,36.52292],[-121.9258,36.52529],[-121.9253,36.52658],[-121.92646,36.5281],[-121.92603,36.52994],[-121.92814,36.53394],[-121.92873,36.53726],[-121.93089,36.53958],[-121.93264,36.53933],[-121.93384,36.54344],[-121.93377,36.54466],[-121.93118,36.54493],[-121.9296,36.54642],[-121.93071,36.55439],[-121.93266,36.55958],[-121.93431,36.5611],[-121.93585,36.56115],[-121.9354,36.56195],[-121.93776,36.56279],[-121.93794,36.56195],[-121.94061,36.56102],[-121.94085,36.56223],[-121.93957,36.56318],[-121.93953,36.56464],[-121.94223,36.56623],[-121.94408,36.56622],[-121.94518,36.56482],[-121.94523,36.56578],[-121.94976,36.56741],[-121.95111,36.56647],[-121.95164,36.56117],[-121.95375,36.5609],[-121.95733,36.56308],[-121.95848,36.56506],[-121.96096,36.56564],[-121.96294,36.56714],[-121.96405,36.56697],[-121.96422,36.56845],[-121.96546,36.56849],[-121.96509,36.56892],[-121.9665,36.56934],[-121.96855,36.56881],[-121.97099,36.5696],[-121.97051,36.57053],[-121.9715,36.5711],[-121.97059,36.57167],[-121.97122,36.57168],[-121.97112,36.57257],[-121.97351,36.57388],[-121.97247,36.57523],[-121.97355,36.57664],[-121.97596,36.57724],[-121.97676,36.57951],[-121.97811,36.57932],[-121.97886,36.58011],[-121.97809,36.57969],[-121.97764,36.58018],[-121.97846,36.58158],[-121.97695,36.58106],[-121.97681,36.58031],[-121.97523,36.5802],[-121.97554,36.58234],[-121.97429,36.58214],[-121.97462,36.58338],[-121.97228,36.58383],[-121.97065,36.58236],[-121.96803,36.58272],[-121.96568,36.58542],[-121.96386,36.58902],[-121.96539,36.59101],[-121.96179,36.59473],[-121.96134,36.59673],[-121.96261,36.59899],[-121.96122,36.60187],[-121.96148,36.60282],[-121.95959,36.60451],[-121.95901,36.60941],[-121.95693,36.61028],[-121.95313,36.60877],[-121.94966,36.60976],[-121.9473,36.61183],[-121.94606,36.61431],[-121.94308,36.61628],[-121.94125,36.61881],[-121.94203,36.62059],[-121.94124,36.62247],[-121.94172,36.62329],[-121.94054,36.6237],[-121.94099,36.6249],[-121.93988,36.62552],[-121.94063,36.62694],[-121.93841,36.62708],[-121.93762,36.63006],[-121.93898,36.63269],[-121.93905,36.63434],[-121.93577,36.63745],[-121.93118,36.63739],[-121.92789,36.63635],[-121.92766,36.63575],[-121.92521,36.63558],[-121.92186,36.63222],[-121.92124,36.62832],[-121.91776,36.62679],[-121.91514,36.62689],[-121.91637,36.62525],[-121.91438,36.62312],[-121.91202,36.62329],[-121.9096,36.62104],[-121.90604,36.62066],[-121.90538,36.62124],[-121.90587,36.62173],[-121.90408,36.62167],[-121.90302,36.61896],[-121.90136,36.61891],[-121.9011,36.61773],[-121.90054,36.61805],[-121.89929,36.61565],[-121.89736,36.61418],[-121.89771,36.61207],[-121.89637,36.6113],[-121.89537,36.60944],[-121.89387,36.60941],[-121.89384,36.60868],[-121.895,36.60844],[-121.89405,36.60753],[-121.89431,36.60516],[-121.8937,36.6042],[-121.89228,36.60565],[-121.89287,36.60332],[-121.88967,36.60203],[-121.88974,36.6015],[-121.88443,36.60134],[-121.87594,36.6026],[-121.86721,36.60654],[-121.85899,36.61212],[-121.85792,36.6118],[-121.85738,36.61379],[-121.84899,36.62198],[-121.84156,36.63094],[-121.83149,36.64561],[-121.82392,36.6591],[-121.81455,36.68305],[-121.81068,36.69659],[-121.80878,36.70888],[-121.80738,36.71374],[-121.80684,36.73798],[-121.80575,36.74969],[-121.80502,36.75075],[-121.80411,36.75073],[-121.80498,36.75193],[-121.80406,36.7566],[-121.80111,36.76289],[-121.80023,36.76852],[-121.79238,36.79424],[-121.78877,36.8021],[-121.78837,36.80489],[-121.78955,36.80587],[-121.78766,36.80725],[-121.78811,36.8084],[-121.78972,36.80763],[-121.79179,36.81543],[-121.79727,36.82341],[-121.80653,36.84371],[-121.80925,36.84834],[-121.80852,36.85001],[-121.81003,36.85236],[-121.8112,36.85228],[-121.81194,36.85315],[-121.8263,36.87735],[-121.84785,36.90893],[-121.86224,36.93186],[-121.86624,36.9371],[-121.8671,36.93728],[-121.87233,36.94326],[-121.88315,36.95277],[-121.89415,36.96168],[-121.90589,36.9691],[-121.9282,36.97744],[-121.93617,36.97853],[-121.93929,36.97818],[-121.94848,36.97214],[-121.95277,36.97196],[-121.95777,36.96736],[-121.9577,36.96644],[-121.96039,36.9653],[-121.96091,36.96377],[-121.9627,36.96267],[-121.9631,36.96106],[-121.97037,36.95688],[-121.97284,36.95423],[-121.97412,36.95463],[-121.9765,36.95404],[-121.97832,36.95635],[-121.98329,36.95847],[-121.98381,36.9591],[-121.9832,36.95979],[-121.98426,36.96036],[-121.98892,36.95991],[-121.98947,36.96146],[-121.9902,36.95964],[-121.9927,36.95863],[-121.9931,36.96037],[-121.99633,36.961],[-121.998,36.96264],[-122.00109,36.96191],[-122.00121,36.96133],[-122.00152,36.96659],[-122.00252,36.96798],[-122.00109,36.96893],[-122.00109,36.97009],[-122.00359,36.96741],[-122.00315,36.96437],[-122.00232,36.9635],[-122.00251,36.96116],[-122.00171,36.96042],[-122.00421,36.96228],[-122.00899,36.96329],[-122.01201,36.96314],[-122.01244,36.96602],[-122.01336,36.96358],[-122.0196,36.96326],[-122.02374,36.96178],[-122.02559,36.95769],[-122.02433,36.95534],[-122.02643,36.95032],[-122.02725,36.95145],[-122.02866,36.95181],[-122.03137,36.95114],[-122.03649,36.95255],[-122.04082,36.95284],[-122.04359,36.95059],[-122.05005,36.94863],[-122.04999,36.94935],[-122.05224,36.94917],[-122.053,36.94977],[-122.05401,36.94899],[-122.05775,36.94897],[-122.05727,36.9496],[-122.05921,36.9501],[-122.06594,36.94808],[-122.06693,36.94897],[-122.06781,36.94832],[-122.06999,36.94887],[-122.0723,36.9497],[-122.07248,36.95033],[-122.0737,36.94951],[-122.07426,36.95041],[-122.07586,36.95033],[-122.07654,36.95273],[-122.07802,36.95317],[-122.08012,36.95321],[-122.08231,36.95191],[-122.08359,36.95224],[-122.08363,36.95295],[-122.08644,36.95243],[-122.08725,36.9547],[-122.08748,36.95386],[-122.0911,36.95458],[-122.09204,36.95377],[-122.09281,36.95466],[-122.09551,36.95528],[-122.10011,36.95479],[-122.10191,36.95609],[-122.10339,36.95565],[-122.10606,36.95613],[-122.11495,36.96261],[-122.11965,36.96215],[-122.11984,36.9638],[-122.12262,36.9659],[-122.12516,36.96593],[-122.12665,36.96422],[-122.13091,36.96712],[-122.13392,36.96773],[-122.13469,36.96686],[-122.13519,36.96767],[-122.13477,36.96847],[-122.13576,36.96792],[-122.13619,36.96844],[-122.1356,36.96974],[-122.1367,36.9713],[-122.14107,36.97541],[-122.1439,36.97696],[-122.14473,36.9766],[-122.1471,36.97767],[-122.14988,36.97602],[-122.15108,36.97667],[-122.15317,36.97624],[-122.15429,36.97897],[-122.15523,36.97936],[-122.15511,36.98146],[-122.15754,36.98398],[-122.15857,36.98443],[-122.15866,36.98387],[-122.15921,36.98514],[-122.16094,36.98569],[-122.1621,36.98781],[-122.16405,36.98846],[-122.16689,36.98784],[-122.16696,36.98843],[-122.169,36.98845],[-122.16877,36.99057],[-122.17076,36.99326],[-122.17197,36.99289],[-122.17269,36.99469],[-122.17335,36.99373],[-122.174,36.99393],[-122.17652,36.9954],[-122.17706,36.99705],[-122.17939,36.99683],[-122.18108,36.99727],[-122.18133,36.99793],[-122.18297,36.99798],[-122.18341,36.99906],[-122.18273,36.99972],[-122.18154,36.99942],[-122.18151,37.00034],[-122.18255,37.00125],[-122.18585,37.00128],[-122.18542,37.00385],[-122.18677,37.00351],[-122.18965,37.00463],[-122.18986,37.00588],[-122.19233,37.00651],[-122.19248,37.00827],[-122.1951,37.00973],[-122.19654,37.00945],[-122.19679,37.01038],[-122.19986,37.01264],[-122.2062,37.01392],[-122.20854,37.01849],[-122.21094,37.02061],[-122.21465,37.02183],[-122.21641,37.02463],[-122.22286,37.02502],[-122.22479,37.02896],[-122.22644,37.03042],[-122.23127,37.0413],[-122.23708,37.04604],[-122.24734,37.05674],[-122.25368,37.06006],[-122.25325,37.06183],[-122.25604,37.06541],[-122.25636,37.06731],[-122.25766,37.06818],[-122.25851,37.06756],[-122.25861,37.06926],[-122.2591,37.06844],[-122.25985,37.06984],[-122.25934,37.07131],[-122.26004,37.07136],[-122.26054,37.07279],[-122.26181,37.07242],[-122.26268,37.0736],[-122.26226,37.07489],[-122.26424,37.07737],[-122.26651,37.07845],[-122.26799,37.07742],[-122.26698,37.07888],[-122.26882,37.08337],[-122.27011,37.08519],[-122.27479,37.08811],[-122.27658,37.09482],[-122.2784,37.09617],[-122.27649,37.09395],[-122.27655,37.09276],[-122.2771,37.09276],[-122.27761,37.09448],[-122.28361,37.09985],[-122.28526,37.10214],[-122.29207,37.10638],[-122.29679,37.11102],[-122.30533,37.11545],[-122.30606,37.11639],[-122.31146,37.1179],[-122.31398,37.11797],[-122.31542,37.11625],[-122.31551,37.11703],[-122.31759,37.1172],[-122.31943,37.11597],[-122.32243,37.11574],[-122.32919,37.11224],[-122.33023,37.11501],[-122.33214,37.11702],[-122.33459,37.11779],[-122.33743,37.11762],[-122.33839,37.12034],[-122.33948,37.12098],[-122.33877,37.12141],[-122.33782,37.1246],[-122.33712,37.1303],[-122.33799,37.13607],[-122.34296,37.14013],[-122.34372,37.14127],[-122.34374,37.14354],[-122.34596,37.14535],[-122.35181,37.1452],[-122.35151,37.14648],[-122.35589,37.14772],[-122.35509,37.14816],[-122.35575,37.14908],[-122.35962,37.1497],[-122.36056,37.14929],[-122.36094,37.15013],[-122.35964,37.15116],[-122.35983,37.15524],[-122.36184,37.16338],[-122.36504,37.17012],[-122.36707,37.17184],[-122.36721,37.17301],[-122.36974,37.17342],[-122.37158,37.17539],[-122.37315,37.17597],[-122.37301,37.17672],[-122.3748,37.17842],[-122.3761,37.1786],[-122.37928,37.18122],[-122.38117,37.18073],[-122.38254,37.18218],[-122.38671,37.1834],[-122.38973,37.18282],[-122.39167,37.18319],[-122.39275,37.18166],[-122.39473,37.18142],[-122.39443,37.18297],[-122.39705,37.1853],[-122.39669,37.1865],[-122.39796,37.19213],[-122.40322,37.1945],[-122.40509,37.19587],[-122.40558,37.19717],[-122.40514,37.20682],[-122.40702,37.20812],[-122.40669,37.20921],[-122.40785,37.21089],[-122.40773,37.21341],[-122.40914,37.21374],[-122.40758,37.21505],[-122.40718,37.21868],[-122.40929,37.22196],[-122.40855,37.22202],[-122.40893,37.223],[-122.41058,37.22404],[-122.40886,37.22535],[-122.41025,37.22669],[-122.41153,37.22643],[-122.41063,37.22723],[-122.41171,37.22785],[-122.411,37.22789],[-122.41343,37.22997],[-122.4139,37.23161],[-122.41579,37.23267],[-122.41539,37.23346],[-122.41672,37.23588],[-122.41568,37.23698],[-122.41914,37.24156],[-122.41827,37.24493],[-122.41841,37.24868],[-122.41707,37.25046],[-122.417,37.25292],[-122.41558,37.25379],[-122.41381,37.2585],[-122.414,37.25951],[-122.41483,37.25971],[-122.41367,37.26016],[-122.41443,37.26145],[-122.4131,37.26285],[-122.4129,37.26708],[-122.40985,37.26334],[-122.40617,37.26338],[-122.40876,37.26416],[-122.40823,37.26497],[-122.40912,37.26497],[-122.41159,37.26701],[-122.40881,37.27987],[-122.4082,37.28624],[-122.40761,37.28685],[-122.40759,37.29117],[-122.40653,37.29141],[-122.4074,37.29177],[-122.40745,37.29535],[-122.40627,37.29744],[-122.40598,37.3056],[-122.40417,37.31894],[-122.40296,37.32145],[-122.40382,37.32227],[-122.40408,37.32478],[-122.40322,37.32536],[-122.40101,37.33973],[-122.40115,37.34509],[-122.40181,37.34572],[-122.40138,37.34705],[-122.40237,37.34817],[-122.40096,37.34916],[-122.40094,37.35358],[-122.40002,37.35659],[-122.40155,37.36061],[-122.40495,37.36222],[-122.40579,37.36201],[-122.40825,37.36399],[-122.40751,37.36489],[-122.40914,37.36639],[-122.40841,37.36708],[-122.40902,37.36796],[-122.40832,37.36929],[-122.40896,37.37552],[-122.4111,37.37708],[-122.41091,37.37893],[-122.41185,37.37947],[-122.41284,37.37883],[-122.41327,37.37988],[-122.41374,37.37937],[-122.41481,37.37994],[-122.41459,37.38078],[-122.41636,37.38395],[-122.41554,37.38554],[-122.41705,37.38569],[-122.4187,37.38697],[-122.41926,37.38844],[-122.42296,37.39244],[-122.42315,37.39334],[-122.42226,37.39356],[-122.42221,37.39609],[-122.42334,37.39686],[-122.42322,37.40065],[-122.42716,37.40471],[-122.42803,37.40755],[-122.4274,37.4095],[-122.43084,37.4118],[-122.43179,37.41133],[-122.43112,37.41217],[-122.4319,37.412],[-122.43218,37.41417],[-122.43417,37.41575],[-122.43422,37.41835],[-122.43584,37.41996],[-122.43548,37.42113],[-122.43645,37.42374],[-122.43999,37.42761],[-122.441,37.43168],[-122.44313,37.43299],[-122.44289,37.43496],[-122.444,37.4359],[-122.44457,37.43771],[-122.44398,37.44147],[-122.4456,37.46147],[-122.4469,37.46512],[-122.44733,37.47035],[-122.44961,37.47672],[-122.45419,37.48534],[-122.45796,37.49066],[-122.46412,37.49603],[-122.47134,37.50044],[-122.47959,37.5032],[-122.48128,37.50342],[-122.48152,37.50276],[-122.48319,37.50347],[-122.48839,37.50328],[-122.49234,37.50223],[-122.49579,37.50013],[-122.49635,37.49785],[-122.49508,37.49622],[-122.4953,37.49564],[-122.4994,37.49566],[-122.50069,37.49785],[-122.49885,37.49994],[-122.49876,37.501],[-122.5014,37.50446],[-122.50558,37.50678],[-122.51185,37.51314],[-122.51421,37.51947],[-122.51702,37.52173],[-122.51801,37.5241],[-122.51707,37.52584],[-122.51721,37.52722],[-122.51815,37.52802],[-122.51708,37.5294],[-122.51971,37.53339],[-122.51975,37.53719],[-122.51852,37.5379],[-122.51857,37.54005],[-122.51739,37.54085],[-122.51747,37.54329],[-122.51539,37.54586],[-122.5136,37.55599],[-122.51591,37.55855],[-122.51433,37.55995],[-122.51444,37.5618],[-122.51541,37.56236],[-122.51421,37.5635],[-122.5145,37.56609],[-122.51516,37.56718],[-122.51817,37.56761],[-122.51629,37.56928],[-122.51739,37.56986],[-122.51687,37.57092],[-122.51838,37.5712],[-122.5178,37.57185],[-122.51857,37.57231],[-122.51747,37.57296],[-122.52056,37.574],[-122.52039,37.57535],[-122.51806,37.5769],[-122.51726,37.58928],[-122.51756,37.59127],[-122.52067,37.5935],[-122.52093,37.5944],[-122.51489,37.59584],[-122.51409,37.59784],[-122.51495,37.59871],[-122.50766,37.59618],[-122.5061,37.5964],[-122.5036,37.59775],[-122.50061,37.60134],[-122.4999,37.60376],[-122.50183,37.60547],[-122.50207,37.60674],[-122.50136,37.60785],[-122.49851,37.60826],[-122.49697,37.61202],[-122.49827,37.61407],[-122.49737,37.6188],[-122.49903,37.62018],[-122.49695,37.6212],[-122.49608,37.62327],[-122.49415,37.64351],[-122.49433,37.66135],[-122.49513,37.66465],[-122.49639,37.66634],[-122.49566,37.67177],[-122.49632,37.68208],[-122.50157,37.70421],[-122.50703,37.72356],[-122.5082,37.74016],[-122.51174,37.76375],[-122.51247,37.77512],[-122.51295,37.7772],[-122.51431,37.77821],[-122.51467,37.78104],[-122.51264,37.784],[-122.50813,37.78609],[-122.50578,37.78832],[-122.49953,37.78873],[-122.49681,37.78736],[-122.49455,37.78815],[-122.49361,37.78759],[-122.48976,37.78939],[-122.4874,37.78928],[-122.48545,37.79048],[-122.48285,37.79533],[-122.48196,37.7987],[-122.47999,37.80139],[-122.47782,37.80887],[-122.4778,37.81097],[-122.47723,37.81109],[-122.47844,37.82535],[-122.48141,37.82615],[-122.48311,37.82573],[-122.48441,37.82698],[-122.48627,37.82624],[-122.49068,37.82673],[-122.49606,37.82207],[-122.49964,37.82204],[-122.49941,37.8199],[-122.50117,37.82032],[-122.50176,37.82166],[-122.5046,37.82107],[-122.50563,37.82317],[-122.50933,37.82436],[-122.51558,37.82543],[-122.51681,37.82475],[-122.51803,37.82546],[-122.52287,37.82511],[-122.52382,37.82471],[-122.52434,37.82269],[-122.52546,37.82246],[-122.5257,37.82114],[-122.52886,37.82034],[-122.52952,37.81889],[-122.52782,37.81551],[-122.52997,37.81541],[-122.52908,37.81623],[-122.53058,37.81747],[-122.53056,37.81862],[-122.53176,37.8193],[-122.53193,37.82117],[-122.53414,37.82204],[-122.53431,37.82335],[-122.5362,37.82411],[-122.53481,37.82467],[-122.53431,37.82581],[-122.53587,37.82891],[-122.53994,37.8318],[-122.54167,37.83161],[-122.54193,37.83261],[-122.54308,37.83214],[-122.54593,37.83414],[-122.54933,37.83405],[-122.54883,37.83601],[-122.54982,37.83815],[-122.5512,37.83905],[-122.55155,37.84077],[-122.55272,37.84165],[-122.55334,37.84107],[-122.55395,37.84221],[-122.55542,37.84182],[-122.55594,37.84445],[-122.55959,37.84544],[-122.55867,37.84691],[-122.55888,37.84788],[-122.5607,37.84812],[-122.56233,37.85112],[-122.56209,37.85205],[-122.56653,37.85406],[-122.56785,37.85343],[-122.57034,37.85357],[-122.57025,37.85451],[-122.57358,37.85588],[-122.57508,37.85853],[-122.57756,37.85959],[-122.58048,37.85941],[-122.58046,37.85849],[-122.58185,37.85704],[-122.58251,37.85758],[-122.58207,37.85834],[-122.58475,37.85926],[-122.58487,37.86037],[-122.58878,37.86148],[-122.58865,37.86228],[-122.59048,37.86479],[-122.60227,37.87558],[-122.60445,37.87523],[-122.6115,37.87809],[-122.61293,37.87786],[-122.61317,37.87856],[-122.61789,37.87698],[-122.62093,37.87802],[-122.62163,37.87951],[-122.62413,37.88106],[-122.62663,37.88048],[-122.62774,37.88095],[-122.62913,37.88195],[-122.62838,37.88497],[-122.63168,37.88702],[-122.63508,37.89166],[-122.64243,37.89714],[-122.64779,37.89998],[-122.65571,37.90324],[-122.66264,37.9051],[-122.67736,37.90645],[-122.68028,37.90759],[-122.68121,37.90851],[-122.68055,37.90919],[-122.67635,37.90787],[-122.67146,37.90894],[-122.66583,37.90862],[-122.66114,37.90919],[-122.65187,37.90605],[-122.65116,37.90549],[-122.65149,37.90436],[-122.65095,37.90371],[-122.6475,37.90273],[-122.65175,37.90678],[-122.65291,37.90675],[-122.65725,37.90977],[-122.65934,37.90991],[-122.66008,37.91088],[-122.66477,37.91292],[-122.66633,37.9143],[-122.6664,37.91587],[-122.66819,37.91749],[-122.67147,37.91896],[-122.67201,37.92079],[-122.67408,37.92214],[-122.67545,37.92408],[-122.67691,37.92502],[-122.6805,37.92543],[-122.68234,37.92771],[-122.68284,37.92979],[-122.68906,37.93045],[-122.68956,37.93085],[-122.68911,37.93214],[-122.6925,37.93331],[-122.69465,37.93327],[-122.69743,37.93438],[-122.69838,37.93361],[-122.69823,37.93203],[-122.6962,37.92996],[-122.69512,37.92588],[-122.69356,37.92359],[-122.69201,37.92261],[-122.69017,37.92317],[-122.68962,37.92167],[-122.68798,37.92176],[-122.68854,37.92022],[-122.68753,37.91872],[-122.6884,37.91574],[-122.68441,37.91049],[-122.68213,37.90976],[-122.68241,37.90622],[-122.69755,37.8988],[-122.69956,37.89731],[-122.70052,37.89606],[-122.70041,37.89486],[-122.7017,37.89386],[-122.70972,37.8959],[-122.71257,37.89955],[-122.71446,37.90061],[-122.72186,37.90175],[-122.7266,37.90324],[-122.72727,37.90386],[-122.72868,37.9104],[-122.7305,37.91285],[-122.73181,37.91768],[-122.73668,37.92554],[-122.74281,37.92901],[-122.74938,37.93132],[-122.75467,37.93536],[-122.76523,37.9372],[-122.76618,37.93779],[-122.76818,37.94154],[-122.77115,37.94392],[-122.77426,37.94403],[-122.77653,37.94318],[-122.77589,37.94559],[-122.77846,37.94805],[-122.78209,37.94763],[-122.78327,37.94812],[-122.78363,37.94958],[-122.78297,37.95089],[-122.78443,37.95548],[-122.79223,37.97021],[-122.79815,37.97744],[-122.80138,37.9803],[-122.8087,37.98525],[-122.81214,37.98501],[-122.82117,37.99634],[-122.82527,37.99874],[-122.82813,37.99805],[-122.82801,37.99966],[-122.8315,38.00253],[-122.8548,38.01583],[-122.86969,38.02158],[-122.88332,38.02556],[-122.89463,38.02753],[-122.91815,38.02852],[-122.92299,38.0293],[-122.92582,38.02874],[-122.92754,38.02911],[-122.92992,38.03097],[-122.93135,38.03326],[-122.93076,38.03416],[-122.92482,38.02982],[-122.91992,38.02931],[-122.9201,38.02998],[-122.9173,38.02972],[-122.91501,38.03042],[-122.91133,38.02958],[-122.90942,38.03077],[-122.90345,38.02929],[-122.90037,38.03026],[-122.8969,38.02971],[-122.89459,38.03032],[-122.89178,38.0293],[-122.88923,38.02963],[-122.88822,38.02792],[-122.88614,38.02732],[-122.88556,38.02822],[-122.88431,38.02845],[-122.88435,38.03254],[-122.88296,38.03322],[-122.88242,38.03495],[-122.88041,38.03644],[-122.87996,38.03888],[-122.88063,38.03898],[-122.88522,38.03348],[-122.88742,38.0298],[-122.88716,38.02857],[-122.88589,38.02805],[-122.88617,38.02757],[-122.88772,38.02793],[-122.88841,38.02985],[-122.89147,38.03244],[-122.89147,38.0363],[-122.89063,38.03682],[-122.89138,38.03715],[-122.89195,38.03963],[-122.8915,38.04191],[-122.89284,38.04314],[-122.8935,38.04006],[-122.89308,38.03758],[-122.89447,38.03532],[-122.89364,38.03424],[-122.89452,38.03279],[-122.89674,38.03167],[-122.8995,38.03149],[-122.90754,38.03317],[-122.90867,38.03495],[-122.90688,38.03656],[-122.9057,38.04045],[-122.90417,38.04187],[-122.90477,38.04342],[-122.90713,38.04456],[-122.90532,38.04736],[-122.90822,38.04926],[-122.90933,38.05166],[-122.91037,38.0488],[-122.91053,38.04457],[-122.91352,38.04002],[-122.9131,38.03519],[-122.91397,38.03351],[-122.91721,38.03381],[-122.91817,38.03712],[-122.91891,38.03359],[-122.92044,38.03293],[-122.92426,38.0331],[-122.92489,38.03461],[-122.92702,38.03598],[-122.92789,38.03531],[-122.93201,38.0355],[-122.93273,38.0384],[-122.9319,38.04193],[-122.93605,38.04394],[-122.93754,38.04607],[-122.93565,38.04882],[-122.93418,38.0536],[-122.9332,38.0549],[-122.92567,38.05847],[-122.92473,38.05967],[-122.92234,38.05955],[-122.92244,38.06168],[-122.91959,38.06353],[-122.92169,38.06474],[-122.9215,38.06627],[-122.91221,38.07028],[-122.91147,38.07286],[-122.91221,38.07325],[-122.91364,38.07155],[-122.91513,38.07104],[-122.9165,38.07141],[-122.91815,38.06939],[-122.92234,38.07127],[-122.92192,38.07246],[-122.92313,38.07474],[-122.92386,38.07356],[-122.9231,38.07079],[-122.92687,38.0639],[-122.92912,38.06238],[-122.93326,38.06421],[-122.93399,38.06634],[-122.9328,38.06843],[-122.93405,38.06958],[-122.93339,38.07216],[-122.93503,38.07508],[-122.93173,38.07987],[-122.93164,38.081],[-122.93261,38.08261],[-122.93543,38.08417],[-122.93126,38.0862],[-122.9301,38.0894],[-122.92824,38.09108],[-122.93062,38.09141],[-122.93506,38.08915],[-122.93456,38.08641],[-122.93756,38.0829],[-122.9364,38.08221],[-122.93673,38.08084],[-122.94029,38.0773],[-122.93937,38.07583],[-122.93966,38.07127],[-122.94209,38.06634],[-122.9415,38.06385],[-122.94428,38.06183],[-122.9443,38.06083],[-122.95287,38.06037],[-122.95433,38.06196],[-122.95307,38.06373],[-122.9543,38.06611],[-122.9532,38.07134],[-122.95456,38.07238],[-122.95409,38.07343],[-122.9547,38.0754],[-122.95649,38.07613],[-122.95609,38.07746],[-122.95713,38.07748],[-122.95718,38.07591],[-122.95633,38.07465],[-122.95689,38.07351],[-122.95616,38.07345],[-122.95643,38.0711],[-122.95543,38.06989],[-122.95746,38.06818],[-122.9577,38.06616],[-122.95616,38.06363],[-122.95829,38.0616],[-122.95472,38.0593],[-122.95067,38.05806],[-122.9482,38.0537],[-122.94923,38.04882],[-122.95565,38.05151],[-122.9601,38.05495],[-122.96362,38.05635],[-122.96412,38.05596],[-122.96348,38.05492],[-122.95968,38.05341],[-122.96005,38.05268],[-122.96128,38.05279],[-122.95836,38.05141],[-122.95675,38.04866],[-122.95411,38.04858],[-122.94926,38.04609],[-122.94713,38.04308],[-122.94181,38.03852],[-122.94034,38.03484],[-122.93878,38.03467],[-122.9389,38.03588],[-122.93659,38.03559],[-122.93584,38.03409],[-122.93866,38.03312],[-122.93973,38.03167],[-122.95329,38.02973],[-122.96079,38.02742],[-122.96555,38.02483],[-122.97213,38.02031],[-122.97652,38.01607],[-122.98173,38.00916],[-122.98334,38.00531],[-122.98406,38.00163],[-122.98289,37.99776],[-122.97765,37.99616],[-122.97633,37.99496],[-122.97338,37.99394],[-122.96728,37.99365],[-122.96437,37.98996],[-122.97268,37.99012],[-122.97432,37.99241],[-122.98312,37.99239],[-122.98508,37.99296],[-122.98659,37.99205],[-122.98711,37.9934],[-122.98796,37.99306],[-122.99062,37.99457],[-122.99347,37.99403],[-122.99364,37.99307],[-122.99472,37.9927],[-122.99569,37.99398],[-122.99685,37.99416],[-122.99939,37.99331],[-123.0001,37.99392],[-123.00111,37.99318],[-123.00567,37.99328],[-123.00637,37.99473],[-123.00803,37.99556],[-123.0098,37.99505],[-123.0109,37.99553],[-123.01156,37.99463],[-123.01222,37.99558],[-123.01433,37.99386],[-123.01742,37.9945],[-123.01781,37.99402],[-123.02107,37.99517],[-123.02404,37.9948],[-123.0239,37.99605],[-123.02065,37.99974],[-123.01739,37.99871],[-123.01624,37.99901],[-123.01512,38.00104],[-123.01357,38.00084],[-123.01199,38.00288],[-123.00795,38.00972],[-122.99796,38.0309],[-122.99624,38.03314],[-122.99562,38.03589],[-122.99385,38.03841],[-122.97786,38.07306],[-122.97624,38.07787],[-122.97444,38.08063],[-122.96798,38.09692],[-122.96255,38.10849],[-122.96215,38.11066],[-122.96062,38.11308],[-122.95138,38.14085],[-122.94867,38.1545],[-122.94963,38.15806],[-122.94956,38.16416],[-122.95211,38.1665],[-122.95142,38.16783],[-122.95183,38.16982],[-122.95468,38.17059],[-122.95334,38.17105],[-122.953,38.17214],[-122.95404,38.17626],[-122.95574,38.17796],[-122.96447,38.18134],[-122.96661,38.18317],[-122.96835,38.18232],[-122.96723,38.1839],[-122.96576,38.18459],[-122.96517,38.1884],[-122.96529,38.19103],[-122.96673,38.19132],[-122.96588,38.19178],[-122.96585,38.1961],[-122.96803,38.20251],[-122.96993,38.20329],[-122.97206,38.20724],[-122.97559,38.20923],[-122.9771,38.21148],[-122.98066,38.21412],[-122.9814,38.2174],[-122.98076,38.22093],[-122.9817,38.22304],[-122.98385,38.22464],[-122.98486,38.22458],[-122.98593,38.22637],[-122.98737,38.22683],[-122.98684,38.22723],[-122.98774,38.22934],[-122.98901,38.22929],[-122.98908,38.23032],[-122.99187,38.23262],[-122.99191,38.23444],[-122.99383,38.23569],[-122.99329,38.23665],[-122.99552,38.23938],[-122.99522,38.24095],[-122.99005,38.23814],[-122.98741,38.23797],[-122.98486,38.23512],[-122.98288,38.23434],[-122.98128,38.23116],[-122.97873,38.22924],[-122.97748,38.22709],[-122.97098,38.22334],[-122.97005,38.22117],[-122.96154,38.21256],[-122.96097,38.21073],[-122.95911,38.20857],[-122.95713,38.20833],[-122.95503,38.20657],[-122.95157,38.20613],[-122.95003,38.20513],[-122.95046,38.20267],[-122.95152,38.20252],[-122.94859,38.20301],[-122.94643,38.20192],[-122.94565,38.19954],[-122.94624,38.19765],[-122.94786,38.19737],[-122.94722,38.19578],[-122.94848,38.19514],[-122.95143,38.1956],[-122.95005,38.19373],[-122.94628,38.19342],[-122.94305,38.1942],[-122.94133,38.19324],[-122.94104,38.19232],[-122.93744,38.19092],[-122.93744,38.18957],[-122.93543,38.18875],[-122.93494,38.18744],[-122.93312,38.18705],[-122.93164,38.1877],[-122.93211,38.18652],[-122.93008,38.18414],[-122.93067,38.1818],[-122.93015,38.18047],[-122.92732,38.17854],[-122.92673,38.17642],[-122.92294,38.17516],[-122.92357,38.17279],[-122.92175,38.17181],[-122.92086,38.16888],[-122.91909,38.16869],[-122.9153,38.1648],[-122.9152,38.16113],[-122.9119,38.15968],[-122.90963,38.15966],[-122.9068,38.15663],[-122.90801,38.15427],[-122.91074,38.15209],[-122.90746,38.1519],[-122.90586,38.151],[-122.906,38.14972],[-122.90386,38.14932],[-122.9032,38.14796],[-122.90393,38.14568],[-122.90221,38.14525],[-122.90103,38.14442],[-122.90121,38.14353],[-122.89643,38.14068],[-122.8953,38.13875],[-122.89674,38.13632],[-122.89525,38.13569],[-122.89365,38.13272],[-122.88912,38.13224],[-122.88692,38.13],[-122.88685,38.12814],[-122.88299,38.12623],[-122.88221,38.12467],[-122.88253,38.12337],[-122.87966,38.12252],[-122.87485,38.11856],[-122.87431,38.11721],[-122.8698,38.1148],[-122.86933,38.11343],[-122.86586,38.11131],[-122.86428,38.1087],[-122.85725,38.10336],[-122.85508,38.10059],[-122.85089,38.09738],[-122.85034,38.09541],[-122.84676,38.09333],[-122.84504,38.09113],[-122.84179,38.09023],[-122.83289,38.08062],[-122.83204,38.07802],[-122.82907,38.07702],[-122.82381,38.0729],[-122.82794,38.07672],[-122.83188,38.07813],[-122.8319,38.07986],[-122.83749,38.08852],[-122.83641,38.08899],[-122.83216,38.08506],[-122.8335,38.08797],[-122.8332,38.08889],[-122.82766,38.08254],[-122.82624,38.08502],[-122.82546,38.09127],[-122.82777,38.09248],[-122.83296,38.09788],[-122.83718,38.10107],[-122.8394,38.10418],[-122.84082,38.10528],[-122.8419,38.10461],[-122.84141,38.10537],[-122.84235,38.10737],[-122.84579,38.1076],[-122.84949,38.1057],[-122.85148,38.10696],[-122.85268,38.10933],[-122.85089,38.11345],[-122.85233,38.115],[-122.85489,38.11643],[-122.8586,38.11583],[-122.85895,38.11648],[-122.85985,38.11631],[-122.85938,38.11783],[-122.86153,38.11979],[-122.8598,38.11776],[-122.86049,38.11657],[-122.86473,38.11924],[-122.86489,38.1202],[-122.86251,38.1241],[-122.86294,38.12732],[-122.86761,38.1301],[-122.87091,38.13322],[-122.87126,38.13526],[-122.87261,38.13711],[-122.87185,38.13903],[-122.87291,38.14047],[-122.87416,38.14058],[-122.87704,38.14275],[-122.88112,38.14361],[-122.884,38.14866],[-122.88784,38.14895],[-122.88871,38.15017],[-122.8882,38.15157],[-122.89159,38.15435],[-122.89475,38.15889],[-122.89411,38.1619],[-122.89813,38.16334],[-122.90105,38.16544],[-122.90098,38.16691],[-122.90214,38.16795],[-122.90359,38.1714],[-122.90397,38.17456],[-122.90583,38.17524],[-122.90605,38.17632],[-122.90925,38.17961],[-122.90992,38.18286],[-122.9118,38.18394],[-122.91341,38.18853],[-122.9177,38.19055],[-122.91874,38.19404],[-122.92077,38.19709],[-122.92166,38.20106],[-122.926,38.20622],[-122.92574,38.21459],[-122.92249,38.22122],[-122.92748,38.2177],[-122.92822,38.21551],[-122.93038,38.21332],[-122.93359,38.21148],[-122.9355,38.21237],[-122.93572,38.21403],[-122.94074,38.21896],[-122.94459,38.22027],[-122.9489,38.22],[-122.94775,38.21886],[-122.95017,38.21578],[-122.95293,38.21433],[-122.95399,38.21603],[-122.95404,38.21922],[-122.95209,38.22399],[-122.95343,38.22648],[-122.95255,38.23024],[-122.95435,38.23276],[-122.95873,38.23538],[-122.95894,38.23288],[-122.96069,38.23437],[-122.96291,38.23388],[-122.96303,38.23123],[-122.968,38.23203],[-122.97192,38.2317],[-122.97277,38.23341],[-122.9697,38.23873],[-122.96729,38.24939],[-122.9685,38.25345],[-122.97053,38.25518],[-122.97121,38.25894],[-122.97418,38.26115],[-122.97449,38.26288],[-122.97772,38.26636],[-122.97722,38.26829],[-122.97779,38.26986],[-122.9784,38.27053],[-122.98112,38.27027],[-122.98388,38.27292],[-122.98656,38.27307],[-122.98765,38.27463],[-122.98743,38.27597],[-122.9889,38.27729],[-122.98875,38.27999],[-122.99484,38.28295],[-122.99543,38.28525],[-122.99673,38.28619],[-122.99732,38.28948],[-123.00012,38.29082],[-123.00017,38.29259],[-123.00277,38.29573],[-123.00767,38.29872],[-123.01368,38.30381],[-123.02274,38.30879],[-123.02434,38.31044],[-123.03159,38.31248],[-123.03932,38.3135],[-123.04694,38.31261],[-123.05142,38.31049],[-123.05312,38.30797],[-123.05291,38.3059],[-123.05422,38.30622],[-123.05498,38.30851],[-123.05203,38.31238],[-123.05062,38.31254],[-123.05161,38.31376],[-123.05078,38.31465],[-123.04842,38.31538],[-123.04524,38.31494],[-123.0454,38.31435],[-123.03887,38.31488],[-123.03679,38.31667],[-123.03876,38.31719],[-123.03988,38.31875],[-123.03946,38.32173],[-123.03764,38.32242],[-123.03982,38.32432],[-123.04062,38.3261],[-123.04317,38.32811],[-123.04508,38.3286],[-123.04996,38.33434],[-123.05177,38.33299],[-123.05168,38.33377],[-123.0505,38.3344],[-123.05182,38.3344],[-123.05257,38.33353],[-123.05366,38.33474],[-123.05783,38.33641],[-123.05946,38.3354],[-123.05998,38.33382],[-123.05809,38.32827],[-123.05521,38.32612],[-123.05474,38.31947],[-123.0571,38.31661],[-123.05665,38.31442],[-123.05765,38.31364],[-123.06073,38.3132],[-123.0614,38.31197],[-123.05807,38.30807],[-123.05719,38.3044],[-123.0542,38.30436],[-123.05205,38.30245],[-123.05298,38.29968],[-123.05448,38.29901],[-123.05687,38.29931],[-123.05719,38.29842],[-123.05821,38.2982],[-123.05885,38.29894],[-123.05984,38.29878],[-123.05989,38.29951],[-123.06168,38.29964],[-123.06304,38.30228],[-123.06401,38.30189],[-123.06529,38.30259],[-123.06519,38.30584],[-123.06772,38.30833],[-123.06753,38.30991],[-123.06955,38.31139],[-123.06896,38.31187],[-123.07095,38.31427],[-123.06918,38.31642],[-123.07022,38.31702],[-123.07154,38.31609],[-123.07239,38.31628],[-123.07455,38.31937],[-123.07739,38.32096],[-123.07856,38.32336],[-123.07524,38.32225],[-123.07323,38.32385],[-123.06873,38.33468],[-123.06762,38.35659],[-123.06932,38.36214],[-123.07253,38.36641],[-123.07371,38.3697],[-123.07482,38.37004],[-123.07897,38.37464],[-123.07866,38.37639],[-123.0816,38.37786],[-123.08215,38.38239],[-123.08463,38.38593],[-123.08554,38.39059],[-123.08864,38.39253],[-123.0895,38.39242],[-123.09002,38.39355],[-123.0921,38.39406],[-123.0925,38.39493],[-123.09404,38.39475],[-123.09363,38.39347],[-123.09514,38.39262],[-123.09601,38.394],[-123.09703,38.39418],[-123.09627,38.39535],[-123.09752,38.39587],[-123.09628,38.39607],[-123.09628,38.39848],[-123.09858,38.40395],[-123.09887,38.4062],[-123.09819,38.40639],[-123.10012,38.40865],[-123.10002,38.41002],[-123.10201,38.4122],[-123.10191,38.4131],[-123.10571,38.41731],[-123.108,38.41808],[-123.10889,38.42029],[-123.11469,38.42154],[-123.11418,38.4222],[-123.11496,38.42246],[-123.11616,38.42501],[-123.11717,38.42877],[-123.11806,38.42924],[-123.11903,38.42873],[-123.11958,38.42965],[-123.12217,38.43021],[-123.12116,38.43048],[-123.12066,38.43163],[-123.12175,38.43289],[-123.12248,38.43727],[-123.12394,38.44038],[-123.12538,38.44086],[-123.12707,38.43946],[-123.12844,38.43972],[-123.12601,38.44238],[-123.12713,38.44717],[-123.12908,38.45042],[-123.12849,38.45027],[-123.12877,38.45101],[-123.13009,38.4513],[-123.13328,38.45413],[-123.13819,38.45534],[-123.14012,38.45649],[-123.14451,38.45594],[-123.14415,38.45649],[-123.14469,38.45679],[-123.14304,38.45745],[-123.14448,38.4586],[-123.14639,38.45786],[-123.14665,38.45826],[-123.14523,38.45933],[-123.14575,38.45993],[-123.14769,38.45976],[-123.14879,38.46108],[-123.15139,38.46226],[-123.15201,38.46204],[-123.15181,38.46087],[-123.15264,38.46095],[-123.15311,38.46258],[-123.15135,38.46278],[-123.15129,38.46357],[-123.15226,38.46437],[-123.15632,38.46463],[-123.15571,38.46621],[-123.15658,38.46694],[-123.15785,38.46682],[-123.15868,38.46828],[-123.16156,38.46822],[-123.16217,38.46759],[-123.16311,38.46808],[-123.16326,38.46879],[-123.16234,38.46936],[-123.16464,38.47032],[-123.16347,38.47068],[-123.16391,38.473],[-123.1655,38.4744],[-123.16856,38.47544],[-123.16972,38.47505],[-123.16997,38.4758],[-123.16917,38.47605],[-123.16991,38.47677],[-123.173,38.47715],[-123.17578,38.48014],[-123.17785,38.48051],[-123.1791,38.482],[-123.18233,38.48284],[-123.18306,38.48474],[-123.18504,38.48524],[-123.19334,38.49003],[-123.19922,38.49188],[-123.20078,38.49361],[-123.20304,38.49466],[-123.21033,38.49636],[-123.21479,38.49907],[-123.22132,38.49889],[-123.22709,38.50193],[-123.23176,38.50268],[-123.2311,38.50495],[-123.23449,38.50596],[-123.23524,38.50925],[-123.23892,38.5099],[-123.24043,38.50898],[-123.24085,38.5099],[-123.24266,38.51026],[-123.24263,38.51176],[-123.24475,38.51163],[-123.24608,38.51318],[-123.24749,38.51322],[-123.24915,38.5121],[-123.24998,38.51089],[-123.24954,38.50992],[-123.25113,38.51018],[-123.25209,38.51141],[-123.25419,38.5116],[-123.25511,38.51226],[-123.25407,38.5142],[-123.25426,38.51562],[-123.25617,38.51669],[-123.25815,38.51658],[-123.25837,38.51878],[-123.2615,38.51977],[-123.26169,38.52043],[-123.26282,38.52034],[-123.26452,38.52184],[-123.264,38.52318],[-123.26459,38.52385],[-123.26738,38.52427],[-123.2691,38.52529],[-123.26724,38.52711],[-123.26797,38.52971],[-123.27085,38.53022],[-123.27188,38.53231],[-123.27381,38.53288],[-123.27533,38.53295],[-123.27881,38.53149],[-123.27872,38.53425],[-123.27943,38.53617],[-123.28243,38.53581],[-123.28575,38.53991],[-123.28709,38.53963],[-123.28697,38.54021],[-123.28789,38.54022],[-123.28842,38.54127],[-123.29023,38.54042],[-123.29441,38.54322],[-123.29587,38.54304],[-123.29867,38.5441],[-123.29785,38.54703],[-123.30044,38.54661],[-123.30238,38.54802],[-123.30353,38.54735],[-123.30429,38.54788],[-123.30533,38.55056],[-123.30617,38.55076],[-123.30565,38.55136],[-123.3065,38.55275],[-123.30525,38.55328],[-123.30502,38.55448],[-123.30375,38.55458],[-123.30367,38.55538],[-123.30478,38.55601],[-123.3107,38.5562],[-123.31127,38.55706],[-123.31365,38.55735],[-123.31573,38.55879],[-123.31744,38.55867],[-123.31789,38.56006],[-123.31928,38.55969],[-123.32049,38.56045],[-123.32372,38.56068],[-123.32329,38.56132],[-123.32395,38.56395],[-123.32551,38.56394],[-123.32808,38.56559],[-123.32931,38.56563],[-123.3291,38.56646],[-123.33011,38.56733],[-123.33202,38.56551],[-123.33395,38.56589],[-123.33603,38.5689],[-123.33586,38.57037],[-123.33862,38.57077],[-123.33858,38.57186],[-123.34025,38.57233],[-123.3386,38.57349],[-123.33961,38.57428],[-123.33922,38.57475],[-123.34053,38.57691],[-123.33938,38.58085],[-123.33825,38.58173],[-123.33603,38.58141],[-123.33559,38.58255],[-123.33945,38.58347],[-123.34185,38.58672],[-123.34325,38.58687],[-123.34204,38.5876],[-123.34356,38.58923],[-123.34334,38.59016],[-123.34547,38.59132],[-123.34566,38.59272],[-123.3494,38.59537],[-123.34964,38.5969],[-123.35171,38.59693],[-123.35388,38.59853],[-123.35568,38.59845],[-123.35731,38.5971],[-123.35955,38.59738],[-123.36068,38.5983],[-123.36025,38.59885],[-123.36096,38.6009],[-123.36641,38.60211],[-123.36587,38.60242],[-123.36641,38.603],[-123.3687,38.60429],[-123.36848,38.60373],[-123.36903,38.60379],[-123.37101,38.60657],[-123.372,38.60647],[-123.37202,38.60726],[-123.37089,38.60805],[-123.36683,38.60833],[-123.36681,38.6093],[-123.36771,38.60998],[-123.36629,38.61209],[-123.36681,38.61322],[-123.37457,38.61607],[-123.37464,38.61698],[-123.37764,38.62034],[-123.37882,38.62066],[-123.3791,38.62203],[-123.38089,38.62231],[-123.38027,38.62335],[-123.38119,38.62351],[-123.38124,38.62506],[-123.38219,38.62513],[-123.38245,38.62585],[-123.38389,38.62559],[-123.38507,38.62731],[-123.38679,38.62743],[-123.38655,38.62891],[-123.38756,38.62825],[-123.38992,38.62979],[-123.39046,38.6306],[-123.38999,38.63128],[-123.38797,38.63068],[-123.38749,38.63209],[-123.3907,38.63606],[-123.39554,38.63765],[-123.39349,38.63858],[-123.39372,38.63987],[-123.39709,38.64271],[-123.39895,38.64339],[-123.3995,38.64455],[-123.40047,38.64439],[-123.39973,38.64576],[-123.40158,38.64685],[-123.39794,38.64723],[-123.39865,38.64814],[-123.40037,38.64857],[-123.39974,38.64977],[-123.4032,38.64947],[-123.4027,38.6509],[-123.40457,38.65136],[-123.40407,38.65179],[-123.40546,38.65248],[-123.4057,38.65346],[-123.40737,38.65328],[-123.40731,38.65409],[-123.40844,38.65448],[-123.4086,38.65496],[-123.40733,38.65496],[-123.40719,38.65582],[-123.4057,38.65668],[-123.40846,38.65926],[-123.40924,38.65911],[-123.40872,38.66027],[-123.40954,38.66251],[-123.41473,38.66603],[-123.4148,38.66697],[-123.41558,38.66677],[-123.41665,38.66768],[-123.41553,38.6677],[-123.41594,38.66843],[-123.41492,38.66888],[-123.41678,38.6703],[-123.41639,38.67075],[-123.4194,38.67271],[-123.41952,38.67459],[-123.42445,38.67542],[-123.42455,38.67666],[-123.42653,38.67682],[-123.42617,38.67762],[-123.42711,38.67748],[-123.42709,38.67804],[-123.42867,38.67781],[-123.42921,38.67702],[-123.42815,38.67825],[-123.43009,38.67848],[-123.42962,38.67919],[-123.43072,38.68006],[-123.43115,38.67898],[-123.43221,38.67862],[-123.43152,38.68062],[-123.43223,38.68101],[-123.43278,38.68043],[-123.43395,38.68178],[-123.43513,38.68185],[-123.43495,38.68243],[-123.43355,38.68229],[-123.43245,38.68307],[-123.4327,38.68781],[-123.43351,38.68963],[-123.43733,38.69074],[-123.43671,38.69222],[-123.43851,38.69396],[-123.43981,38.69403],[-123.43945,38.69628],[-123.4411,38.69769],[-123.44101,38.69937],[-123.44348,38.7007],[-123.44587,38.70053],[-123.44612,38.70167],[-123.44488,38.70224],[-123.44599,38.70343],[-123.4483,38.70285],[-123.44945,38.70391],[-123.44919,38.70453],[-123.4502,38.70422],[-123.44952,38.70512],[-123.45214,38.70522],[-123.4527,38.7061],[-123.45221,38.70697],[-123.454,38.70707],[-123.45299,38.70753],[-123.45299,38.70862],[-123.45535,38.71021],[-123.45608,38.71314],[-123.45985,38.71484],[-123.4611,38.71725],[-123.46318,38.71849],[-123.46435,38.7183],[-123.46353,38.71881],[-123.46422,38.71862],[-123.46452,38.71933],[-123.46867,38.72005],[-123.46882,38.72114],[-123.47126,38.72124],[-123.47148,38.72244],[-123.47499,38.72179],[-123.4811,38.72639],[-123.4832,38.72642],[-123.48473,38.72786],[-123.48476,38.72903],[-123.48886,38.73052],[-123.49063,38.73397],[-123.49377,38.73713],[-123.49915,38.73795],[-123.49959,38.73874],[-123.50693,38.74117],[-123.51112,38.74062],[-123.51469,38.74223],[-123.51363,38.74279],[-123.5157,38.74322],[-123.51653,38.74455],[-123.51615,38.74497],[-123.51764,38.74515],[-123.51771,38.74646],[-123.52084,38.74843],[-123.52126,38.74959],[-123.52429,38.74926],[-123.52737,38.75242],[-123.52494,38.75364],[-123.52617,38.75478],[-123.52662,38.75696],[-123.53249,38.75934],[-123.53127,38.75981],[-123.53096,38.76094],[-123.53164,38.76498],[-123.5337,38.76845],[-123.53621,38.76967],[-123.53355,38.76915],[-123.53019,38.76563],[-123.53008,38.76465],[-123.52171,38.75854],[-123.5197,38.75799],[-123.51773,38.76011],[-123.51607,38.76763],[-123.51469,38.76806],[-123.50924,38.76714],[-123.50692,38.77337],[-123.50397,38.77425],[-123.50016,38.77372],[-123.49924,38.77423],[-123.49933,38.77894],[-123.47793,38.77833],[-123.45896,38.77692],[-123.44205,38.77716],[-123.43157,38.77642],[-123.36833,38.77723],[-123.36848,38.80648],[-123.31031,38.80668],[-123.24642,38.80892],[-123.13596,38.80893],[-123.13641,38.8395],[-123.08118,38.83838],[-123.08076,38.85237],[-123.02514,38.85278],[-123.00663,38.85128],[-122.89586,38.8504],[-122.87749,38.8511],[-122.85904,38.85021],[-122.82163,38.85005],[-122.82137,38.85794],[-122.84005,38.85801],[-122.83994,38.86612],[-122.85849,38.86594],[-122.85785,38.87331],[-122.87646,38.87317],[-122.87613,38.88094],[-122.8948,38.88089],[-122.89397,38.89555],[-122.91142,38.89521],[-122.91151,38.90156],[-122.94903,38.90021],[-122.95017,38.90978],[-122.94915,38.92548],[-122.96212,38.92552],[-122.96034,38.93234],[-122.97009,38.93258],[-122.96844,38.93934],[-122.96844,38.94663],[-122.97773,38.94653],[-122.9775,38.98288],[-122.98691,38.98303],[-122.98677,38.99728],[-123.00942,38.99784],[-123.00951,38.99347],[-123.01873,38.99341],[-123.0188,38.99668],[-123.02839,38.99665],[-123.02865,39.0066],[-123.03775,39.0067],[-123.03802,39.01365],[-123.04712,39.01375],[-123.04739,39.02108],[-123.05678,39.02105],[-123.05637,39.04984],[-123.06547,39.04998],[-123.06542,39.06464],[-123.08389,39.06446],[-123.08434,39.07202],[-123.09324,39.07174],[-123.09319,39.08054],[-123.09436,39.08055],[-123.09455,39.09512],[-123.08506,39.09506],[-123.08534,39.10985],[-123.0877,39.10984],[-123.08777,39.13851],[-123.07867,39.13853],[-123.0779,39.17347],[-123.04583,39.17339],[-123.04551,39.18068],[-123.04138,39.18068],[-123.04015,39.19248],[-123.03485,39.19239],[-123.03423,39.19947],[-123.02952,39.19946],[-123.02891,39.2069],[-123.02448,39.20684],[-123.02415,39.21342],[-123.02096,39.21341],[-123.02083,39.22104],[-123.01264,39.22125],[-123.01254,39.23635],[-123.00113,39.23609],[-123.00113,39.25717],[-123.00418,39.25688],[-123.00496,39.27805],[-123.01971,39.27784],[-123.01966,39.29226],[-123.02046,39.30419],[-123.01959,39.32151],[-123.02891,39.32134],[-123.02854,39.33652],[-123.0377,39.33631],[-123.03754,39.36377],[-123.04819,39.3637],[-123.04725,39.37825],[-123.05701,39.3785],[-123.05626,39.40735],[-123.07456,39.40762],[-123.07472,39.40823],[-123.07421,39.42342],[-123.07487,39.43632],[-123.06972,39.43627],[-123.07232,39.45251],[-123.06257,39.45234],[-123.06307,39.47463],[-123.06267,39.50356],[-123.04396,39.50377],[-123.044,39.51165],[-123.02477,39.51174],[-123.0249,39.51899],[-123.01016,39.51922],[-122.93686,39.51689],[-122.93635,39.5311],[-122.89056,39.52934],[-122.88628,39.56547],[-122.886,39.5802],[-122.86718,39.58059],[-122.82852,39.57958],[-122.81409,39.58144],[-122.79091,39.57973],[-122.7725,39.5794],[-122.75398,39.58126],[-122.7356,39.58061],[-122.73645,39.56613],[-122.73603,39.50858],[-122.73235,39.49436],[-122.73159,39.47979],[-122.73269,39.45031],[-122.74162,39.43542],[-122.73921,39.40552],[-122.73923,39.38338],[-122.70167,39.38297],[-122.6743,39.38465],[-122.59939,39.38537],[-122.50747,39.38401],[-122.42993,39.38374],[-122.13612,39.38548],[-122.1359,39.41462],[-122.00867,39.41339],[-122.00669,39.40539],[-122.00386,39.40338],[-122.00367,39.39753],[-122.00478,39.39512],[-122.00757,39.39228],[-122.00801,39.38629],[-122.00991,39.38388],[-121.88994,39.38392],[-121.88886,39.38337],[-121.8889,39.38165],[-121.88584,39.3778],[-121.88401,39.37332],[-121.88783,39.37212],[-121.88856,39.37114],[-121.88891,39.36952],[-121.89186,39.36619],[-121.89126,39.36448],[-121.89335,39.36324],[-121.89281,39.36214],[-121.89388,39.36026],[-121.89387,39.35879],[-121.89562,39.35919],[-121.89638,39.35813],[-121.89829,39.35818],[-121.89929,39.35717],[-121.89886,39.3556],[-121.89979,39.35328],[-121.89832,39.34921],[-121.89787,39.34479],[-121.8947,39.34222],[-121.89434,39.34121],[-121.8952,39.3381],[-121.89975,39.33574],[-121.90015,39.33395],[-121.9031,39.33006],[-121.90317,39.32771],[-121.9046,39.32559],[-121.9047,39.32317],[-121.90556,39.32285],[-121.90587,39.31717],[-121.9081,39.31193],[-121.90875,39.30804],[-121.90822,39.30371],[-121.72466,39.30456],[-121.63025,39.306],[-121.63246,39.3041],[-121.6321,39.3018],[-121.6266,39.29678],[-121.62359,39.29596],[-121.62274,39.29727],[-121.6206,39.29841],[-121.61972,39.30041],[-121.61822,39.30154],[-121.62061,39.30333],[-121.61879,39.30586],[-121.61787,39.31103],[-121.61232,39.31667],[-121.61259,39.31855],[-121.61185,39.31941],[-121.60894,39.3197],[-121.60428,39.31821],[-121.603,39.3156],[-121.6035,39.31317],[-121.60225,39.31171],[-121.59348,39.3078],[-121.58885,39.30827],[-121.58503,39.31173],[-121.58169,39.30996],[-121.57398,39.31034],[-121.57135,39.30859],[-121.56545,39.30658],[-121.56468,39.30514],[-121.56345,39.3049],[-121.56198,39.3062],[-121.56039,39.30594],[-121.55582,39.30752],[-121.55046,39.30778],[-121.54743,39.31052],[-121.54714,39.31218],[-121.54555,39.31214],[-121.54055,39.31455],[-121.53619,39.31431],[-121.53172,39.31802],[-121.53021,39.31833],[-121.52647,39.31795],[-121.52011,39.31965],[-121.51722,39.31729],[-121.51162,39.31697],[-121.50443,39.31831],[-121.49795,39.31444],[-121.49653,39.31537],[-121.49551,39.31876],[-121.49139,39.31975],[-121.48994,39.31969],[-121.48802,39.31792],[-121.48534,39.31746],[-121.48255,39.32015],[-121.48508,39.32186],[-121.48459,39.3257],[-121.47769,39.32921],[-121.47469,39.33376],[-121.47142,39.33303],[-121.46765,39.33346],[-121.46355,39.33108],[-121.4594,39.33273],[-121.45822,39.33524],[-121.45731,39.33535],[-121.45202,39.33389],[-121.44826,39.33055],[-121.4472,39.33041],[-121.44499,39.33174],[-121.44239,39.3316],[-121.43836,39.33479],[-121.43751,39.33658],[-121.43488,39.33736],[-121.43235,39.33699],[-121.43043,39.33513],[-121.42716,39.33479],[-121.42469,39.33539],[-121.4193,39.3388],[-121.41532,39.34013],[-121.41131,39.33944],[-121.40639,39.34],[-121.40509,39.3415],[-121.40677,39.34348],[-121.40683,39.34457],[-121.40314,39.34541],[-121.40235,39.34704],[-121.40306,39.34969],[-121.39813,39.35071],[-121.39071,39.35507],[-121.38926,39.35472],[-121.3874,39.356],[-121.38587,39.35914],[-121.38224,39.36311],[-121.38012,39.36242],[-121.37667,39.3633],[-121.3757,39.36451],[-121.37242,39.3648],[-121.37281,39.36712],[-121.37125,39.3683],[-121.37263,39.37352],[-121.3713,39.3756],[-121.36847,39.37628],[-121.36729,39.3778],[-121.36726,39.37965],[-121.36422,39.38466],[-121.36428,39.38599],[-121.36301,39.38841],[-121.3615,39.39729],[-121.36011,39.39886],[-121.36041,39.40102],[-121.36335,39.40289],[-121.36332,39.40378],[-121.3589,39.4093],[-121.35633,39.41029],[-121.35243,39.41353],[-121.35208,39.41516],[-121.35098,39.41624],[-121.34916,39.41668],[-121.34836,39.41792],[-121.34508,39.41981],[-121.34189,39.42034],[-121.34101,39.42334],[-121.33566,39.42446],[-121.33419,39.42573],[-121.33548,39.43048],[-121.34091,39.43153],[-121.34385,39.43787],[-121.34566,39.43893],[-121.34365,39.44128],[-121.34689,39.44513],[-121.34544,39.44735],[-121.34511,39.45266],[-121.34215,39.45477],[-121.33834,39.4547],[-121.33834,39.465],[-121.3334,39.46547],[-121.33328,39.46913],[-121.32407,39.46901],[-121.32395,39.47582],[-121.31482,39.47609],[-121.31489,39.48718],[-121.31032,39.48683],[-121.30994,39.49818],[-121.30522,39.49813],[-121.30536,39.51961],[-121.27696,39.52047],[-121.27732,39.51292],[-121.24003,39.51358],[-121.2402,39.52743],[-121.20414,39.52783],[-121.18516,39.52724],[-121.18498,39.51997],[-121.15867,39.51928],[-121.15889,39.52674],[-121.14944,39.52715],[-121.14962,39.55543],[-121.14029,39.55554],[-121.14049,39.56235],[-121.11685,39.56335],[-121.11687,39.56666],[-121.10715,39.56684],[-121.10745,39.58532],[-121.0794,39.5855],[-121.07658,39.5974],[-121.00973,39.6393],[-121.01879,39.58787]]]]},"properties":{"id":"PigeonSouth","kind":"upland_zone","species":"Band-tailed Pigeon","hunt":"South","zone_name":"South Zone","zone_des":"See Map","zone_description":null,"source_url":"https://services2.arcgis.com/Uq9r85Potqm3MfRV/arcgis/rest/services/Upland_Game_AGOL_gdb/FeatureServer/1/query","fetched_at":"2026-09-19T22:10:55.518395+00:00"}},{"type":"Feature","geometry":{"type":"MultiPolygon","coordinates":[[[[-123.81048,41.99572],[-123.72724,41.99774],[-123.65733,41.99587],[-123.62563,42.00048],[-123.6233,42.00152],[-123.44923,42.0008],[-123.34798,41.99929],[-123.30933,42.00014],[-123.12419,42.00886],[-123.06653,42.0057],[-123.00112,42.00434],[-122.63574,42.00505],[-122.51122,42.00857],[-122.46607,42.00811],[-122.38368,42.00946],[-122.2963,42.00984],[-122.25623,42.00819],[-122.14942,42.0078],[-122.08772,42.00681],[-121.99598,42.00403],[-121.84358,42.00304],[-121.59917,41.9992],[-121.35487,41.99632],[-121.29478,41.99773],[-121.1667,41.99699],[-121.0011,41.99308],[-120.8169,41.99402],[-120.70712,41.99388],[-120.62417,41.99297],[-120.53145,41.99368],[-120.2887,41.99284],[-120.17965,41.99461],[-119.9992,41.99499],[-119.9989,41.68436],[-120.00007,41.49887],[-120.00025,41.24403],[-119.99928,40.88966],[-119.99816,40.81676],[-119.99851,40.75826],[-119.99567,40.55526],[-119.99613,40.32251],[-119.99724,40.20024],[-119.99742,40.01046],[-120.00091,39.76571],[-120.00216,39.49995],[-120.00481,39.35788],[-120.00577,39.22931],[-120.00102,38.99991],[-119.61691,38.7354],[-119.32846,38.53472],[-119.06295,38.34879],[-118.56768,37.99711],[-118.29619,37.80161],[-117.88068,37.50038],[-117.78553,37.4297],[-117.5298,37.24252],[-117.47622,37.20124],[-117.4491,37.1821],[-117.25874,37.04081],[-117.00314,36.84936],[-116.6993,36.62011],[-116.35306,36.35555],[-116.11427,36.17197],[-116.08173,36.14586],[-116.08056,36.14585],[-115.82809,35.94962],[-115.75447,35.89158],[-115.64791,35.8094],[-115.73541,35.8091],[-115.73528,35.79334],[-116.20988,35.79315],[-116.54162,35.79487],[-116.88333,35.79567],[-117.49317,35.79513],[-117.60033,35.7971],[-117.92426,35.79843],[-117.923,35.78672],[-117.94075,35.78658],[-118.05905,35.79181],[-118.25645,35.78997],[-118.37805,35.79036],[-118.4698,35.79245],[-118.50251,35.79001],[-118.57104,35.78949],[-119.00722,35.7906],[-119.47227,35.79006],[-119.53765,35.78946],[-119.53791,35.88852],[-119.53762,35.96319],[-119.53672,35.96326],[-119.53627,36.00725],[-119.5363,36.13795],[-119.5292,36.13794],[-119.52947,36.26976],[-119.5105,36.26904],[-119.4747,36.26905],[-119.47449,36.28344],[-119.47544,36.32765],[-119.47498,36.40091],[-119.52886,36.40157],[-119.52831,36.48886],[-119.57343,36.48896],[-119.66668,36.41883],[-119.66797,36.42271],[-119.67275,36.42664],[-119.67053,36.42953],[-119.6715,36.43055],[-119.6728,36.43053],[-119.67994,36.42972],[-119.68518,36.42639],[-119.6935,36.42514],[-119.69928,36.42477],[-119.7049,36.42704],[-119.70843,36.42529],[-119.71142,36.41977],[-119.71326,36.41899],[-119.722,36.4179],[-119.72828,36.42081],[-119.73086,36.42083],[-119.73451,36.41611],[-119.73908,36.41781],[-119.74736,36.41656],[-119.7488,36.41491],[-119.74943,36.41256],[-119.75267,36.41006],[-119.75283,36.40875],[-119.75018,36.40551],[-119.75163,36.40203],[-119.85128,36.40223],[-119.9591,36.40115],[-119.95903,36.1815],[-120.19452,36.00051],[-120.31515,35.90692],[-120.32021,35.90657],[-120.32287,35.90742],[-120.32494,35.90889],[-120.32676,35.9119],[-120.32819,35.9129],[-120.33081,35.91328],[-120.33303,35.91504],[-120.33329,35.91674],[-120.33248,35.91738],[-120.33353,35.91972],[-120.33725,35.92317],[-120.33592,35.92798],[-120.3377,35.93353],[-120.33655,35.93677],[-120.34035,35.93847],[-120.34656,35.94465],[-120.35088,35.9442],[-120.35595,35.94795],[-120.35901,35.95719],[-120.36248,35.95911],[-120.36046,35.96262],[-120.36056,35.96394],[-120.36467,35.96555],[-120.37278,35.96588],[-120.38501,35.96821],[-120.38845,35.96854],[-120.39417,35.9673],[-120.39657,35.96941],[-120.40842,35.97412],[-120.40985,35.97531],[-120.42354,35.97282],[-120.43154,35.9689],[-120.43365,35.96888],[-120.43636,35.97066],[-120.43699,35.97437],[-120.43922,35.97796],[-120.44634,35.98232],[-120.45144,35.9886],[-120.46132,35.9932],[-120.46393,35.99241],[-120.46617,35.99338],[-120.47742,36.00172],[-120.4787,36.00434],[-120.48072,36.00606],[-120.47856,36.00894],[-120.48018,36.01076],[-120.48461,36.01173],[-120.48612,36.01086],[-120.48851,36.01341],[-120.48874,36.01459],[-120.4937,36.01694],[-120.49547,36.01851],[-120.49701,36.01853],[-120.49739,36.0194],[-120.50004,36.02046],[-120.5009,36.02233],[-120.50216,36.02228],[-120.50312,36.02014],[-120.505,36.02036],[-120.50543,36.02139],[-120.50838,36.02167],[-120.50755,36.02339],[-120.50805,36.02382],[-120.51108,36.02204],[-120.51296,36.02346],[-120.51385,36.02545],[-120.51756,36.02718],[-120.51956,36.02735],[-120.51992,36.02402],[-120.51901,36.02197],[-120.51985,36.02097],[-120.52089,36.0211],[-120.52245,36.02303],[-120.52629,36.02276],[-120.52825,36.02333],[-120.52986,36.02433],[-120.5294,36.02718],[-120.52998,36.02885],[-120.5291,36.03252],[-120.52723,36.03409],[-120.52689,36.03557],[-120.52952,36.03411],[-120.53062,36.03517],[-120.53551,36.03461],[-120.53672,36.03573],[-120.53976,36.03624],[-120.54324,36.03933],[-120.54392,36.04402],[-120.54652,36.04594],[-120.55116,36.0477],[-120.55217,36.04907],[-120.55672,36.05001],[-120.55929,36.04977],[-120.56659,36.05243],[-120.57292,36.05661],[-120.57686,36.06061],[-120.58095,36.06193],[-120.58486,36.06596],[-120.58812,36.06637],[-120.58846,36.06854],[-120.59202,36.07084],[-120.59362,36.07524],[-120.59604,36.07771],[-120.59525,36.08015],[-120.59547,36.08194],[-120.59434,36.08428],[-120.59263,36.08542],[-120.59316,36.08803],[-120.59009,36.0891],[-120.59943,36.10042],[-120.60779,36.10222],[-120.60933,36.09907],[-120.61216,36.09866],[-120.61203,36.09561],[-120.61506,36.0951],[-120.62378,36.09742],[-120.62649,36.09713],[-120.62662,36.09794],[-120.63374,36.1023],[-120.63504,36.1009],[-120.63888,36.10165],[-120.64152,36.10095],[-120.64661,36.10444],[-120.64865,36.10793],[-120.64649,36.11002],[-120.64572,36.1118],[-120.6465,36.1132],[-120.64603,36.11574],[-120.64952,36.11722],[-120.65089,36.11634],[-120.65226,36.11688],[-120.65425,36.12142],[-120.65311,36.12333],[-120.65304,36.12511],[-120.65637,36.13185],[-120.65867,36.13367],[-120.66027,36.13404],[-120.66204,36.13601],[-120.66762,36.1374],[-120.66762,36.13879],[-120.66471,36.14047],[-120.66521,36.14723],[-120.6671,36.14973],[-120.66634,36.15251],[-120.66766,36.15521],[-120.66815,36.16039],[-120.67107,36.16117],[-120.67272,36.16293],[-120.67216,36.16392],[-120.66857,36.16456],[-120.66796,36.16535],[-120.66454,36.16542],[-120.66335,36.17083],[-120.6552,36.16736],[-120.65088,36.16777],[-120.65,36.16845],[-120.64945,36.16906],[-120.65279,36.17235],[-120.65273,36.17311],[-120.64897,36.17905],[-120.6457,36.17903],[-120.64505,36.18384],[-120.64321,36.18507],[-120.64337,36.18702],[-120.64135,36.18941],[-120.64159,36.19177],[-120.63983,36.19362],[-120.63987,36.19568],[-120.63919,36.19675],[-120.63509,36.19728],[-120.62715,36.20316],[-120.62908,36.20541],[-120.62983,36.20752],[-120.63477,36.21228],[-120.63829,36.21432],[-120.64066,36.21927],[-120.6463,36.22095],[-120.64692,36.22155],[-120.6466,36.22223],[-120.64928,36.22389],[-120.65184,36.23066],[-120.65542,36.23119],[-120.65665,36.23304],[-120.6584,36.2338],[-120.66726,36.23538],[-120.67097,36.2416],[-120.67734,36.24427],[-120.6803,36.24653],[-120.6802,36.2479],[-120.68213,36.25139],[-120.67827,36.25564],[-120.67689,36.25452],[-120.67468,36.25548],[-120.6734,36.25692],[-120.67339,36.258],[-120.67544,36.26161],[-120.67974,36.26455],[-120.68095,36.26653],[-120.67837,36.26755],[-120.67482,36.27117],[-120.6748,36.27369],[-120.67643,36.27528],[-120.67648,36.27718],[-120.67321,36.28065],[-120.6745,36.28244],[-120.67648,36.28277],[-120.68304,36.28602],[-120.68351,36.28709],[-120.68098,36.2905],[-120.68313,36.29423],[-120.67896,36.29784],[-120.67667,36.30226],[-120.67478,36.30283],[-120.67239,36.30538],[-120.66984,36.30655],[-120.66596,36.3121],[-120.66332,36.31437],[-120.66088,36.31461],[-120.65861,36.31634],[-120.64764,36.31678],[-120.64489,36.31905],[-120.64068,36.31842],[-120.63612,36.31871],[-120.63429,36.31776],[-120.63282,36.3182],[-120.63153,36.31663],[-120.6302,36.31667],[-120.62796,36.31838],[-120.61409,36.32005],[-120.61281,36.32142],[-120.61305,36.32402],[-120.6055,36.32402],[-120.60323,36.32511],[-120.60115,36.32785],[-120.59675,36.32844],[-120.59747,36.33934],[-120.59799,36.39023],[-120.59768,36.48849],[-120.60394,36.48878],[-120.60969,36.49308],[-120.91889,36.7406],[-120.70044,36.9173],[-120.47693,37.09669],[-120.47294,37.09438],[-120.4698,37.09459],[-120.46578,37.098],[-120.46378,37.09868],[-120.45806,37.09888],[-120.45576,37.10047],[-120.45206,37.09953],[-120.4489,37.10112],[-120.44461,37.10201],[-120.44346,37.10338],[-120.44088,37.10428],[-120.42915,37.10559],[-120.42657,37.1074],[-120.42284,37.10853],[-120.42198,37.10966],[-120.41656,37.10872],[-120.41454,37.11077],[-120.41225,37.11053],[-120.41025,37.11143],[-120.40568,37.11095],[-120.40623,37.11278],[-120.40451,37.11391],[-120.40421,37.11575],[-120.40076,37.11824],[-120.3959,37.1189],[-120.39359,37.12186],[-120.38988,37.12047],[-120.38615,37.12297],[-120.38499,37.12456],[-120.38156,37.12477],[-120.373,37.12173],[-120.36358,37.1203],[-120.36157,37.12121],[-120.359,37.12096],[-120.35756,37.12302],[-120.35613,37.12278],[-120.35412,37.12391],[-120.34983,37.12297],[-120.34811,37.12433],[-120.34496,37.12408],[-120.34153,37.12497],[-120.34009,37.12633],[-120.33607,37.12722],[-120.3355,37.12814],[-120.3286,37.13153],[-120.32859,37.13382],[-120.32456,37.13654],[-120.31511,37.13831],[-120.31107,37.14126],[-120.30564,37.141],[-120.29814,37.1485],[-120.29354,37.15144],[-120.28265,37.15319],[-120.2755,37.15246],[-120.24884,37.15822],[-120.24341,37.1575],[-120.23395,37.15948],[-120.23194,37.16038],[-120.22992,37.16266],[-120.22618,37.16401],[-120.22332,37.16421],[-120.21962,37.16258],[-120.21359,37.16459],[-120.20987,37.16457],[-120.20301,37.16314],[-120.195,37.16353],[-120.18816,37.16073],[-120.18586,37.16187],[-120.17641,37.16247],[-120.17495,37.16544],[-120.17008,37.16563],[-120.16468,37.16306],[-120.15463,37.16618],[-120.15177,37.16594],[-120.14664,37.16406],[-120.1412,37.16425],[-120.13489,37.16579],[-120.13287,37.16716],[-120.11543,37.16586],[-120.11427,37.167],[-120.11055,37.16742],[-120.10941,37.1665],[-120.10741,37.16625],[-120.09963,37.17121],[-120.09446,37.17278],[-120.08357,37.17383],[-120.07237,37.17761],[-120.06463,37.17801],[-120.05224,37.18317],[-120.057,37.18729],[-120.06229,37.1981],[-120.06882,37.20158],[-120.06994,37.20388],[-120.07219,37.20619],[-120.07871,37.21106],[-120.08747,37.21983],[-120.09258,37.2224],[-120.10515,37.22455],[-120.11226,37.22828],[-120.12794,37.23277],[-120.1436,37.23906],[-120.14814,37.24277],[-120.15468,37.24603],[-120.16774,37.25505],[-120.17002,37.25599],[-120.17853,37.26269],[-120.18359,37.27051],[-120.18468,37.27556],[-120.1858,37.27762],[-120.18601,37.2838],[-120.18248,37.29155],[-120.18667,37.30074],[-120.18955,37.30362],[-120.20038,37.31057],[-120.20379,37.31404],[-120.2097,37.32576],[-120.21535,37.3345],[-120.2159,37.3368],[-120.21846,37.33933],[-120.22638,37.35084],[-120.22866,37.35223],[-120.23176,37.35844],[-120.24197,37.37088],[-120.24706,37.37823],[-120.24762,37.38031],[-120.25332,37.38378],[-120.26267,37.39666],[-120.26779,37.40243],[-120.27624,37.41875],[-120.28053,37.4206],[-120.28366,37.42406],[-120.28478,37.42682],[-120.28445,37.43093],[-120.28502,37.43208],[-120.28299,37.43436],[-120.27924,37.43616],[-120.27545,37.4414],[-120.27571,37.44415],[-120.27854,37.44921],[-120.2785,37.45287],[-120.27989,37.45769],[-120.28188,37.45976],[-120.28244,37.46137],[-120.28444,37.46276],[-120.28614,37.46528],[-120.28697,37.46849],[-120.29293,37.47563],[-120.29575,37.48069],[-120.30032,37.48369],[-120.30088,37.48484],[-120.2997,37.48894],[-120.3037,37.49081],[-120.30768,37.49473],[-120.31026,37.49565],[-120.3131,37.49888],[-120.31651,37.50577],[-120.31649,37.51432],[-120.31937,37.52225],[-120.32112,37.52384],[-120.32118,37.52489],[-120.3883,37.63376],[-120.65303,37.83295],[-120.8395,38.00046],[-120.93884,38.08842],[-121.02709,38.29991],[-121.0271,38.50785],[-121.05841,38.58101],[-121.07699,38.6269],[-121.11831,38.71678],[-121.11857,38.71508],[-121.11964,38.71395],[-121.12121,38.71376],[-121.12357,38.71047],[-121.12909,38.70847],[-121.13047,38.70605],[-121.13316,38.70557],[-121.13573,38.70761],[-121.13826,38.70823],[-121.13899,38.71062],[-121.14139,38.71201],[-121.14463,38.71195],[-121.14666,38.71115],[-121.16355,38.7122],[-121.48446,38.73425],[-121.48446,38.75122],[-121.46977,38.75127],[-121.46941,38.92585],[-121.41488,38.92632],[-121.41519,38.98457],[-121.41446,39.00353],[-121.4197,39.00145],[-121.42262,38.99891],[-121.42411,38.9991],[-121.42596,38.99799],[-121.42686,38.99709],[-121.42619,38.99615],[-121.43442,38.99398],[-121.43792,38.99354],[-121.44266,38.99473],[-121.44431,38.99305],[-121.44891,38.99707],[-121.45693,38.99809],[-121.46493,38.99603],[-121.46543,38.99516],[-121.46903,38.99359],[-121.47428,38.99205],[-121.48189,38.9933],[-121.48593,38.99245],[-121.48671,38.99086],[-121.48783,38.99045],[-121.49001,38.99182],[-121.49383,38.98389],[-121.50928,38.98257],[-121.52487,38.97134],[-121.54351,38.9723],[-121.5535,38.9537],[-121.56163,38.95354],[-121.57153,38.9386],[-121.57539,38.92477],[-121.57559,38.91854],[-121.57984,38.92277],[-121.58106,38.92722],[-121.58218,38.93708],[-121.57843,38.94418],[-121.57858,38.94746],[-121.58119,38.95141],[-121.58198,38.95439],[-121.58037,38.9617],[-121.58108,38.96476],[-121.58717,38.97207],[-121.58669,38.98078],[-121.58876,38.98609],[-121.58938,38.98983],[-121.58777,38.99458],[-121.58258,39.00091],[-121.58182,39.00091],[-121.58138,39.00266],[-121.57936,39.00538],[-121.5791,39.00742],[-121.58284,39.00921],[-121.59349,39.01011],[-121.60027,39.01205],[-121.59969,39.01401],[-121.5955,39.01825],[-121.5942,39.02236],[-121.59514,39.02384],[-121.59764,39.02512],[-121.59923,39.02759],[-121.60376,39.03062],[-121.60629,39.03368],[-121.60875,39.04016],[-121.61041,39.05683],[-121.60811,39.06143],[-121.60418,39.06453],[-121.60211,39.06722],[-121.59577,39.07825],[-121.59266,39.08164],[-121.59003,39.08329],[-121.5866,39.08819],[-121.58578,39.08961],[-121.58603,39.09312],[-121.58725,39.10032],[-121.58843,39.10207],[-121.59169,39.10212],[-121.5965,39.09903],[-121.60203,39.09968],[-121.6014,39.10568],[-121.60293,39.10875],[-121.60406,39.11348],[-121.60053,39.12017],[-121.60083,39.12346],[-121.59767,39.12763],[-121.60118,39.13198],[-121.6026,39.13509],[-121.60734,39.13973],[-121.6086,39.14517],[-121.60546,39.14875],[-121.60547,39.14987],[-121.60738,39.15216],[-121.60949,39.15754],[-121.61581,39.1686],[-121.61171,39.17192],[-121.61089,39.17552],[-121.61631,39.17826],[-121.61886,39.18338],[-121.61411,39.18817],[-121.61355,39.19177],[-121.61538,39.19339],[-121.62327,39.19617],[-121.62419,39.19731],[-121.62405,39.19955],[-121.62747,39.20214],[-121.62915,39.20454],[-121.62493,39.20752],[-121.6227,39.20635],[-121.62142,39.20647],[-121.61973,39.2108],[-121.62088,39.21245],[-121.62086,39.21364],[-121.61627,39.21273],[-121.61406,39.21401],[-121.61817,39.22043],[-121.61777,39.2228],[-121.61484,39.22713],[-121.61479,39.22919],[-121.61759,39.23027],[-121.62067,39.22897],[-121.62717,39.22848],[-121.62944,39.23068],[-121.62884,39.23301],[-121.62917,39.23731],[-121.63359,39.23893],[-121.63584,39.24176],[-121.63648,39.24931],[-121.63532,39.25344],[-121.63608,39.26245],[-121.63438,39.2626],[-121.62716,39.25975],[-121.62392,39.2609],[-121.62158,39.26428],[-121.6222,39.26504],[-121.62883,39.26688],[-121.63279,39.27107],[-121.63241,39.27262],[-121.63035,39.27405],[-121.6267,39.27197],[-121.62378,39.27209],[-121.62234,39.27377],[-121.62208,39.2752],[-121.62749,39.27956],[-121.62889,39.28673],[-121.63153,39.29108],[-121.63153,39.2918],[-121.63038,39.29229],[-121.62467,39.29319],[-121.62359,39.29596],[-121.6266,39.29678],[-121.6321,39.3018],[-121.63246,39.3041],[-121.63025,39.306],[-121.72466,39.30456],[-121.90822,39.30371],[-121.90875,39.30804],[-121.9081,39.31193],[-121.90587,39.31717],[-121.90556,39.32285],[-121.9047,39.32317],[-121.9046,39.32559],[-121.90317,39.32771],[-121.9031,39.33006],[-121.90015,39.33395],[-121.89975,39.33574],[-121.8952,39.3381],[-121.89434,39.34121],[-121.8947,39.34222],[-121.89787,39.34479],[-121.89832,39.34921],[-121.89979,39.35328],[-121.89886,39.3556],[-121.89929,39.35717],[-121.89829,39.35818],[-121.89638,39.35813],[-121.89562,39.35919],[-121.89387,39.35879],[-121.89388,39.36026],[-121.89281,39.36214],[-121.89335,39.36324],[-121.89126,39.36448],[-121.89186,39.36619],[-121.88891,39.36952],[-121.88856,39.37114],[-121.88783,39.37212],[-121.88401,39.37332],[-121.88584,39.3778],[-121.8889,39.38165],[-121.88886,39.38337],[-121.88994,39.38392],[-122.00991,39.38388],[-122.00801,39.38629],[-122.00757,39.39228],[-122.00478,39.39512],[-122.00367,39.39753],[-122.00386,39.40338],[-122.00669,39.40539],[-122.00867,39.41339],[-122.1359,39.41462],[-122.13612,39.38548],[-122.42993,39.38374],[-122.50747,39.38401],[-122.59939,39.38537],[-122.6743,39.38465],[-122.70167,39.38297],[-122.78528,39.38293],[-122.78221,39.37947],[-122.77902,39.37937],[-122.77422,39.3748],[-122.77021,39.37516],[-122.76804,39.37391],[-122.7661,39.37673],[-122.76005,39.37823],[-122.75509,39.37533],[-122.75168,39.37015],[-122.74535,39.36909],[-122.74246,39.36637],[-122.74127,39.36005],[-122.7416,39.35887],[-122.74801,39.35303],[-122.74951,39.34999],[-122.75138,39.34851],[-122.7524,39.34593],[-122.75892,39.34452],[-122.76092,39.34492],[-122.76536,39.34261],[-122.76571,39.33902],[-122.76466,39.33746],[-122.765,39.33552],[-122.76807,39.33152],[-122.76894,39.32857],[-122.76858,39.32601],[-122.77257,39.32385],[-122.77326,39.32194],[-122.77314,39.319],[-122.77549,39.315],[-122.77549,39.31245],[-122.77035,39.30972],[-122.76836,39.30457],[-122.76674,39.30386],[-122.76612,39.3015],[-122.76403,39.30026],[-122.75869,39.29427],[-122.75682,39.28861],[-122.75759,39.28487],[-122.74622,39.27849],[-122.74126,39.27657],[-122.73778,39.27339],[-122.73503,39.27205],[-122.73256,39.2719],[-122.72875,39.27341],[-122.72323,39.26784],[-122.72305,39.2653],[-122.71782,39.26408],[-122.71639,39.26266],[-122.71679,39.26077],[-122.71324,39.25956],[-122.71167,39.2567],[-122.70669,39.2552],[-122.697,39.24933],[-122.69143,39.2469],[-122.68927,39.24493],[-122.68701,39.24107],[-122.68162,39.23836],[-122.68201,39.23452],[-122.67616,39.23034],[-122.67649,39.22937],[-122.67975,39.22681],[-122.67942,39.22413],[-122.6728,39.22522],[-122.67007,39.22125],[-122.66694,39.21979],[-122.6651,39.21753],[-122.65313,39.21515],[-122.6495,39.21361],[-122.64765,39.21571],[-122.64533,39.21584],[-122.64132,39.21741],[-122.63532,39.22271],[-122.63198,39.22225],[-122.62188,39.22298],[-122.61996,39.22128],[-122.61632,39.22067],[-122.6112,39.21771],[-122.61045,39.21625],[-122.60578,39.21546],[-122.60256,39.21401],[-122.59938,39.21433],[-122.59433,39.21358],[-122.59149,39.21225],[-122.58963,39.21308],[-122.58135,39.21159],[-122.57843,39.21021],[-122.57675,39.2071],[-122.57417,39.20648],[-122.5734,39.20499],[-122.57044,39.20356],[-122.56308,39.20414],[-122.55865,39.20595],[-122.54795,39.20621],[-122.54482,39.20732],[-122.54168,39.20694],[-122.53592,39.21133],[-122.53364,39.20999],[-122.52904,39.21162],[-122.52792,39.2091],[-122.52191,39.21009],[-122.51911,39.20826],[-122.51625,39.20904],[-122.51546,39.20787],[-122.51591,39.20216],[-122.5143,39.19657],[-122.51232,39.19518],[-122.50831,39.19037],[-122.5008,39.18929],[-122.49999,39.19082],[-122.49802,39.19011],[-122.4964,39.18835],[-122.49567,39.18566],[-122.49367,39.18342],[-122.49316,39.18145],[-122.49416,39.17836],[-122.49135,39.17496],[-122.48893,39.17583],[-122.48436,39.17479],[-122.48165,39.17508],[-122.47758,39.17377],[-122.47622,39.17251],[-122.47516,39.17012],[-122.4766,39.16764],[-122.48256,39.16272],[-122.48249,39.16155],[-122.47913,39.1574],[-122.4798,39.15532],[-122.47867,39.15417],[-122.47938,39.15314],[-122.48251,39.15227],[-122.47863,39.14959],[-122.4747,39.14429],[-122.47651,39.14266],[-122.4773,39.14069],[-122.48037,39.13925],[-122.48252,39.13945],[-122.48743,39.1415],[-122.48902,39.14115],[-122.4916,39.13892],[-122.49646,39.14015],[-122.49711,39.13953],[-122.49464,39.13514],[-122.49671,39.13384],[-122.49768,39.1264],[-122.50085,39.12404],[-122.49998,39.12254],[-122.50085,39.12118],[-122.50045,39.11998],[-122.49813,39.11796],[-122.49806,39.1166],[-122.49499,39.11484],[-122.49416,39.11335],[-122.49625,39.11059],[-122.49575,39.10817],[-122.49401,39.10346],[-122.48899,39.09818],[-122.489,39.09495],[-122.48747,39.09221],[-122.48803,39.08952],[-122.48646,39.08555],[-122.48624,39.08257],[-122.48698,39.08128],[-122.48952,39.07999],[-122.4891,39.07858],[-122.49063,39.07564],[-122.48981,39.07295],[-122.48908,39.07249],[-122.48882,39.06891],[-122.48598,39.06906],[-122.4844,39.06628],[-122.49073,39.06488],[-122.48964,39.06219],[-122.49054,39.06028],[-122.49238,39.05873],[-122.49244,39.05366],[-122.48969,39.05257],[-122.48015,39.05284],[-122.47162,39.04965],[-122.46559,39.04857],[-122.46584,39.047],[-122.46822,39.04462],[-122.46733,39.04306],[-122.46313,39.0408],[-122.46233,39.03935],[-122.46093,39.03863],[-122.45656,39.03826],[-122.45491,39.03628],[-122.45461,39.03442],[-122.44969,39.03158],[-122.44357,39.02572],[-122.43934,39.02376],[-122.43749,39.02135],[-122.43519,39.02232],[-122.43203,39.02213],[-122.42828,39.02171],[-122.42384,39.02014],[-122.42289,39.02098],[-122.42093,39.02098],[-122.41162,39.019],[-122.41038,39.01749],[-122.41159,39.01494],[-122.40955,39.01153],[-122.41086,39.00988],[-122.40928,39.00703],[-122.41065,39.00543],[-122.41298,39.00477],[-122.41172,39.00396],[-122.41113,39.00218],[-122.41227,39.00081],[-122.41191,38.99774],[-122.41573,38.99689],[-122.41404,38.99488],[-122.41635,38.9915],[-122.41859,38.99048],[-122.41912,38.98945],[-122.41851,38.98378],[-122.41665,38.97819],[-122.40818,38.97266],[-122.40676,38.9707],[-122.40704,38.96885],[-122.40927,38.96752],[-122.40817,38.96613],[-122.40944,38.96405],[-122.40881,38.96273],[-122.40465,38.95855],[-122.40266,38.95748],[-122.40159,38.95553],[-122.39549,38.95614],[-122.38829,38.95098],[-122.3835,38.94851],[-122.37873,38.94374],[-122.37295,38.9397],[-122.36771,38.93874],[-122.36323,38.93532],[-122.34863,38.92798],[-122.34494,38.92788],[-122.34111,38.92662],[-122.34005,38.92403],[-122.40437,38.92553],[-122.40505,38.9227],[-122.41079,38.91776],[-122.41268,38.91256],[-122.41733,38.90874],[-122.41763,38.90815],[-122.41676,38.90723],[-122.41735,38.90602],[-122.42114,38.90434],[-122.42303,38.90271],[-122.42261,38.89995],[-122.41987,38.89762],[-122.41706,38.89738],[-122.41416,38.89278],[-122.41213,38.89109],[-122.41196,38.88894],[-122.40635,38.88347],[-122.40685,38.87975],[-122.40329,38.87748],[-122.40205,38.87554],[-122.39708,38.87368],[-122.39562,38.86994],[-122.39162,38.86824],[-122.40433,38.85582],[-122.40181,38.85551],[-122.39714,38.85055],[-122.39572,38.84779],[-122.39426,38.847],[-122.39448,38.84558],[-122.39163,38.84296],[-122.38974,38.83824],[-122.38557,38.83483],[-122.38236,38.83404],[-122.37962,38.82971],[-122.37621,38.82699],[-122.37549,38.82524],[-122.37685,38.82418],[-122.37684,38.82184],[-122.37533,38.82028],[-122.37514,38.81834],[-122.37357,38.81697],[-122.37509,38.81366],[-122.37435,38.811],[-122.37583,38.80814],[-122.37934,38.80494],[-122.38006,38.80194],[-122.38623,38.80209],[-122.38854,38.80312],[-122.38881,38.80255],[-122.3905,38.80257],[-122.39368,38.80316],[-122.39718,38.80482],[-122.40062,38.80233],[-122.40234,38.79962],[-122.40537,38.79775],[-122.40857,38.79139],[-122.40868,38.78848],[-122.41167,38.78727],[-122.41262,38.78591],[-122.41195,38.78505],[-122.41008,38.78579],[-122.40831,38.78394],[-122.4087,38.78189],[-122.40768,38.78104],[-122.40913,38.7795],[-122.40927,38.77635],[-122.4046,38.7745],[-122.40365,38.77323],[-122.41617,38.76826],[-122.46456,38.70479],[-122.62574,38.66756],[-122.6281,38.66765],[-122.62557,38.67264],[-122.62559,38.67411],[-122.63252,38.67978],[-122.63466,38.68459],[-122.63768,38.68637],[-122.6403,38.689],[-122.63892,38.69068],[-122.63938,38.6918],[-122.63797,38.69332],[-122.63987,38.69387],[-122.64103,38.69653],[-122.64467,38.69858],[-122.64445,38.70193],[-122.6473,38.7059],[-122.65451,38.70647],[-122.66184,38.70514],[-122.66403,38.7068],[-122.66601,38.70649],[-122.66981,38.70781],[-122.67417,38.70564],[-122.67673,38.7072],[-122.68277,38.70727],[-122.68411,38.70782],[-122.68382,38.70844],[-122.68455,38.70883],[-122.69161,38.71004],[-122.69356,38.71204],[-122.6959,38.71281],[-122.69569,38.71411],[-122.69792,38.71794],[-122.69695,38.72001],[-122.69849,38.72183],[-122.6993,38.72458],[-122.70079,38.72543],[-122.70099,38.72782],[-122.70629,38.73084],[-122.71088,38.7317],[-122.71119,38.73502],[-122.71238,38.73688],[-122.7115,38.73941],[-122.71304,38.7414],[-122.70919,38.74586],[-122.70942,38.74807],[-122.71179,38.74929],[-122.71257,38.75063],[-122.71634,38.75116],[-122.71791,38.75244],[-122.71972,38.75268],[-122.72191,38.75622],[-122.72439,38.75613],[-122.72345,38.75767],[-122.72379,38.76091],[-122.7232,38.76248],[-122.7284,38.76572],[-122.72871,38.76833],[-122.72984,38.77031],[-122.73245,38.77009],[-122.73408,38.77114],[-122.73629,38.77431],[-122.73614,38.77771],[-122.7389,38.7815],[-122.74294,38.78212],[-122.74465,38.78468],[-122.74833,38.78748],[-122.7485,38.79096],[-122.74691,38.79383],[-122.74663,38.79953],[-122.74893,38.80389],[-122.75379,38.80492],[-122.76024,38.80829],[-122.76167,38.81096],[-122.76652,38.8134],[-122.7659,38.81511],[-122.76917,38.81648],[-122.76993,38.81943],[-122.77171,38.81994],[-122.7725,38.82124],[-122.77563,38.82153],[-122.77992,38.82625],[-122.786,38.82699],[-122.78906,38.82975],[-122.79152,38.82994],[-122.79348,38.83339],[-122.79505,38.83473],[-122.79604,38.83859],[-122.79817,38.83923],[-122.79993,38.83695],[-122.80643,38.83597],[-122.81222,38.83821],[-122.81128,38.84105],[-122.81172,38.84207],[-122.81841,38.84448],[-122.81686,38.84687],[-122.817,38.84884],[-122.81993,38.84884],[-122.82163,38.85005],[-122.85904,38.85021],[-122.87749,38.8511],[-122.89586,38.8504],[-123.00663,38.85128],[-123.02514,38.85278],[-123.08076,38.85237],[-123.08118,38.83838],[-123.13641,38.8395],[-123.13596,38.80893],[-123.24642,38.80892],[-123.31031,38.80668],[-123.36848,38.80648],[-123.36833,38.77723],[-123.43157,38.77642],[-123.44205,38.77716],[-123.45896,38.77692],[-123.47793,38.77833],[-123.49933,38.77894],[-123.49924,38.77423],[-123.50016,38.77372],[-123.50397,38.77425],[-123.50692,38.77337],[-123.50924,38.76714],[-123.51469,38.76806],[-123.51607,38.76763],[-123.51773,38.76011],[-123.51889,38.75828],[-123.52034,38.75799],[-123.53008,38.76465],[-123.53019,38.76563],[-123.53355,38.76915],[-123.53624,38.76967],[-123.53738,38.77134],[-123.53911,38.77217],[-123.54095,38.77219],[-123.54168,38.77658],[-123.5456,38.77901],[-123.54773,38.77952],[-123.54791,38.78025],[-123.54995,38.78007],[-123.55042,38.78103],[-123.54931,38.78192],[-123.55182,38.78309],[-123.55495,38.78323],[-123.55893,38.78579],[-123.5618,38.78467],[-123.56147,38.78595],[-123.56256,38.7862],[-123.5627,38.78702],[-123.56147,38.78739],[-123.56165,38.78867],[-123.56068,38.78948],[-123.56083,38.79021],[-123.56238,38.79021],[-123.56311,38.79064],[-123.56338,38.79233],[-123.56896,38.79458],[-123.56849,38.79529],[-123.56923,38.79639],[-123.57075,38.79629],[-123.57151,38.79812],[-123.57385,38.79817],[-123.57426,38.80005],[-123.57601,38.79991],[-123.57987,38.80284],[-123.58268,38.80291],[-123.58449,38.80108],[-123.5864,38.80286],[-123.58994,38.80231],[-123.59081,38.80533],[-123.59198,38.80526],[-123.59251,38.80719],[-123.59473,38.8084],[-123.59734,38.8087],[-123.59927,38.80833],[-123.60029,38.8073],[-123.60237,38.80753],[-123.60275,38.80929],[-123.59968,38.80911],[-123.59836,38.80991],[-123.59828,38.81073],[-123.60276,38.81707],[-123.60159,38.81899],[-123.60437,38.82057],[-123.60533,38.82276],[-123.60753,38.82423],[-123.60958,38.82423],[-123.60978,38.82572],[-123.61078,38.82652],[-123.613,38.8268],[-123.61552,38.82878],[-123.61886,38.82801],[-123.61965,38.82872],[-123.61959,38.83032],[-123.62571,38.83143],[-123.62521,38.83231],[-123.62742,38.83361],[-123.62877,38.83666],[-123.63035,38.83627],[-123.6307,38.83739],[-123.63324,38.83904],[-123.6333,38.83986],[-123.63596,38.8398],[-123.63582,38.84108],[-123.63865,38.84387],[-123.64269,38.84401],[-123.64249,38.84543],[-123.64354,38.84618],[-123.6474,38.84548],[-123.64776,38.84738],[-123.64638,38.84806],[-123.64819,38.8501],[-123.64942,38.85001],[-123.6491,38.85164],[-123.651,38.85225],[-123.65065,38.85356],[-123.65238,38.85498],[-123.65471,38.86565],[-123.65594,38.86653],[-123.65588,38.86807],[-123.65986,38.87253],[-123.66405,38.87416],[-123.667,38.87696],[-123.66803,38.87623],[-123.6699,38.87703],[-123.6699,38.87792],[-123.67066,38.87778],[-123.67535,38.88122],[-123.67699,38.88174],[-123.67904,38.88126],[-123.68129,38.88261],[-123.68194,38.88618],[-123.68604,38.88934],[-123.68671,38.89193],[-123.68812,38.8936],[-123.69119,38.89447],[-123.69521,38.89847],[-123.703,38.90205],[-123.70584,38.90607],[-123.70648,38.90864],[-123.7115,38.91038],[-123.71231,38.91182],[-123.71056,38.91324],[-123.71041,38.91488],[-123.71109,38.91564],[-123.71369,38.91662],[-123.71794,38.91692],[-123.72213,38.91905],[-123.72571,38.91735],[-123.72785,38.91895],[-123.7287,38.92158],[-123.72808,38.92316],[-123.72885,38.9249],[-123.72744,38.92536],[-123.72829,38.92776],[-123.72935,38.92747],[-123.72996,38.92962],[-123.72741,38.92953],[-123.72753,38.93097],[-123.72665,38.93074],[-123.72718,38.9323],[-123.72639,38.93307],[-123.72689,38.9347],[-123.72616,38.93509],[-123.72633,38.93637],[-123.73146,38.9395],[-123.73038,38.94003],[-123.73205,38.94118],[-123.7319,38.94257],[-123.73346,38.94381],[-123.73328,38.94504],[-123.7376,38.9501],[-123.73845,38.95278],[-123.74185,38.95509],[-123.74232,38.95621],[-123.74132,38.95635],[-123.73854,38.95452],[-123.7376,38.95491],[-123.73757,38.95601],[-123.73581,38.95539],[-123.73587,38.95763],[-123.7337,38.95532],[-123.73355,38.95312],[-123.73256,38.95198],[-123.73188,38.95198],[-123.73276,38.95317],[-123.73244,38.95381],[-123.73033,38.95255],[-123.73018,38.94846],[-123.72819,38.94644],[-123.72575,38.9455],[-123.7281,38.94724],[-123.72971,38.94974],[-123.72986,38.95393],[-123.7308,38.95482],[-123.73317,38.95479],[-123.72907,38.95667],[-123.72511,38.95972],[-123.71477,38.9721],[-123.71117,38.97732],[-123.69692,39.00441],[-123.69043,39.0229],[-123.69261,39.02521],[-123.69146,39.02668],[-123.69202,39.0305],[-123.68952,39.03185],[-123.68967,39.03407],[-123.69152,39.03679],[-123.69352,39.03663],[-123.69498,39.03734],[-123.69325,39.03755],[-123.69225,39.03872],[-123.69457,39.04183],[-123.69132,39.04313],[-123.69085,39.04425],[-123.69349,39.04826],[-123.69126,39.0508],[-123.6939,39.05355],[-123.69522,39.05629],[-123.6949,39.05725],[-123.6932,39.05806],[-123.69525,39.05993],[-123.6946,39.06128],[-123.6959,39.06314],[-123.69842,39.06485],[-123.69804,39.06753],[-123.70106,39.07018],[-123.70118,39.07188],[-123.70268,39.07289],[-123.70195,39.07362],[-123.702,39.07444],[-123.70309,39.07513],[-123.70224,39.07775],[-123.70374,39.07964],[-123.70594,39.08007],[-123.70579,39.08115],[-123.7038,39.08124],[-123.70309,39.0825],[-123.70406,39.08415],[-123.70585,39.08533],[-123.70532,39.08657],[-123.70638,39.08893],[-123.70618,39.09092],[-123.70879,39.09387],[-123.70932,39.09714],[-123.71017,39.09772],[-123.70785,39.09868],[-123.70783,39.10127],[-123.70877,39.103],[-123.70794,39.10387],[-123.7112,39.1058],[-123.71294,39.10815],[-123.71464,39.1085],[-123.71317,39.11026],[-123.715,39.112],[-123.715,39.11369],[-123.71315,39.11461],[-123.71688,39.11889],[-123.717,39.12063],[-123.72044,39.12269],[-123.71935,39.12289],[-123.71788,39.12479],[-123.71788,39.12785],[-123.72076,39.12972],[-123.71935,39.13171],[-123.72023,39.1348],[-123.72147,39.13592],[-123.72197,39.13567],[-123.72126,39.13498],[-123.72214,39.1351],[-123.72273,39.13681],[-123.72391,39.13775],[-123.72755,39.13844],[-123.72838,39.14077],[-123.73023,39.14173],[-123.73194,39.14192],[-123.73384,39.13981],[-123.73431,39.14191],[-123.73532,39.14221],[-123.73531,39.14054],[-123.73649,39.13956],[-123.73649,39.1434],[-123.73793,39.14345],[-123.73826,39.145],[-123.7349,39.1462],[-123.73426,39.14743],[-123.73714,39.14926],[-123.73691,39.15125],[-123.73832,39.15182],[-123.73917,39.154],[-123.73767,39.15395],[-123.73729,39.15292],[-123.73632,39.15336],[-123.73541,39.15485],[-123.73573,39.15668],[-123.73468,39.15826],[-123.73577,39.15924],[-123.73821,39.15965],[-123.73762,39.16052],[-123.73794,39.16272],[-123.74224,39.16489],[-123.74309,39.16649],[-123.74497,39.16724],[-123.74421,39.16894],[-123.74703,39.17004],[-123.74654,39.17182],[-123.74912,39.17265],[-123.74927,39.17386],[-123.7514,39.1745],[-123.75198,39.17569],[-123.75366,39.17596],[-123.75398,39.17667],[-123.75245,39.17766],[-123.7523,39.17855],[-123.75604,39.18146],[-123.75668,39.18489],[-123.75777,39.18592],[-123.75756,39.18764],[-123.75906,39.19],[-123.76162,39.19199],[-123.76432,39.19142],[-123.76567,39.19355],[-123.77085,39.19423],[-123.77179,39.19504],[-123.77094,39.19705],[-123.77302,39.19863],[-123.77076,39.19893],[-123.77052,39.20023],[-123.77126,39.20144],[-123.77002,39.20135],[-123.76979,39.20204],[-123.77161,39.20442],[-123.77305,39.20486],[-123.77175,39.2057],[-123.7724,39.2063],[-123.77219,39.20737],[-123.7734,39.20872],[-123.77313,39.20932],[-123.7749,39.21005],[-123.77431,39.21089],[-123.77684,39.21385],[-123.77487,39.21465],[-123.7699,39.21424],[-123.7691,39.21531],[-123.76607,39.21502],[-123.76992,39.21596],[-123.77245,39.2204],[-123.77616,39.2226],[-123.77783,39.22445],[-123.77633,39.22612],[-123.77368,39.22614],[-123.77315,39.22696],[-123.77089,39.22687],[-123.76789,39.22534],[-123.77006,39.22662],[-123.76971,39.2279],[-123.77109,39.22916],[-123.77321,39.22898],[-123.77695,39.23152],[-123.77871,39.23079],[-123.78015,39.2334],[-123.77845,39.23395],[-123.77877,39.23537],[-123.77656,39.23676],[-123.77786,39.23761],[-123.77789,39.23848],[-123.77409,39.23971],[-123.77744,39.24145],[-123.77953,39.24132],[-123.77947,39.24395],[-123.78036,39.24443],[-123.78041,39.24569],[-123.78191,39.24637],[-123.78241,39.24853],[-123.78188,39.24981],[-123.78315,39.2503],[-123.78382,39.25159],[-123.78329,39.25234],[-123.78686,39.25305],[-123.78556,39.25449],[-123.78456,39.25428],[-123.78479,39.25486],[-123.78373,39.25513],[-123.78441,39.25589],[-123.78379,39.25655],[-123.78485,39.2569],[-123.78341,39.25742],[-123.7832,39.2584],[-123.78512,39.25962],[-123.786,39.2587],[-123.78632,39.26058],[-123.78688,39.25966],[-123.78697,39.26175],[-123.78877,39.26335],[-123.78791,39.2642],[-123.78873,39.26582],[-123.78867,39.26781],[-123.78968,39.26887],[-123.79059,39.26861],[-123.78994,39.26994],[-123.79162,39.27333],[-123.79509,39.27372],[-123.79512,39.27193],[-123.7968,39.27264],[-123.79771,39.27159],[-123.7983,39.27211],[-123.79957,39.27152],[-123.80004,39.27175],[-123.79898,39.27328],[-123.79966,39.27301],[-123.79957,39.27374],[-123.8003,39.27349],[-123.80125,39.27438],[-123.80172,39.27665],[-123.80396,39.27912],[-123.80369,39.28134],[-123.80201,39.28226],[-123.80133,39.28415],[-123.80225,39.28454],[-123.80269,39.28594],[-123.80378,39.28594],[-123.80292,39.28681],[-123.80348,39.28882],[-123.8031,39.29175],[-123.80098,39.29246],[-123.80127,39.29141],[-123.79956,39.29139],[-123.79792,39.29001],[-123.79488,39.29187],[-123.79697,39.29631],[-123.79626,39.29942],[-123.79376,39.30155],[-123.79623,39.30306],[-123.79835,39.30262],[-123.80313,39.30338],[-123.80489,39.30296],[-123.80398,39.30141],[-123.80463,39.30091],[-123.80669,39.30187],[-123.80637,39.30349],[-123.80728,39.30317],[-123.80858,39.30418],[-123.80869,39.30329],[-123.80993,39.30347],[-123.81099,39.30475],[-123.80978,39.30558],[-123.81099,39.30681],[-123.81031,39.30741],[-123.81034,39.30882],[-123.81132,39.3096],[-123.80872,39.30999],[-123.80964,39.31052],[-123.80828,39.31095],[-123.80816,39.31228],[-123.80457,39.31185],[-123.80416,39.31244],[-123.80536,39.31322],[-123.80492,39.31363],[-123.8023,39.31271],[-123.80207,39.31454],[-123.80039,39.31539],[-123.80041,39.31615],[-123.80142,39.3164],[-123.80074,39.31729],[-123.80189,39.31768],[-123.80071,39.31828],[-123.80071,39.3193],[-123.8056,39.32219],[-123.80684,39.32397],[-123.80875,39.32439],[-123.80569,39.3251],[-123.80454,39.32473],[-123.80451,39.32617],[-123.80707,39.32734],[-123.80504,39.32881],[-123.8071,39.32929],[-123.81049,39.32732],[-123.81149,39.32757],[-123.81143,39.32837],[-123.81341,39.32981],[-123.81185,39.33034],[-123.81252,39.33096],[-123.81409,39.33068],[-123.81291,39.33208],[-123.81479,39.33178],[-123.81804,39.33427],[-123.81777,39.33484],[-123.81644,39.33466],[-123.81674,39.33656],[-123.81762,39.33709],[-123.81624,39.33732],[-123.81742,39.33864],[-123.81659,39.33924],[-123.82004,39.33963],[-123.8198,39.34029],[-123.8188,39.3402],[-123.82048,39.34219],[-123.82007,39.34279],[-123.82122,39.34288],[-123.82075,39.34405],[-123.82305,39.34382],[-123.82305,39.34452],[-123.82579,39.34587],[-123.8257,39.34679],[-123.82641,39.3472],[-123.82573,39.34793],[-123.82773,39.34844],[-123.82776,39.34942],[-123.82641,39.34926],[-123.827,39.34986],[-123.82614,39.3499],[-123.82658,39.35189],[-123.82514,39.35304],[-123.82101,39.3537],[-123.82166,39.35531],[-123.82337,39.35592],[-123.82402,39.35693],[-123.82311,39.35828],[-123.82482,39.3589],[-123.82464,39.35947],[-123.82311,39.35897],[-123.82329,39.35988],[-123.82535,39.36082],[-123.82429,39.36087],[-123.82396,39.36166],[-123.82246,39.36149],[-123.82231,39.36073],[-123.82096,39.36029],[-123.81886,39.3603],[-123.81692,39.36169],[-123.81907,39.36272],[-123.82069,39.36583],[-123.82243,39.36588],[-123.82287,39.36705],[-123.82509,39.36739],[-123.82632,39.36872],[-123.8252,39.36853],[-123.82485,39.36972],[-123.82299,39.36936],[-123.82252,39.36997],[-123.82349,39.37144],[-123.82243,39.37199],[-123.8227,39.37261],[-123.82043,39.37261],[-123.82025,39.37398],[-123.82193,39.37574],[-123.81765,39.37674],[-123.81916,39.37748],[-123.81928,39.37851],[-123.8209,39.37839],[-123.82234,39.37999],[-123.82166,39.38091],[-123.82051,39.381],[-123.82102,39.38199],[-123.82001,39.38187],[-123.82119,39.38285],[-123.81987,39.38427],[-123.82099,39.38592],[-123.81892,39.38617],[-123.81937,39.38718],[-123.81771,39.38745],[-123.81819,39.38855],[-123.81981,39.38917],[-123.81851,39.38924],[-123.81842,39.38983],[-123.82052,39.39169],[-123.8165,39.39228],[-123.82013,39.39562],[-123.81969,39.39643],[-123.82143,39.39734],[-123.82081,39.39809],[-123.81928,39.39778],[-123.81928,39.39949],[-123.82149,39.4018],[-123.8217,39.40311],[-123.82061,39.40297],[-123.82055,39.40428],[-123.82179,39.40494],[-123.82226,39.40652],[-123.8199,39.40695],[-123.81951,39.40794],[-123.81881,39.40789],[-123.8196,39.40899],[-123.81863,39.40943],[-123.81639,39.40885],[-123.81527,39.41128],[-123.81547,39.41247],[-123.81432,39.41276],[-123.81541,39.41505],[-123.8132,39.41716],[-123.81332,39.41789],[-123.81574,39.41888],[-123.81592,39.42123],[-123.81742,39.4221],[-123.81727,39.42327],[-123.81943,39.42384],[-123.81792,39.42444],[-123.81837,39.4251],[-123.81713,39.42608],[-123.81409,39.42537],[-123.81066,39.42645],[-123.80993,39.42723],[-123.81057,39.42805],[-123.8096,39.42832],[-123.80951,39.42924],[-123.81025,39.43039],[-123.81621,39.43062],[-123.81819,39.43432],[-123.81816,39.43634],[-123.81922,39.43588],[-123.81993,39.43684],[-123.81899,39.43826],[-123.82049,39.43936],[-123.81925,39.4397],[-123.81636,39.43823],[-123.81503,39.44089],[-123.81276,39.44201],[-123.81279,39.44277],[-123.81497,39.44453],[-123.81689,39.44494],[-123.81542,39.44535],[-123.81471,39.44654],[-123.81521,39.44791],[-123.8132,39.45052],[-123.81435,39.45352],[-123.81288,39.45348],[-123.81267,39.45423],[-123.81137,39.45471],[-123.81176,39.45549],[-123.81028,39.45693],[-123.80886,39.46005],[-123.8104,39.46172],[-123.80889,39.46224],[-123.80753,39.46412],[-123.80809,39.46643],[-123.80727,39.46758],[-123.80845,39.47007],[-123.80777,39.47112],[-123.80461,39.47142],[-123.80514,39.47183],[-123.80455,39.47433],[-123.80508,39.47456],[-123.80322,39.47822],[-123.80399,39.4825],[-123.80216,39.48328],[-123.8029,39.48449],[-123.80233,39.48689],[-123.80301,39.48776],[-123.80558,39.48801],[-123.8049,39.48886],[-123.80546,39.48945],[-123.80455,39.49039],[-123.80349,39.48964],[-123.79962,39.48966],[-123.79566,39.49222],[-123.79477,39.49531],[-123.79152,39.49801],[-123.78369,39.51029],[-123.77709,39.52398],[-123.77656,39.52718],[-123.77455,39.53162],[-123.77286,39.53414],[-123.76797,39.55123],[-123.76569,39.55302],[-123.76673,39.55377],[-123.76681,39.55723],[-123.76661,39.55926],[-123.76554,39.55919],[-123.76811,39.56041],[-123.76723,39.56123],[-123.76782,39.56176],[-123.76859,39.56135],[-123.76956,39.56269],[-123.76894,39.56322],[-123.76796,39.56233],[-123.76711,39.56317],[-123.76719,39.5654],[-123.76968,39.56613],[-123.77163,39.56824],[-123.77296,39.57217],[-123.7747,39.57279],[-123.77822,39.5757],[-123.77703,39.57654],[-123.77881,39.57808],[-123.77697,39.57767],[-123.77638,39.57838],[-123.77635,39.57908],[-123.77771,39.57957],[-123.77712,39.58419],[-123.78244,39.58778],[-123.78212,39.58831],[-123.78037,39.58741],[-123.78114,39.58911],[-123.7828,39.58918],[-123.78345,39.58964],[-123.78312,39.59082],[-123.78493,39.59065],[-123.78522,39.59174],[-123.78599,39.59195],[-123.78637,39.59293],[-123.78448,39.59298],[-123.78392,39.59385],[-123.78605,39.59508],[-123.78767,39.59749],[-123.78797,39.59939],[-123.78874,39.59971],[-123.78693,39.60019],[-123.78853,39.60085],[-123.78891,39.60476],[-123.78743,39.60456],[-123.78678,39.60581],[-123.7874,39.60772],[-123.78516,39.60747],[-123.78356,39.60952],[-123.78217,39.6133],[-123.78267,39.61424],[-123.78234,39.62149],[-123.78503,39.62506],[-123.7863,39.62499],[-123.78612,39.6263],[-123.78719,39.62682],[-123.78464,39.62847],[-123.78591,39.63252],[-123.78574,39.63504],[-123.78701,39.63653],[-123.78707,39.63795],[-123.78532,39.64117],[-123.78588,39.64191],[-123.78517,39.64435],[-123.78582,39.64639],[-123.7852,39.64717],[-123.78591,39.64824],[-123.78508,39.65135],[-123.78727,39.65605],[-123.78655,39.66033],[-123.78901,39.66477],[-123.79283,39.66708],[-123.79162,39.66934],[-123.79158,39.67776],[-123.79218,39.67836],[-123.79268,39.68413],[-123.79475,39.68808],[-123.79469,39.6895],[-123.79946,39.69426],[-123.80195,39.69832],[-123.80364,39.69932],[-123.80491,39.70548],[-123.80686,39.70683],[-123.80823,39.71072],[-123.82026,39.71667],[-123.82476,39.71814],[-123.82944,39.72298],[-123.83066,39.72337],[-123.83004,39.7255],[-123.83134,39.72637],[-123.83063,39.72788],[-123.83176,39.7304],[-123.82954,39.73145],[-123.82856,39.7344],[-123.82983,39.73637],[-123.83336,39.73731],[-123.83502,39.73855],[-123.83452,39.73895],[-123.83318,39.738],[-123.83146,39.73891],[-123.83135,39.74003],[-123.83238,39.74145],[-123.83179,39.74186],[-123.83197,39.74374],[-123.83544,39.75063],[-123.83811,39.75242],[-123.8374,39.75347],[-123.83832,39.75436],[-123.83737,39.75573],[-123.83944,39.75719],[-123.83772,39.75814],[-123.83859,39.76335],[-123.83743,39.76658],[-123.83802,39.76873],[-123.83717,39.77624],[-123.83818,39.7864],[-123.83982,39.79564],[-123.84172,39.80081],[-123.84335,39.80219],[-123.84454,39.80621],[-123.84644,39.80672],[-123.84641,39.808],[-123.84534,39.80845],[-123.84606,39.81578],[-123.84715,39.81958],[-123.84843,39.821],[-123.8482,39.8236],[-123.84983,39.82841],[-123.85173,39.83205],[-123.85378,39.83411],[-123.88148,39.84543],[-123.88703,39.84886],[-123.88904,39.85224],[-123.89388,39.85305],[-123.89397,39.85516],[-123.89459,39.85573],[-123.89786,39.85529],[-123.89976,39.85589],[-123.90169,39.86026],[-123.90451,39.85981],[-123.90546,39.86152],[-123.90768,39.86303],[-123.91121,39.86974],[-123.91291,39.87072],[-123.91368,39.87415],[-123.91516,39.87526],[-123.9148,39.87666],[-123.9159,39.87885],[-123.91587,39.88112],[-123.91839,39.88448],[-123.91946,39.88847],[-123.9232,39.894],[-123.92748,39.90393],[-123.92908,39.90567],[-123.92905,39.9076],[-123.93006,39.9097],[-123.93794,39.91343],[-123.93928,39.91245],[-123.94142,39.91556],[-123.94885,39.91915],[-123.95155,39.92172],[-123.95497,39.92238],[-123.95776,39.92709],[-123.95895,39.9275],[-123.96038,39.93393],[-123.96214,39.93693],[-123.96687,39.94146],[-123.96764,39.94361],[-123.97198,39.9497],[-123.97383,39.951],[-123.97511,39.95283],[-123.97549,39.95551],[-123.97868,39.95887],[-123.98005,39.96246],[-123.98377,39.96466],[-123.98802,39.96861],[-123.9932,39.97088],[-123.99588,39.97305],[-123.99752,39.97593],[-124.00097,39.97881],[-124.00187,39.98098],[-124.00599,39.9853],[-124.01491,39.99074],[-124.01956,39.99878],[-124.02929,40.00554],[-124.03232,40.01014],[-124.03592,40.01332],[-124.04012,40.01596],[-124.04286,40.01662],[-124.04533,40.01916],[-124.05643,40.02431],[-124.06184,40.02534],[-124.06509,40.02479],[-124.06678,40.02353],[-124.06717,40.02191],[-124.06857,40.02131],[-124.0733,40.02266],[-124.07366,40.02435],[-124.07545,40.02511],[-124.07637,40.02772],[-124.08069,40.02992],[-124.08078,40.0315],[-124.0792,40.0341],[-124.07863,40.03689],[-124.08087,40.03772],[-124.07968,40.03898],[-124.08078,40.04223],[-124.07989,40.05905],[-124.07995,40.06348],[-124.08073,40.06612],[-124.08711,40.07845],[-124.09277,40.08257],[-124.09706,40.08865],[-124.10481,40.09616],[-124.11057,40.10377],[-124.11879,40.10624],[-124.12446,40.11031],[-124.13011,40.11292],[-124.13452,40.11338],[-124.13997,40.11636],[-124.14897,40.11769],[-124.15472,40.12048],[-124.17079,40.12421],[-124.17561,40.12723],[-124.17892,40.12796],[-124.18184,40.13013],[-124.18789,40.13055],[-124.19421,40.13878],[-124.20235,40.14627],[-124.20561,40.15114],[-124.20826,40.1542],[-124.21232,40.15713],[-124.21533,40.16141],[-124.22703,40.16779],[-124.23279,40.17294],[-124.24004,40.17712],[-124.24705,40.17936],[-124.25843,40.18428],[-124.2663,40.19003],[-124.27316,40.19646],[-124.29034,40.20356],[-124.29956,40.21145],[-124.30344,40.21361],[-124.31448,40.22259],[-124.32093,40.22662],[-124.32392,40.22992],[-124.3261,40.23555],[-124.32771,40.23737],[-124.33034,40.23927],[-124.34339,40.2441],[-124.34727,40.24703],[-124.3522,40.24952],[-124.35626,40.25485],[-124.36101,40.25743],[-124.36343,40.26098],[-124.36245,40.264],[-124.36234,40.26846],[-124.36371,40.27093],[-124.36276,40.2726],[-124.36366,40.27622],[-124.36204,40.27869],[-124.3622,40.28054],[-124.36056,40.28516],[-124.35647,40.29297],[-124.35453,40.29912],[-124.35382,40.3048],[-124.34847,40.31217],[-124.34787,40.31464],[-124.34871,40.31942],[-124.35347,40.33212],[-124.35889,40.33662],[-124.36194,40.34117],[-124.36269,40.34353],[-124.36251,40.34545],[-124.36401,40.34831],[-124.36297,40.3495],[-124.36276,40.35163],[-124.364,40.36849],[-124.36463,40.36932],[-124.36493,40.37343],[-124.3687,40.38415],[-124.37362,40.39292],[-124.37803,40.39645],[-124.3791,40.39883],[-124.38586,40.40353],[-124.38978,40.40517],[-124.39152,40.40705],[-124.3937,40.41202],[-124.40264,40.42211],[-124.40306,40.42502],[-124.40246,40.42802],[-124.40369,40.43327],[-124.40794,40.43598],[-124.40961,40.43808],[-124.40763,40.4451],[-124.39489,40.46544],[-124.38379,40.49339],[-124.38323,40.49986],[-124.38696,40.50361],[-124.3862,40.50859],[-124.38734,40.51045],[-124.38437,40.51416],[-124.38284,40.519],[-124.37642,40.52568],[-124.36623,40.54287],[-124.36126,40.55394],[-124.35838,40.55848],[-124.35386,40.56983],[-124.35218,40.57204],[-124.34061,40.59575],[-124.33362,40.60731],[-124.33029,40.61513],[-124.32705,40.61939],[-124.31516,40.63953],[-124.31105,40.64331],[-124.3112,40.64457],[-124.30945,40.64777],[-124.28914,40.67964],[-124.28051,40.69226],[-124.25101,40.73083],[-124.23506,40.75619],[-124.23409,40.75642],[-124.22934,40.74921],[-124.22588,40.74838],[-124.22723,40.7482],[-124.22771,40.7471],[-124.22681,40.74427],[-124.229,40.74598],[-124.23258,40.74566],[-124.23457,40.74444],[-124.24094,40.73783],[-124.2413,40.73632],[-124.24244,40.73554],[-124.24316,40.73247],[-124.24968,40.72815],[-124.25004,40.72664],[-124.25229,40.72485],[-124.25406,40.7217],[-124.25801,40.71822],[-124.26264,40.70939],[-124.2627,40.70855],[-124.2606,40.70703],[-124.26586,40.70386],[-124.26689,40.70104],[-124.2652,40.69994],[-124.26208,40.69937],[-124.26139,40.69775],[-124.25796,40.69653],[-124.24298,40.69418],[-124.23381,40.69107],[-124.23131,40.68974],[-124.22944,40.68661],[-124.22638,40.68581],[-124.22584,40.68451],[-124.22287,40.68448],[-124.22214,40.68574],[-124.21905,40.68707],[-124.22022,40.68915],[-124.22253,40.69034],[-124.22079,40.69403],[-124.22085,40.69556],[-124.22308,40.69956],[-124.21656,40.70196],[-124.21419,40.70185],[-124.21325,40.70242],[-124.21382,40.7041],[-124.2159,40.70352],[-124.21743,40.70393],[-124.21539,40.70508],[-124.21208,40.70494],[-124.21121,40.70677],[-124.2171,40.71414],[-124.21726,40.71692],[-124.22315,40.72319],[-124.22141,40.72459],[-124.22147,40.7258],[-124.21997,40.72773],[-124.21919,40.72775],[-124.21949,40.72919],[-124.21823,40.72956],[-124.21835,40.73273],[-124.21669,40.73347],[-124.21654,40.73095],[-124.21567,40.731],[-124.21486,40.73539],[-124.21579,40.73862],[-124.21778,40.7366],[-124.22009,40.73656],[-124.22196,40.73873],[-124.22196,40.74061],[-124.20548,40.7437],[-124.19802,40.75229],[-124.19733,40.75648],[-124.19931,40.76233],[-124.20229,40.76657],[-124.20223,40.77171],[-124.19805,40.77062],[-124.19573,40.77167],[-124.19441,40.7756],[-124.19399,40.7799],[-124.19107,40.78256],[-124.18981,40.78718],[-124.18749,40.78775],[-124.18972,40.78663],[-124.18978,40.7843],[-124.18683,40.78778],[-124.18661,40.79192],[-124.18683,40.79267],[-124.18767,40.79269],[-124.18767,40.79105],[-124.18818,40.79098],[-124.18815,40.79343],[-124.18285,40.80038],[-124.17966,40.80253],[-124.17815,40.80219],[-124.17463,40.8048],[-124.16593,40.80621],[-124.16066,40.80623],[-124.14524,40.81127],[-124.14148,40.81001],[-124.13871,40.80797],[-124.13151,40.80561],[-124.12694,40.80661],[-124.12487,40.80579],[-124.12334,40.80625],[-124.12235,40.80691],[-124.12153,40.80936],[-124.11882,40.80815],[-124.11967,40.80906],[-124.11931,40.80977],[-124.11461,40.81382],[-124.10811,40.81413],[-124.08806,40.82411],[-124.08694,40.82534],[-124.08785,40.82619],[-124.08535,40.83113],[-124.08339,40.83097],[-124.083,40.83216],[-124.08381,40.83921],[-124.08523,40.84163],[-124.08345,40.84356],[-124.0846,40.8442],[-124.08394,40.8447],[-124.08412,40.84616],[-124.08282,40.8449],[-124.08288,40.84646],[-124.08529,40.8471],[-124.08439,40.84891],[-124.08533,40.84977],[-124.09129,40.84886],[-124.09229,40.85209],[-124.09123,40.85499],[-124.09331,40.85376],[-124.09901,40.85565],[-124.09802,40.85812],[-124.09844,40.85895],[-124.10015,40.85808],[-124.10013,40.8589],[-124.10326,40.86009],[-124.10549,40.85792],[-124.10835,40.85794],[-124.1151,40.85279],[-124.11736,40.85251],[-124.12447,40.85685],[-124.12577,40.85841],[-124.12915,40.85816],[-124.13123,40.85914],[-124.13343,40.86359],[-124.13526,40.86459],[-124.13942,40.86487],[-124.14171,40.86425],[-124.14907,40.86551],[-124.15208,40.86437],[-124.15302,40.86357],[-124.14988,40.85863],[-124.15585,40.85726],[-124.15811,40.85819],[-124.15754,40.85373],[-124.15814,40.8511],[-124.16022,40.85007],[-124.16116,40.84815],[-124.16288,40.8471],[-124.16315,40.84582],[-124.16613,40.84335],[-124.1667,40.84145],[-124.16851,40.8393],[-124.16845,40.83813],[-124.17023,40.83598],[-124.17086,40.83392],[-124.16978,40.83282],[-124.17086,40.82722],[-124.17038,40.82617],[-124.17728,40.82017],[-124.18053,40.81836],[-124.18056,40.81724],[-124.18324,40.81535],[-124.18743,40.81059],[-124.18818,40.80777],[-124.19258,40.79992],[-124.19227,40.79917],[-124.19324,40.79837],[-124.1933,40.79363],[-124.19498,40.78961],[-124.19784,40.78606],[-124.19971,40.78235],[-124.20251,40.78068],[-124.20651,40.77633],[-124.21514,40.77038],[-124.21743,40.7669],[-124.22017,40.76498],[-124.21968,40.76361],[-124.22053,40.76139],[-124.22221,40.75958],[-124.22687,40.76057],[-124.23374,40.76525],[-124.22826,40.7694],[-124.22243,40.77804],[-124.21314,40.78924],[-124.19207,40.8193],[-124.17673,40.84362],[-124.15834,40.87607],[-124.15683,40.88081],[-124.15406,40.88495],[-124.14431,40.90675],[-124.1437,40.90972],[-124.13709,40.92574],[-124.13243,40.9425],[-124.12774,40.95545],[-124.12792,40.95717],[-124.12554,40.9627],[-124.12088,40.9814],[-124.11931,40.98506],[-124.11928,40.98698],[-124.11768,40.98735],[-124.11771,40.98831],[-124.11856,40.98858],[-124.11531,41.00365],[-124.11176,41.02784],[-124.11334,41.03124],[-124.11639,41.03213],[-124.11748,41.03513],[-124.11911,41.03586],[-124.11908,41.03817],[-124.12192,41.03979],[-124.12096,41.03993],[-124.12023,41.0414],[-124.12465,41.04636],[-124.1255,41.04652],[-124.12547,41.04851],[-124.12765,41.04929],[-124.12992,41.05146],[-124.1324,41.05208],[-124.13524,41.0549],[-124.14122,41.05687],[-124.14551,41.05706],[-124.14663,41.05662],[-124.14639,41.0555],[-124.14829,41.05591],[-124.14723,41.05289],[-124.14896,41.05147],[-124.15129,41.05111],[-124.15364,41.05356],[-124.15267,41.05669],[-124.15013,41.0587],[-124.1491,41.06147],[-124.15164,41.06458],[-124.15085,41.06586],[-124.15119,41.06683],[-124.15351,41.06797],[-124.1563,41.06682],[-124.15938,41.06928],[-124.15799,41.07047],[-124.15932,41.07218],[-124.15959,41.07385],[-124.15717,41.07538],[-124.15554,41.07746],[-124.15626,41.08035],[-124.15768,41.0811],[-124.15623,41.08215],[-124.15659,41.08449],[-124.15889,41.08481],[-124.15961,41.08575],[-124.15813,41.08643],[-124.15698,41.08579],[-124.15453,41.08716],[-124.15589,41.08911],[-124.15589,41.09064],[-124.15755,41.0916],[-124.16058,41.09902],[-124.16284,41.10087],[-124.16454,41.10117],[-124.16296,41.10162],[-124.1629,41.10261],[-124.16067,41.10449],[-124.16169,41.106],[-124.16208,41.10883],[-124.15969,41.11197],[-124.15966,41.11725],[-124.16084,41.11947],[-124.15909,41.12082],[-124.15908,41.12196],[-124.1654,41.13026],[-124.16083,41.13328],[-124.16241,41.13472],[-124.1618,41.13584],[-124.16401,41.13868],[-124.1618,41.14046],[-124.16189,41.14129],[-124.15856,41.14303],[-124.15275,41.1411],[-124.14969,41.14085],[-124.14718,41.14151],[-124.14382,41.14469],[-124.14052,41.14986],[-124.1227,41.18973],[-124.11432,41.21046],[-124.11212,41.21788],[-124.10867,41.22456],[-124.10686,41.23042],[-124.10743,41.23485],[-124.10913,41.23636],[-124.10753,41.23774],[-124.10048,41.25759],[-124.09905,41.26334],[-124.09978,41.26624],[-124.09566,41.27589],[-124.09251,41.28658],[-124.09164,41.29649],[-124.08906,41.30408],[-124.08719,41.31522],[-124.08543,41.32014],[-124.08604,41.32227],[-124.08222,41.33435],[-124.08128,41.34034],[-124.07351,41.36876],[-124.07357,41.37146],[-124.07248,41.37391],[-124.0713,41.38081],[-124.07145,41.38413],[-124.0641,41.4278],[-124.0631,41.43959],[-124.06319,41.44199],[-124.06419,41.44281],[-124.0637,41.44343],[-124.06413,41.44697],[-124.06629,41.45203],[-124.06589,41.46216],[-124.0651,41.46386],[-124.06608,41.47026],[-124.06845,41.47557],[-124.06842,41.47854],[-124.06948,41.48152],[-124.07131,41.48371],[-124.07265,41.4912],[-124.07533,41.49408],[-124.07484,41.4965],[-124.07594,41.50176],[-124.077,41.50291],[-124.07782,41.50638],[-124.08111,41.50988],[-124.08176,41.5226],[-124.08285,41.52377],[-124.08465,41.5243],[-124.08273,41.52569],[-124.08179,41.53774],[-124.08201,41.54777],[-124.08496,41.55003],[-124.08907,41.55131],[-124.09066,41.55307],[-124.09233,41.55319],[-124.09367,41.55511],[-124.09425,41.55762],[-124.09642,41.56041],[-124.09581,41.56113],[-124.09617,41.56286],[-124.09879,41.56382],[-124.09904,41.56487],[-124.09825,41.56593],[-124.10114,41.5692],[-124.1013,41.57199],[-124.10227,41.57416],[-124.10005,41.57727],[-124.10197,41.57945],[-124.09929,41.58196],[-124.0974,41.58526],[-124.09808,41.58697],[-124.1014,41.5891],[-124.10094,41.59061],[-124.10289,41.59184],[-124.10479,41.59441],[-124.10317,41.59532],[-124.10168,41.59761],[-124.10098,41.6025],[-124.10199,41.60422],[-124.10482,41.60593],[-124.1054,41.60818],[-124.10742,41.60957],[-124.11096,41.61387],[-124.11361,41.61531],[-124.1158,41.6151],[-124.1137,41.61778],[-124.11563,41.62133],[-124.11606,41.62885],[-124.11951,41.63363],[-124.11988,41.63958],[-124.12287,41.64283],[-124.12385,41.64509],[-124.12634,41.64704],[-124.1274,41.65063],[-124.13557,41.65731],[-124.13523,41.66212],[-124.13666,41.66523],[-124.13864,41.66706],[-124.13828,41.67072],[-124.14114,41.67234],[-124.13876,41.67555],[-124.13839,41.67889],[-124.13909,41.68083],[-124.14092,41.68266],[-124.1404,41.68504],[-124.14354,41.6874],[-124.14186,41.68953],[-124.14318,41.69042],[-124.14183,41.69341],[-124.14229,41.69465],[-124.14357,41.69502],[-124.14366,41.69641],[-124.14201,41.69673],[-124.14186,41.69909],[-124.14375,41.70549],[-124.14472,41.70659],[-124.1435,41.70929],[-124.14743,41.71796],[-124.15427,41.72881],[-124.16046,41.73636],[-124.16474,41.74013],[-124.1713,41.74352],[-124.17781,41.74571],[-124.18285,41.74078],[-124.18276,41.73986],[-124.18538,41.73936],[-124.18593,41.73974],[-124.18572,41.74098],[-124.18389,41.7413],[-124.18102,41.7442],[-124.18114,41.74482],[-124.18349,41.74588],[-124.1834,41.74736],[-124.18569,41.7488],[-124.19354,41.74998],[-124.19953,41.74594],[-124.19763,41.74398],[-124.19898,41.74404],[-124.1995,41.74317],[-124.2009,41.74528],[-124.20316,41.74587],[-124.20386,41.74704],[-124.20796,41.74903],[-124.2119,41.74984],[-124.21251,41.75089],[-124.2163,41.7508],[-124.21623,41.75165],[-124.21495,41.75222],[-124.21562,41.75377],[-124.22112,41.75576],[-124.22412,41.76047],[-124.2361,41.76754],[-124.24176,41.77186],[-124.24466,41.77176],[-124.24649,41.77039],[-124.24873,41.77146],[-124.25196,41.77002],[-124.25438,41.77067],[-124.25416,41.77117],[-124.25202,41.77107],[-124.25126,41.77222],[-124.2487,41.77236],[-124.24851,41.77348],[-124.25068,41.77455],[-124.25066,41.77609],[-124.25415,41.77844],[-124.2536,41.77998],[-124.25601,41.78302],[-124.25497,41.7851],[-124.25033,41.78691],[-124.24505,41.7923],[-124.2307,41.81869],[-124.21961,41.84644],[-124.20846,41.8882],[-124.20403,41.92455],[-124.20477,41.92868],[-124.2044,41.93372],[-124.20272,41.93642],[-124.20345,41.93747],[-124.20348,41.94264],[-124.20444,41.94674],[-124.20774,41.94598],[-124.20836,41.94857],[-124.21026,41.95069],[-124.20922,41.95302],[-124.21032,41.95417],[-124.20815,41.95485],[-124.20606,41.96252],[-124.20497,41.98345],[-124.20561,41.98635],[-124.20874,41.98889],[-124.20982,41.99559],[-124.21172,41.9989],[-124.00122,41.99659],[-123.84323,41.9966],[-123.81048,41.99572]]]]},"properties":{"id":"GrouseGeneral","kind":"upland_zone","species":"Sooty (Blue)/Ruffed Grouse","hunt":"General Hunt","zone_name":null,"zone_des":"See Map","zone_description":null,"source_url":"https://services2.arcgis.com/Uq9r85Potqm3MfRV/arcgis/rest/services/Upland_Game_AGOL_gdb/FeatureServer/1/query","fetched_at":"2026-09-19T22:10:55.518395+00:00"}}]}