{"type":"FeatureCollection","source":{"name":"Drawn by this app from the counties CDFW's own regulation text names, over CDFW's county polygons (services2.arcgis.com cnty_basicplus_multipart_wm layer 0)","url":"https://services2.arcgis.com/Uq9r85Potqm3MfRV/arcgis/rest/services/cnty_basicplus_multipart_wm/FeatureServer/0/query","fetched_at":"2026-09-05T05:10:24.397707+00:00","verified_at":"2026-09-19","drawn_by":"this app, as the union of the counties the regulation names","boundary_caveat":"These lines are not CDFW's. CDFW publishes this area as a sentence and publishes no map of it, so this app drew it from the counties that sentence names, using CDFW's own county polygons. An area whose definition names anything other than whole counties \u2014 a highway, a river, a jetty, a tide line, a lake \u2014 is not drawn here at all, and this app quotes its words instead.","extent_caveat":"The county polygons this app drew from end at the shoreline. They include the bays and they include no ocean, so a spot out on the water is inside none of these areas even where the regulation's county reaches it.","curation_status":"draft_pending_user_verification"},"features":[{"type":"Feature","geometry":{"type":"MultiPolygon","coordinates":[[[[-124.06602,40.02345],[-124.06538,40.02354],[-124.06595,40.0234],[-124.06602,40.02345]]],[[[-123.50039,41.3812],[-123.50055,41.38043],[-123.49824,41.3789],[-123.49382,41.37753],[-123.49058,41.37813],[-123.48957,41.37782],[-123.48731,41.37658],[-123.48453,41.37295],[-123.48107,41.37197],[-123.47894,41.36954],[-123.47597,41.36772],[-123.47413,41.36604],[-123.47517,41.36424],[-123.47821,41.36083],[-123.47938,41.35599],[-123.48022,41.35512],[-123.48196,41.35453],[-123.48238,41.35368],[-123.48144,41.34845],[-123.47844,41.34023],[-123.47935,41.3371],[-123.47937,41.33389],[-123.47864,41.32964],[-123.47774,41.32789],[-123.47392,41.3262],[-123.47307,41.32448],[-123.47233,41.32144],[-123.46764,41.3196],[-123.46544,41.31975],[-123.46352,41.31775],[-123.46221,41.31462],[-123.46191,41.31274],[-123.45958,41.31011],[-123.45956,41.3084],[-123.46067,41.30587],[-123.46037,41.3043],[-123.45748,41.30082],[-123.45652,41.30017],[-123.45666,41.29879],[-123.45633,41.2977],[-123.45667,41.29648],[-123.45661,41.29491],[-123.45552,41.29284],[-123.45567,41.29232],[-123.45649,41.29076],[-123.45805,41.28989],[-123.45899,41.28861],[-123.46333,41.28642],[-123.46293,41.28465],[-123.46168,41.28228],[-123.45673,41.27967],[-123.45351,41.27897],[-123.45143,41.27756],[-123.45046,41.27747],[-123.44648,41.27574],[-123.44386,41.273],[-123.4445,41.27076],[-123.44446,41.26704],[-123.44342,41.26558],[-123.44372,41.26445],[-123.44365,41.26247],[-123.44218,41.26012],[-123.44203,41.25848],[-123.44284,41.25718],[-123.44234,41.25432],[-123.44266,41.25118],[-123.44313,41.24986],[-123.44536,41.24716],[-123.44714,41.2459],[-123.44943,41.24329],[-123.45202,41.24164],[-123.45368,41.23866],[-123.45511,41.23738],[-123.45505,41.23638],[-123.45331,41.23477],[-123.45152,41.23208],[-123.44948,41.23025],[-123.44199,41.22764],[-123.43805,41.2268],[-123.43738,41.2264],[-123.43605,41.22422],[-123.43429,41.22301],[-123.43427,41.22232],[-123.43644,41.21924],[-123.43667,41.21813],[-123.43521,41.21296],[-123.43457,41.21226],[-123.43277,41.21131],[-123.43196,41.21041],[-123.43036,41.20957],[-123.42983,41.208],[-123.42857,41.20586],[-123.42859,41.20444],[-123.42797,41.20371],[-123.42614,41.20236],[-123.42387,41.20162],[-123.42169,41.19843],[-123.41743,41.19732],[-123.41448,41.19331],[-123.41495,41.19087],[-123.41386,41.18933],[-123.41269,41.18571],[-123.41072,41.1838],[-123.41086,41.18224],[-123.40999,41.18078],[-123.40812,41.1801],[-123.40843,41.17873],[-123.40958,41.17711],[-123.41006,41.17578],[-123.41023,41.1712],[-123.4116,41.17015],[-123.41503,41.16856],[-123.41582,41.16696],[-123.41731,41.1653],[-123.41804,41.16508],[-123.41981,41.1655],[-123.42161,41.16655],[-123.42715,41.16438],[-123.42865,41.1634],[-123.43254,41.16277],[-123.43244,41.15942],[-123.43176,41.15737],[-123.4287,41.15267],[-123.4292,41.15074],[-123.43065,41.14914],[-123.43129,41.14774],[-123.42973,41.14597],[-123.42942,41.14515],[-123.43,41.14307],[-123.42922,41.14043],[-123.43009,41.13742],[-123.43033,41.13454],[-123.42946,41.13206],[-123.42964,41.13005],[-123.42893,41.12885],[-123.42828,41.12559],[-123.42968,41.12354],[-123.42953,41.12214],[-123.42982,41.12111],[-123.42914,41.1187],[-123.42929,41.11783],[-123.42996,41.11667],[-123.43159,41.11479],[-123.43278,41.11392],[-123.43458,41.11161],[-123.43464,41.10856],[-123.43701,41.10481],[-123.43699,41.10398],[-123.43572,41.10208],[-123.44011,41.09693],[-123.44113,41.09491],[-123.44113,41.0939],[-123.4396,41.0924],[-123.44203,41.09117],[-123.44283,41.09053],[-123.44322,41.08973],[-123.44628,41.08883],[-123.45113,41.08931],[-123.45397,41.09045],[-123.45654,41.0904],[-123.45769,41.09097],[-123.45911,41.09286],[-123.46073,41.09376],[-123.46291,41.09433],[-123.46389,41.09514],[-123.46467,41.09288],[-123.46295,41.09109],[-123.46269,41.09025],[-123.46173,41.08946],[-123.46121,41.08791],[-123.45848,41.08532],[-123.45844,41.08276],[-123.45988,41.08129],[-123.46229,41.07957],[-123.46393,41.07665],[-123.46328,41.07537],[-123.45947,41.07376],[-123.46039,41.07273],[-123.45982,41.07195],[-123.45968,41.07033],[-123.45856,41.06872],[-123.45712,41.06836],[-123.45288,41.06883],[-123.4483,41.0645],[-123.4469,41.06262],[-123.44389,41.06122],[-123.44277,41.06116],[-123.43808,41.06195],[-123.43691,41.06182],[-123.43614,41.06091],[-123.43459,41.06047],[-123.43318,41.06137],[-123.43243,41.06232],[-123.4304,41.06336],[-123.42885,41.06171],[-123.42331,41.05799],[-123.4246,41.05291],[-123.42279,41.0508],[-123.42412,41.04854],[-123.42344,41.0471],[-123.42388,41.04469],[-123.4236,41.04292],[-123.42294,41.0417],[-123.42037,41.03864],[-123.42053,41.03702],[-123.41956,41.0352],[-123.41831,41.03399],[-123.41381,41.03237],[-123.41163,41.03087],[-123.40905,41.03055],[-123.4065,41.03067],[-123.40839,41.02733],[-123.4089,41.02533],[-123.4085,41.02426],[-123.41046,41.0218],[-123.4106,41.02116],[-123.40844,41.01888],[-123.40734,41.01677],[-123.40712,41.01564],[-123.40629,41.01475],[-123.40576,41.01341],[-123.40685,41.01215],[-123.40937,41.0109],[-123.41171,41.01066],[-123.41277,41.0109],[-123.41462,41.01023],[-123.41906,41.01031],[-123.42049,41.00939],[-123.42215,41.00747],[-123.42247,41.00665],[-123.42535,41.00406],[-123.42552,41.00186],[-123.42811,41.0004],[-123.4282,40.99805],[-123.42694,40.99519],[-123.42701,40.99412],[-123.42808,40.99098],[-123.42815,40.98952],[-123.42765,40.98683],[-123.42952,40.98603],[-123.43039,40.98395],[-123.43275,40.98349],[-123.4344,40.98265],[-123.43461,40.98063],[-123.43553,40.97968],[-123.43501,40.97775],[-123.43577,40.9769],[-123.43638,40.97529],[-123.4361,40.97335],[-123.43742,40.97228],[-123.43994,40.97145],[-123.44275,40.96987],[-123.44739,40.96664],[-123.4514,40.96635],[-123.45369,40.9632],[-123.45397,40.96115],[-123.45324,40.95976],[-123.45122,40.95918],[-123.45022,40.95853],[-123.44858,40.95876],[-123.44756,40.95846],[-123.44669,40.95769],[-123.44614,40.95644],[-123.44511,40.9559],[-123.44482,40.95538],[-123.44424,40.9528],[-123.44509,40.95058],[-123.44513,40.94855],[-123.44763,40.94391],[-123.44841,40.94335],[-123.45048,40.94299],[-123.45301,40.94102],[-123.45374,40.94125],[-123.45461,40.94223],[-123.45662,40.94161],[-123.45874,40.94141],[-123.46279,40.93826],[-123.46417,40.93755],[-123.4653,40.93744],[-123.46784,40.93798],[-123.46801,40.9368],[-123.46881,40.93521],[-123.47082,40.93358],[-123.47207,40.93297],[-123.47226,40.93134],[-123.47286,40.93065],[-123.47407,40.93045],[-123.47824,40.92769],[-123.47832,40.92657],[-123.47987,40.92367],[-123.47999,40.92155],[-123.47964,40.91904],[-123.48121,40.91754],[-123.48115,40.91552],[-123.4815,40.91481],[-123.4819,40.9147],[-123.48608,40.91569],[-123.48857,40.9168],[-123.49088,40.91661],[-123.4924,40.91584],[-123.49332,40.91575],[-123.49773,40.91615],[-123.50079,40.91685],[-123.50805,40.91989],[-123.51074,40.92015],[-123.51268,40.92149],[-123.51398,40.92314],[-123.51484,40.92515],[-123.51652,40.92528],[-123.51789,40.9259],[-123.52225,40.93041],[-123.52393,40.93151],[-123.52635,40.93168],[-123.52709,40.93302],[-123.52918,40.93432],[-123.5305,40.93389],[-123.5319,40.93279],[-123.53267,40.93112],[-123.53333,40.93049],[-123.53603,40.93034],[-123.53972,40.93137],[-123.54222,40.93287],[-123.54159,40.93406],[-123.53906,40.93715],[-123.53933,40.93797],[-123.54046,40.93923],[-123.54376,40.94156],[-123.54715,40.94259],[-123.55163,40.94479],[-123.55432,40.94521],[-123.55492,40.94627],[-123.55532,40.9484],[-123.55939,40.95034],[-123.56482,40.94908],[-123.56635,40.94824],[-123.56805,40.94787],[-123.56901,40.94719],[-123.56972,40.94537],[-123.56824,40.9427],[-123.56814,40.93858],[-123.56742,40.93714],[-123.56746,40.93648],[-123.56847,40.93628],[-123.57104,40.93654],[-123.57333,40.9355],[-123.57541,40.93507],[-123.5788,40.93338],[-123.5818,40.93265],[-123.58512,40.93061],[-123.58739,40.92805],[-123.59111,40.92733],[-123.59612,40.93043],[-123.59951,40.93136],[-123.59998,40.93131],[-123.6035,40.92879],[-123.6044,40.92855],[-123.60748,40.92939],[-123.61118,40.92889],[-123.61822,40.93078],[-123.62251,40.93147],[-123.62378,40.9293],[-123.6234,40.928],[-123.62151,40.92574],[-123.61595,40.92401],[-123.61376,40.9221],[-123.61331,40.92117],[-123.61317,40.91808],[-123.61359,40.91689],[-123.61553,40.91535],[-123.61565,40.91398],[-123.61397,40.91154],[-123.61227,40.91001],[-123.61118,40.90812],[-123.60814,40.9064],[-123.60614,40.90452],[-123.60499,40.90171],[-123.60475,40.89989],[-123.60494,40.89945],[-123.60836,40.89596],[-123.60852,40.89489],[-123.60676,40.89393],[-123.60453,40.89093],[-123.60232,40.88989],[-123.59991,40.88799],[-123.5973,40.88436],[-123.59768,40.88281],[-123.60117,40.88015],[-123.60284,40.87966],[-123.60878,40.87916],[-123.61032,40.87853],[-123.60786,40.87821],[-123.6034,40.87869],[-123.60088,40.87843],[-123.59876,40.87771],[-123.59657,40.87613],[-123.59619,40.87541],[-123.59572,40.87253],[-123.59348,40.87107],[-123.59216,40.86953],[-123.59138,40.86775],[-123.59088,40.86744],[-123.58491,40.86972],[-123.58247,40.86906],[-123.58145,40.86818],[-123.58011,40.86765],[-123.58046,40.8661],[-123.58379,40.8636],[-123.58364,40.86243],[-123.58438,40.86135],[-123.58657,40.8609],[-123.58708,40.86053],[-123.58765,40.85863],[-123.58619,40.85801],[-123.58261,40.8576],[-123.57806,40.85863],[-123.57652,40.85838],[-123.57527,40.85763],[-123.57445,40.85665],[-123.57449,40.8554],[-123.57647,40.85438],[-123.57697,40.8536],[-123.57631,40.85254],[-123.57418,40.85107],[-123.57365,40.84891],[-123.57421,40.84766],[-123.57414,40.84577],[-123.57325,40.84393],[-123.57089,40.84286],[-123.56667,40.84246],[-123.56445,40.8426],[-123.56357,40.84198],[-123.56306,40.8406],[-123.56303,40.83931],[-123.56532,40.83819],[-123.56532,40.8376],[-123.56622,40.83651],[-123.5661,40.8351],[-123.56088,40.83272],[-123.55963,40.83033],[-123.56035,40.82921],[-123.56492,40.82552],[-123.56567,40.82304],[-123.56817,40.82095],[-123.5686,40.8198],[-123.56792,40.81841],[-123.56659,40.81684],[-123.56471,40.8156],[-123.56292,40.81334],[-123.56258,40.80971],[-123.55883,40.81004],[-123.55742,40.80947],[-123.55659,40.8087],[-123.55608,40.80748],[-123.55605,40.80583],[-123.55544,40.80496],[-123.55607,40.80233],[-123.55594,40.80014],[-123.55396,40.79792],[-123.55376,40.79621],[-123.554,40.7954],[-123.55664,40.79383],[-123.55888,40.7943],[-123.5608,40.79553],[-123.56456,40.79634],[-123.56622,40.79631],[-123.56638,40.79532],[-123.56473,40.79296],[-123.56454,40.79216],[-123.56471,40.79118],[-123.56612,40.78902],[-123.56546,40.78793],[-123.56447,40.78772],[-123.5623,40.78896],[-123.56094,40.79049],[-123.55756,40.7886],[-123.55697,40.78755],[-123.55756,40.78662],[-123.55738,40.78601],[-123.55824,40.78541],[-123.55801,40.78479],[-123.55884,40.78449],[-123.55903,40.78412],[-123.5578,40.78211],[-123.55747,40.7803],[-123.55558,40.7787],[-123.5512,40.77657],[-123.54941,40.77445],[-123.54943,40.77373],[-123.55039,40.77236],[-123.55381,40.76955],[-123.55441,40.7687],[-123.55405,40.76797],[-123.5545,40.76767],[-123.55492,40.7667],[-123.55117,40.76601],[-123.55033,40.76519],[-123.55007,40.76443],[-123.55021,40.76334],[-123.55077,40.7627],[-123.55344,40.76116],[-123.55424,40.76015],[-123.55438,40.75929],[-123.55349,40.75843],[-123.55058,40.75691],[-123.55016,40.75511],[-123.55087,40.75332],[-123.55261,40.75223],[-123.55245,40.75192],[-123.5508,40.75183],[-123.55016,40.7512],[-123.55035,40.75011],[-123.55199,40.74866],[-123.5523,40.74798],[-123.55048,40.74783],[-123.54857,40.74679],[-123.54777,40.74487],[-123.546,40.7423],[-123.54634,40.74019],[-123.54422,40.73929],[-123.5442,40.7385],[-123.54355,40.7376],[-123.54467,40.73597],[-123.54328,40.73356],[-123.54415,40.73308],[-123.54457,40.62487],[-123.54456,40.32687],[-123.54402,40.19513],[-123.54452,40.00198],[-123.96867,40.00139],[-124.02303,40.00162],[-124.02511,40.00336],[-124.02728,40.0043],[-124.02894,40.00573],[-124.03241,40.0107],[-124.03415,40.01178],[-124.03711,40.01478],[-124.03949,40.01617],[-124.04121,40.01624],[-124.04255,40.01676],[-124.04313,40.01785],[-124.04528,40.01951],[-124.04616,40.01998],[-124.04657,40.02002],[-124.04673,40.01971],[-124.04736,40.01999],[-124.0486,40.02125],[-124.04966,40.02182],[-124.05517,40.02434],[-124.05716,40.02465],[-124.05935,40.02543],[-124.06215,40.02568],[-124.06403,40.02549],[-124.0659,40.02468],[-124.06634,40.02369],[-124.06602,40.02345],[-124.06696,40.02332],[-124.06714,40.02288],[-124.06683,40.02222],[-124.06709,40.02179],[-124.0678,40.02184],[-124.06852,40.0215],[-124.06847,40.02119],[-124.06913,40.02114],[-124.07061,40.02193],[-124.07096,40.02124],[-124.07116,40.02151],[-124.07122,40.0213],[-124.07161,40.0217],[-124.0711,40.02216],[-124.0714,40.02246],[-124.07377,40.02252],[-124.07413,40.02377],[-124.07361,40.02381],[-124.07344,40.02408],[-124.07374,40.02417],[-124.07348,40.02431],[-124.07531,40.02474],[-124.07572,40.02513],[-124.07551,40.02529],[-124.07624,40.02572],[-124.07596,40.0262],[-124.07559,40.0261],[-124.0763,40.02694],[-124.076,40.02722],[-124.0764,40.02724],[-124.07604,40.02772],[-124.07665,40.02778],[-124.07692,40.02751],[-124.07733,40.02835],[-124.07775,40.02805],[-124.07803,40.02829],[-124.07779,40.02857],[-124.07823,40.0287],[-124.07847,40.02832],[-124.07879,40.0285],[-124.07912,40.02954],[-124.07947,40.02943],[-124.07942,40.0298],[-124.07981,40.02943],[-124.08118,40.02961],[-124.08106,40.03037],[-124.08139,40.03039],[-124.08108,40.03096],[-124.08097,40.03057],[-124.08079,40.03179],[-124.08031,40.03184],[-124.08018,40.03248],[-124.0797,40.03271],[-124.08003,40.03285],[-124.079,40.03318],[-124.0793,40.03324],[-124.07907,40.03334],[-124.07932,40.0336],[-124.07942,40.03323],[-124.07995,40.03307],[-124.07968,40.03335],[-124.07998,40.03335],[-124.07993,40.03385],[-124.07932,40.03408],[-124.07907,40.03459],[-124.07933,40.0349],[-124.07991,40.0349],[-124.07886,40.03528],[-124.07867,40.03552],[-124.07888,40.03581],[-124.07818,40.03619],[-124.0787,40.03744],[-124.07923,40.03729],[-124.08005,40.03797],[-124.08061,40.03724],[-124.08086,40.03791],[-124.08037,40.03867],[-124.07962,40.03866],[-124.07947,40.03964],[-124.0801,40.04049],[-124.07975,40.04107],[-124.07987,40.0417],[-124.08082,40.04245],[-124.08021,40.0427],[-124.07978,40.04361],[-124.07924,40.04734],[-124.07947,40.05084],[-124.07913,40.06064],[-124.07985,40.06597],[-124.08244,40.06966],[-124.0841,40.07451],[-124.08544,40.07625],[-124.08611,40.07812],[-124.08935,40.08087],[-124.09235,40.08263],[-124.09363,40.08506],[-124.0963,40.08882],[-124.10039,40.09221],[-124.10191,40.09413],[-124.10402,40.09597],[-124.10522,40.09737],[-124.10679,40.10006],[-124.11028,40.10401],[-124.11223,40.10509],[-124.11896,40.10677],[-124.12044,40.10807],[-124.12389,40.11024],[-124.12941,40.113],[-124.13159,40.11361],[-124.13367,40.11369],[-124.14019,40.11689],[-124.14462,40.11787],[-124.14621,40.11763],[-124.15022,40.11839],[-124.15413,40.12079],[-124.16069,40.12199],[-124.16417,40.12312],[-124.17091,40.1246],[-124.17276,40.12544],[-124.17381,40.12671],[-124.17579,40.12798],[-124.17818,40.12832],[-124.18105,40.13035],[-124.18239,40.13047],[-124.18463,40.13013],[-124.18703,40.1307],[-124.19178,40.13608],[-124.19316,40.13856],[-124.19496,40.1403],[-124.19708,40.14162],[-124.19837,40.14386],[-124.20015,40.14463],[-124.20225,40.14677],[-124.20394,40.15054],[-124.2065,40.15249],[-124.20922,40.1555],[-124.21072,40.15631],[-124.21253,40.15809],[-124.2137,40.15966],[-124.21412,40.16094],[-124.21556,40.1625],[-124.22254,40.16579],[-124.22639,40.16811],[-124.22792,40.16926],[-124.23029,40.1719],[-124.2349,40.17519],[-124.23663,40.17575],[-124.23906,40.17721],[-124.24335,40.17829],[-124.24616,40.17946],[-124.25219,40.18238],[-124.25687,40.18376],[-124.26159,40.18715],[-124.26283,40.18871],[-124.26658,40.19115],[-124.26999,40.19438],[-124.27126,40.19622],[-124.2751,40.19794],[-124.27628,40.19884],[-124.2782,40.19902],[-124.28141,40.20003],[-124.28171,40.19981],[-124.28198,40.20025],[-124.28249,40.20035],[-124.28248,40.20079],[-124.28302,40.20055],[-124.28555,40.20217],[-124.28794,40.20297],[-124.28826,40.20283],[-124.28899,40.20347],[-124.28986,40.20371],[-124.29087,40.2052],[-124.29414,40.20712],[-124.29843,40.21127],[-124.30349,40.21386],[-124.30497,40.21558],[-124.30714,40.21669],[-124.31039,40.21935],[-124.31222,40.22132],[-124.32027,40.22637],[-124.32344,40.22987],[-124.32369,40.23113],[-124.32506,40.233],[-124.32566,40.23532],[-124.32662,40.23675],[-124.32878,40.2379],[-124.33069,40.23957],[-124.33338,40.2401],[-124.33479,40.24113],[-124.33842,40.24217],[-124.34247,40.24412],[-124.34631,40.24689],[-124.35056,40.24905],[-124.35174,40.24999],[-124.3556,40.25461],[-124.35746,40.25591],[-124.35736,40.25615],[-124.35865,40.25641],[-124.36037,40.25747],[-124.36297,40.261],[-124.36314,40.26209],[-124.36187,40.26386],[-124.36177,40.26515],[-124.36208,40.26876],[-124.36336,40.27075],[-124.36235,40.27232],[-124.36327,40.27576],[-124.36171,40.27863],[-124.36192,40.28113],[-124.36098,40.28304],[-124.3605,40.28525],[-124.35722,40.29043],[-124.35566,40.29434],[-124.35454,40.30145],[-124.35358,40.30528],[-124.34923,40.31179],[-124.34817,40.31635],[-124.34865,40.31941],[-124.35019,40.32192],[-124.35004,40.32339],[-124.35046,40.32444],[-124.35196,40.32634],[-124.35205,40.3278],[-124.3538,40.33222],[-124.35546,40.33377],[-124.35867,40.33595],[-124.359,40.33703],[-124.3604,40.3383],[-124.36104,40.34022],[-124.36208,40.34143],[-124.36279,40.34395],[-124.36234,40.34592],[-124.3633,40.34758],[-124.36311,40.34866],[-124.36244,40.34985],[-124.36201,40.35369],[-124.36257,40.35428],[-124.3631,40.3557],[-124.36295,40.35681],[-124.3634,40.35921],[-124.3638,40.36611],[-124.36488,40.36904],[-124.3665,40.37677],[-124.36889,40.38487],[-124.36965,40.38532],[-124.37081,40.38705],[-124.37294,40.39119],[-124.37386,40.39376],[-124.37525,40.39513],[-124.37827,40.39691],[-124.37843,40.39824],[-124.37938,40.39936],[-124.38304,40.4011],[-124.38562,40.40351],[-124.38715,40.40392],[-124.3883,40.40488],[-124.38892,40.40492],[-124.38978,40.40431],[-124.39137,40.40413],[-124.39069,40.40479],[-124.38983,40.40471],[-124.39036,40.40515],[-124.39005,40.40573],[-124.39101,40.40701],[-124.39182,40.40692],[-124.39134,40.4074],[-124.39246,40.40899],[-124.39221,40.40947],[-124.39333,40.4119],[-124.39436,40.41322],[-124.39595,40.41425],[-124.39899,40.41724],[-124.39986,40.41896],[-124.40179,40.42121],[-124.40256,40.4226],[-124.40308,40.42453],[-124.40206,40.42656],[-124.40201,40.42779],[-124.40337,40.43071],[-124.40389,40.43382],[-124.40454,40.43444],[-124.40536,40.43449],[-124.40572,40.43506],[-124.40816,40.43611],[-124.40977,40.43856],[-124.40903,40.43963],[-124.40924,40.44056],[-124.40887,40.44137],[-124.40872,40.44343],[-124.40573,40.44711],[-124.40483,40.44899],[-124.40206,40.45223],[-124.40104,40.45472],[-124.39545,40.46396],[-124.39474,40.4647],[-124.39182,40.47221],[-124.39007,40.47816],[-124.38976,40.47841],[-124.39012,40.47671],[-124.38949,40.47676],[-124.38973,40.47759],[-124.3894,40.47888],[-124.38846,40.48078],[-124.38659,40.48689],[-124.38526,40.48915],[-124.38421,40.49188],[-124.38315,40.49596],[-124.38308,40.4997],[-124.38383,40.50108],[-124.38609,40.5022],[-124.3867,40.5028],[-124.38678,40.50519],[-124.38613,40.50604],[-124.38636,40.50695],[-124.38584,40.50807],[-124.38734,40.51011],[-124.38626,40.51158],[-124.38479,40.51201],[-124.38392,40.51306],[-124.38274,40.51717],[-124.38256,40.51843],[-124.38277,40.51875],[-124.38172,40.51911],[-124.38105,40.52014],[-124.37988,40.521],[-124.37942,40.52186],[-124.37907,40.52176],[-124.37791,40.52305],[-124.37637,40.52376],[-124.37368,40.5281],[-124.37394,40.52926],[-124.37345,40.5294],[-124.3737,40.52967],[-124.37092,40.53172],[-124.36884,40.53469],[-124.3685,40.53467],[-124.36859,40.53511],[-124.36834,40.53507],[-124.36884,40.53555],[-124.36827,40.53566],[-124.36817,40.53626],[-124.36871,40.53684],[-124.36794,40.53726],[-124.36802,40.53795],[-124.36723,40.53865],[-124.36727,40.53908],[-124.3663,40.53978],[-124.36543,40.54132],[-124.36467,40.54184],[-124.36468,40.54233],[-124.36394,40.54352],[-124.36393,40.54477],[-124.36315,40.54552],[-124.36326,40.5461],[-124.36292,40.54621],[-124.36209,40.54852],[-124.3609,40.55026],[-124.35892,40.55574],[-124.35742,40.55799],[-124.35716,40.55941],[-124.35649,40.56026],[-124.35528,40.56361],[-124.35333,40.567],[-124.35166,40.57237],[-124.35001,40.57444],[-124.346,40.58131],[-124.34266,40.59003],[-124.33967,40.59514],[-124.33894,40.59766],[-124.33614,40.60181],[-124.33284,40.60884],[-124.32303,40.62504],[-124.31685,40.63631],[-124.31529,40.63816],[-124.31282,40.64257],[-124.31118,40.6469],[-124.30917,40.64967],[-124.30813,40.65216],[-124.30489,40.6566],[-124.30061,40.66409],[-124.29771,40.66777],[-124.29719,40.6692],[-124.29607,40.67041],[-124.29516,40.67215],[-124.29357,40.67379],[-124.28922,40.68118],[-124.28726,40.68333],[-124.28333,40.6897],[-124.27919,40.69458],[-124.27839,40.69654],[-124.27614,40.69901],[-124.27351,40.70257],[-124.27311,40.70364],[-124.271,40.70575],[-124.26866,40.70926],[-124.26634,40.71171],[-124.26445,40.71459],[-124.26215,40.71704],[-124.25871,40.72235],[-124.25658,40.72439],[-124.25539,40.72662],[-124.25044,40.73329],[-124.24869,40.73639],[-124.24613,40.73987],[-124.24147,40.74869],[-124.24005,40.75021],[-124.23688,40.75528],[-124.23472,40.75701],[-124.23343,40.76021],[-124.23316,40.76475],[-124.23218,40.76558],[-124.22878,40.76734],[-124.22493,40.77096],[-124.22346,40.77388],[-124.2231,40.77588],[-124.21601,40.78395],[-124.21514,40.78587],[-124.21279,40.78845],[-124.21111,40.79151],[-124.20999,40.79274],[-124.20565,40.79937],[-124.20341,40.80206],[-124.19832,40.81052],[-124.19399,40.81635],[-124.19351,40.81779],[-124.19101,40.82181],[-124.18799,40.82608],[-124.18573,40.82999],[-124.18463,40.83119],[-124.18388,40.83315],[-124.18215,40.83536],[-124.18151,40.83696],[-124.17761,40.84275],[-124.17673,40.84488],[-124.17335,40.84976],[-124.17213,40.85279],[-124.17099,40.85402],[-124.1701,40.85592],[-124.16799,40.85867],[-124.1676,40.86028],[-124.16632,40.86267],[-124.16473,40.86476],[-124.163,40.8684],[-124.16146,40.87051],[-124.15974,40.87472],[-124.15776,40.87849],[-124.15677,40.87956],[-124.15565,40.882],[-124.15527,40.88403],[-124.1529,40.88772],[-124.15122,40.892],[-124.14911,40.89597],[-124.14552,40.90426],[-124.14496,40.90628],[-124.14286,40.91084],[-124.14239,40.91303],[-124.13959,40.91883],[-124.13863,40.92264],[-124.13725,40.92545],[-124.13666,40.92805],[-124.13542,40.93071],[-124.13376,40.93691],[-124.13209,40.94138],[-124.13156,40.94433],[-124.13032,40.94676],[-124.12977,40.94931],[-124.12854,40.95191],[-124.12729,40.95664],[-124.12584,40.96021],[-124.12502,40.96569],[-124.12362,40.96964],[-124.12266,40.9747],[-124.11993,40.98534],[-124.11998,40.98644],[-124.11913,40.98778],[-124.11812,40.98852],[-124.11906,40.98914],[-124.1192,40.98988],[-124.11846,40.99325],[-124.11776,40.99482],[-124.11826,40.99556],[-124.11737,40.99609],[-124.11718,40.997],[-124.11659,40.99781],[-124.11658,40.99983],[-124.11548,41.00148],[-124.11606,41.00227],[-124.11563,41.0037],[-124.11595,41.00479],[-124.1149,41.00728],[-124.11524,41.00857],[-124.11419,41.01357],[-124.11421,41.01555],[-124.11384,41.01643],[-124.11431,41.01707],[-124.11351,41.02319],[-124.11349,41.02577],[-124.1126,41.02824],[-124.11338,41.02971],[-124.11276,41.03068],[-124.11339,41.03164],[-124.11529,41.03163],[-124.11566,41.03215],[-124.116,41.03178],[-124.11636,41.032],[-124.11675,41.0339],[-124.11723,41.03407],[-124.11792,41.03529],[-124.11886,41.03567],[-124.11957,41.03639],[-124.11933,41.03866],[-124.12056,41.03885],[-124.12078,41.03932],[-124.12131,41.03937],[-124.12125,41.03965],[-124.12186,41.03993],[-124.12095,41.03986],[-124.12099,41.04084],[-124.12144,41.041],[-124.12047,41.04121],[-124.12033,41.04193],[-124.12102,41.04252],[-124.12163,41.04245],[-124.12104,41.04285],[-124.12177,41.04371],[-124.12355,41.0446],[-124.12327,41.04481],[-124.12445,41.04659],[-124.12549,41.04651],[-124.12579,41.04701],[-124.12512,41.04753],[-124.12532,41.04779],[-124.12508,41.0481],[-124.12551,41.04875],[-124.12618,41.04926],[-124.12778,41.04935],[-124.12785,41.0497],[-124.12866,41.05012],[-124.12871,41.05078],[-124.12962,41.05164],[-124.1305,41.05165],[-124.13114,41.05206],[-124.13152,41.05189],[-124.13301,41.05259],[-124.13311,41.05345],[-124.13415,41.05354],[-124.13496,41.05511],[-124.13673,41.0552],[-124.13713,41.05561],[-124.14066,41.05692],[-124.14432,41.05739],[-124.14503,41.05692],[-124.14551,41.05723],[-124.14614,41.05715],[-124.14671,41.05664],[-124.14635,41.05574],[-124.14772,41.05625],[-124.14861,41.05597],[-124.1478,41.05494],[-124.14722,41.05321],[-124.148,41.05217],[-124.15023,41.05083],[-124.15262,41.05257],[-124.15258,41.05341],[-124.1533,41.05378],[-124.1531,41.05476],[-124.15281,41.05482],[-124.15267,41.05637],[-124.15213,41.05676],[-124.15226,41.05709],[-124.15055,41.05688],[-124.15012,41.05733],[-124.14879,41.05977],[-124.14894,41.06031],[-124.14858,41.0606],[-124.14842,41.06149],[-124.14913,41.0621],[-124.1491,41.06251],[-124.14962,41.06316],[-124.15118,41.06398],[-124.15124,41.06426],[-124.15083,41.06438],[-124.1516,41.06491],[-124.15044,41.065],[-124.15025,41.06573],[-124.15134,41.06721],[-124.15406,41.06808],[-124.1548,41.06693],[-124.15634,41.06656],[-124.15684,41.06701],[-124.15596,41.06748],[-124.15676,41.06762],[-124.15713,41.06807],[-124.15737,41.06777],[-124.1583,41.06779],[-124.15857,41.06799],[-124.15844,41.06885],[-124.15907,41.06896],[-124.15907,41.06932],[-124.15969,41.06936],[-124.1589,41.06992],[-124.15774,41.0701],[-124.15758,41.07052],[-124.1581,41.07139],[-124.1593,41.0719],[-124.1593,41.07225],[-124.15963,41.07235],[-124.15871,41.07279],[-124.15931,41.07303],[-124.15888,41.07322],[-124.15955,41.07353],[-124.15964,41.07388],[-124.15794,41.07446],[-124.15802,41.07501],[-124.15756,41.07498],[-124.15771,41.0753],[-124.15707,41.07511],[-124.15668,41.07545],[-124.1567,41.07581],[-124.15755,41.07643],[-124.15669,41.07635],[-124.15522,41.07742],[-124.15539,41.07776],[-124.1561,41.07795],[-124.15565,41.07813],[-124.15603,41.08037],[-124.1579,41.08122],[-124.15741,41.08157],[-124.15668,41.08121],[-124.15617,41.08185],[-124.15627,41.08233],[-124.15591,41.08277],[-124.15646,41.08361],[-124.15607,41.08401],[-124.1562,41.08437],[-124.15663,41.08468],[-124.15726,41.08449],[-124.15727,41.08491],[-124.15783,41.08518],[-124.15842,41.08467],[-124.15901,41.08482],[-124.15965,41.08571],[-124.15843,41.08587],[-124.15788,41.08646],[-124.15652,41.08572],[-124.1543,41.08712],[-124.15478,41.08847],[-124.15633,41.08897],[-124.15563,41.0896],[-124.1556,41.09056],[-124.15755,41.09167],[-124.15821,41.0931],[-124.1583,41.09445],[-124.15963,41.09602],[-124.15946,41.09771],[-124.1604,41.09846],[-124.16095,41.09823],[-124.161,41.09863],[-124.16039,41.09866],[-124.16024,41.09918],[-124.16165,41.09992],[-124.16248,41.10086],[-124.16367,41.10057],[-124.16385,41.10091],[-124.16401,41.1006],[-124.16443,41.10121],[-124.16355,41.10158],[-124.16274,41.10136],[-124.16247,41.10254],[-124.1604,41.10429],[-124.16139,41.10587],[-124.16112,41.10679],[-124.16194,41.10906],[-124.16129,41.11029],[-124.15993,41.1111],[-124.15959,41.11184],[-124.15976,41.11377],[-124.15928,41.11709],[-124.1598,41.11795],[-124.16039,41.11815],[-124.16001,41.11838],[-124.16041,41.11875],[-124.1601,41.1188],[-124.16016,41.11907],[-124.16074,41.11957],[-124.16051,41.12001],[-124.15956,41.12015],[-124.15881,41.12121],[-124.15963,41.12385],[-124.16109,41.12486],[-124.16259,41.12742],[-124.16543,41.12961],[-124.16533,41.13014],[-124.16383,41.13064],[-124.16224,41.13208],[-124.16189,41.13286],[-124.16101,41.13279],[-124.16057,41.13333],[-124.16187,41.13388],[-124.16235,41.1344],[-124.16243,41.135],[-124.16166,41.13539],[-124.16208,41.13656],[-124.16397,41.13844],[-124.16502,41.13869],[-124.1632,41.13897],[-124.16221,41.14019],[-124.16176,41.14029],[-124.1619,41.14059],[-124.16165,41.14077],[-124.16206,41.14107],[-124.16169,41.14134],[-124.16187,41.14146],[-124.16095,41.1415],[-124.16055,41.14224],[-124.15989,41.14215],[-124.15845,41.14305],[-124.15677,41.14257],[-124.15602,41.14197],[-124.15522,41.14197],[-124.15472,41.14154],[-124.15322,41.14139],[-124.1529,41.1409],[-124.15077,41.14112],[-124.1487,41.14049],[-124.14703,41.14079],[-124.14487,41.14198],[-124.1428,41.14405],[-124.14087,41.14672],[-124.13885,41.15092],[-124.13817,41.15333],[-124.13643,41.15661],[-124.13295,41.16595],[-124.12779,41.17689],[-124.12583,41.18228],[-124.12274,41.1886],[-124.11598,41.20618],[-124.11503,41.20959],[-124.11358,41.21281],[-124.11312,41.21496],[-124.11222,41.21606],[-124.11227,41.217],[-124.11082,41.21972],[-124.11098,41.22014],[-124.11027,41.2207],[-124.10982,41.22273],[-124.10845,41.22471],[-124.1084,41.22706],[-124.10727,41.22928],[-124.10663,41.23153],[-124.10659,41.23306],[-124.10746,41.23536],[-124.10838,41.23567],[-124.10902,41.23635],[-124.10902,41.23674],[-124.10763,41.23699],[-124.10681,41.23811],[-124.10567,41.24255],[-124.10409,41.24657],[-124.10364,41.24949],[-124.10263,41.25099],[-124.10251,41.25218],[-124.10147,41.25426],[-124.10135,41.25612],[-124.09994,41.25892],[-124.09995,41.2604],[-124.09877,41.26434],[-124.09998,41.26612],[-124.09896,41.26655],[-124.09785,41.26931],[-124.09569,41.27796],[-124.09406,41.28233],[-124.09287,41.28785],[-124.0922,41.28934],[-124.09233,41.29031],[-124.09155,41.29488],[-124.09167,41.29604],[-124.09145,41.29608],[-124.09177,41.29639],[-124.09112,41.29717],[-124.09098,41.29869],[-124.08946,41.30366],[-124.08788,41.30755],[-124.08808,41.30813],[-124.08769,41.309],[-124.08776,41.31243],[-124.08695,41.31399],[-124.08574,41.31907],[-124.08526,41.31969],[-124.08487,41.32121],[-124.08609,41.32204],[-124.08619,41.32259],[-124.0849,41.32362],[-124.08391,41.32798],[-124.08409,41.32862],[-124.08195,41.33391],[-124.08202,41.33657],[-124.08093,41.33833],[-124.08095,41.34008],[-124.08007,41.34147],[-124.0801,41.34295],[-124.07971,41.34336],[-124.0794,41.34538],[-124.07895,41.34626],[-124.07837,41.34638],[-124.07903,41.34678],[-124.07776,41.35168],[-124.07765,41.35472],[-124.07636,41.35814],[-124.07633,41.36007],[-124.07541,41.36198],[-124.07501,41.36662],[-124.07417,41.3682],[-124.07381,41.37265],[-124.07277,41.37654],[-124.0729,41.37761],[-124.07237,41.37921],[-124.0719,41.38383],[-124.0713,41.3854],[-124.07168,41.38705],[-124.07073,41.39171],[-124.07048,41.39454],[-124.07072,41.39525],[-124.07022,41.39657],[-124.07034,41.39797],[-124.06977,41.40071],[-124.06999,41.40235],[-124.06965,41.40309],[-124.06958,41.40479],[-124.06898,41.40581],[-124.06916,41.40872],[-124.06842,41.41034],[-124.0687,41.41204],[-124.06811,41.41344],[-124.06719,41.42084],[-124.06725,41.42442],[-124.06671,41.42724],[-124.06627,41.43598],[-124.06663,41.43826],[-124.06594,41.44557],[-124.06618,41.44783],[-124.06594,41.45036],[-124.06626,41.45124],[-124.06569,41.45292],[-124.06631,41.45732],[-124.06681,41.45887],[-124.06606,41.4614],[-124.06624,41.46456],[-124.06681,41.47137],[-124.06822,41.47474],[-124.06813,41.4754],[-124.06875,41.47567],[-124.06856,41.47581],[-124.06878,41.47616],[-124.06833,41.47656],[-124.06836,41.47835],[-124.06866,41.47922],[-124.06944,41.47964],[-124.06913,41.47971],[-124.0695,41.47991],[-124.06916,41.48014],[-124.06938,41.48147],[-124.0704,41.48216],[-124.07044,41.48281],[-124.07159,41.4844],[-124.07134,41.48452],[-124.07136,41.48556],[-124.07187,41.48602],[-124.0715,41.48616],[-124.07152,41.48794],[-124.07234,41.48846],[-124.0716,41.48836],[-124.07181,41.4896],[-124.07262,41.49057],[-124.07308,41.49193],[-124.07389,41.49264],[-124.07473,41.49275],[-124.07457,41.4929],[-124.07491,41.49311],[-124.07458,41.49352],[-124.07526,41.49367],[-124.07494,41.49379],[-124.07541,41.49462],[-124.07475,41.49806],[-124.07482,41.49877],[-124.0756,41.49916],[-124.07516,41.49938],[-124.07516,41.49977],[-124.07562,41.5018],[-124.0768,41.50201],[-124.07659,41.50222],[-124.07687,41.50241],[-124.07657,41.50247],[-124.07708,41.50281],[-124.07673,41.50306],[-124.07714,41.50588],[-124.07792,41.5065],[-124.07778,41.50681],[-124.07804,41.50706],[-124.07886,41.50717],[-124.07837,41.50752],[-124.07902,41.508],[-124.07883,41.50838],[-124.08034,41.50889],[-124.08015,41.50911],[-124.08069,41.50953],[-124.0805,41.50968],[-124.08106,41.50987],[-124.08092,41.51029],[-124.0813,41.51027],[-124.0809,41.51056],[-124.0812,41.51079],[-124.0809,41.51164],[-124.08103,41.51441],[-124.0812,41.51501],[-124.08189,41.51534],[-124.08168,41.51556],[-124.08195,41.51597],[-124.08157,41.51608],[-124.08175,41.51673],[-124.08145,41.51768],[-124.08168,41.51824],[-124.08123,41.51906],[-124.0812,41.52063],[-124.08146,41.52107],[-124.08122,41.52135],[-124.08156,41.52171],[-124.08159,41.52291],[-124.0819,41.52339],[-124.08243,41.52347],[-124.08261,41.52423],[-124.08301,41.52402],[-124.08323,41.5243],[-124.08447,41.52445],[-124.08401,41.52504],[-124.08311,41.52467],[-124.08236,41.52518],[-124.08268,41.52727],[-124.08237,41.52839],[-124.08247,41.52971],[-124.08208,41.53053],[-124.08209,41.53321],[-124.08106,41.54193],[-124.08123,41.54479],[-124.08203,41.54624],[-124.08246,41.5464],[-124.08191,41.54644],[-124.0828,41.54823],[-124.08434,41.54937],[-124.08492,41.54941],[-124.08543,41.55012],[-124.0865,41.55048],[-124.08699,41.551],[-124.08858,41.55132],[-124.08909,41.55106],[-124.0889,41.55132],[-124.08936,41.55148],[-124.09044,41.55295],[-124.09245,41.55308],[-124.09225,41.55339],[-124.09295,41.55452],[-124.09386,41.555],[-124.09347,41.55609],[-124.09446,41.55788],[-124.09513,41.55808],[-124.0953,41.55964],[-124.09688,41.56024],[-124.09654,41.56049],[-124.09676,41.56063],[-124.09572,41.5611],[-124.09597,41.56225],[-124.09626,41.56231],[-124.0959,41.56244],[-124.09611,41.56302],[-124.09756,41.56387],[-124.09897,41.56376],[-124.09864,41.56419],[-124.09891,41.56497],[-124.0983,41.56539],[-124.09859,41.5656],[-124.09787,41.56581],[-124.09848,41.56574],[-124.09822,41.56596],[-124.09854,41.56637],[-124.09997,41.56706],[-124.10171,41.57054],[-124.1011,41.57221],[-124.10228,41.57398],[-124.10119,41.57523],[-124.1015,41.57604],[-124.10061,41.57628],[-124.10064,41.57655],[-124.1001,41.57646],[-124.09989,41.577],[-124.10062,41.57797],[-124.10117,41.5779],[-124.10115,41.57828],[-124.10191,41.57846],[-124.1022,41.57911],[-124.10196,41.57957],[-124.10042,41.58053],[-124.09874,41.58266],[-124.09873,41.58332],[-124.09767,41.58383],[-124.09747,41.58445],[-124.0982,41.5869],[-124.09954,41.58826],[-124.10136,41.58909],[-124.10072,41.59008],[-124.10077,41.59053],[-124.10219,41.59114],[-124.10363,41.59224],[-124.10373,41.59295],[-124.10501,41.59439],[-124.10301,41.59526],[-124.10128,41.59765],[-124.10047,41.60191],[-124.10166,41.60366],[-124.10097,41.60439],[-124.10201,41.60436],[-124.10367,41.6056],[-124.10511,41.60589],[-124.10562,41.60656],[-124.10488,41.60715],[-124.10543,41.60838],[-124.10698,41.60934],[-124.10765,41.6096],[-124.10798,41.60942],[-124.10804,41.60969],[-124.10762,41.60985],[-124.10847,41.61044],[-124.11057,41.6134],[-124.11171,41.61439],[-124.11335,41.61535],[-124.11509,41.61505],[-124.1157,41.61553],[-124.11535,41.61584],[-124.11556,41.61604],[-124.11532,41.61666],[-124.11465,41.61678],[-124.11441,41.61718],[-124.11363,41.61715],[-124.11344,41.61755],[-124.11461,41.61875],[-124.11449,41.61904],[-124.11494,41.61904],[-124.11458,41.61966],[-124.11468,41.62018],[-124.11529,41.62019],[-124.11571,41.62071],[-124.11555,41.62175],[-124.11586,41.62218],[-124.11552,41.62252],[-124.11527,41.62492],[-124.11593,41.62865],[-124.11651,41.63024],[-124.11932,41.6335],[-124.11928,41.63742],[-124.12026,41.64106],[-124.12266,41.64342],[-124.12385,41.64583],[-124.12557,41.64678],[-124.12615,41.64753],[-124.12735,41.65079],[-124.12933,41.65264],[-124.12915,41.65287],[-124.13004,41.65295],[-124.13506,41.65658],[-124.13553,41.65738],[-124.13493,41.65888],[-124.13525,41.66063],[-124.13508,41.662],[-124.13635,41.66387],[-124.13664,41.6653],[-124.13861,41.66699],[-124.13849,41.66833],[-124.13798,41.6694],[-124.138,41.67053],[-124.13908,41.67172],[-124.14043,41.67154],[-124.14026,41.67189],[-124.14125,41.67203],[-124.14124,41.67257],[-124.14229,41.67246],[-124.14202,41.67258],[-124.14225,41.67289],[-124.14112,41.67294],[-124.13933,41.67409],[-124.13912,41.67457],[-124.13948,41.6748],[-124.13936,41.67524],[-124.13806,41.67657],[-124.13812,41.67979],[-124.13857,41.68085],[-124.1409,41.68245],[-124.14086,41.68342],[-124.13988,41.68419],[-124.14004,41.68519],[-124.14198,41.68604],[-124.1426,41.68694],[-124.1439,41.6871],[-124.1436,41.6874],[-124.1439,41.68748],[-124.14338,41.68752],[-124.14364,41.68794],[-124.14299,41.68791],[-124.14312,41.68807],[-124.14266,41.68828],[-124.14287,41.68839],[-124.14257,41.68838],[-124.14153,41.68962],[-124.14187,41.69033],[-124.14315,41.69049],[-124.14334,41.6911],[-124.14194,41.69264],[-124.14189,41.6944],[-124.14269,41.69513],[-124.14395,41.69508],[-124.14345,41.69528],[-124.14389,41.69564],[-124.14317,41.69584],[-124.14328,41.69625],[-124.14376,41.69617],[-124.14354,41.69638],[-124.14377,41.69652],[-124.14334,41.69669],[-124.14287,41.69633],[-124.14226,41.69636],[-124.14157,41.69826],[-124.14183,41.6998],[-124.14219,41.69965],[-124.14327,41.70279],[-124.1438,41.70572],[-124.14481,41.70648],[-124.14472,41.70729],[-124.14367,41.70817],[-124.14333,41.70909],[-124.14497,41.71256],[-124.14495,41.71343],[-124.14578,41.71456],[-124.14803,41.71965],[-124.15141,41.72438],[-124.15153,41.72518],[-124.15118,41.72565],[-124.1525,41.72618],[-124.15491,41.72975],[-124.16089,41.73678],[-124.16367,41.7393],[-124.16392,41.74012],[-124.16549,41.74058],[-124.16904,41.74297],[-124.1725,41.74432],[-124.17703,41.74518],[-124.17744,41.74551],[-124.17793,41.74497],[-124.17897,41.74512],[-124.17986,41.74471],[-124.1826,41.74597],[-124.18322,41.74563],[-124.184,41.74593],[-124.18416,41.74611],[-124.18348,41.74668],[-124.18408,41.74719],[-124.18215,41.74867],[-124.18397,41.75004],[-124.18628,41.74836],[-124.18669,41.74923],[-124.18838,41.7497],[-124.19293,41.74984],[-124.19854,41.74641],[-124.19961,41.7465],[-124.19901,41.7448],[-124.19979,41.74468],[-124.20044,41.74538],[-124.20116,41.74542],[-124.20177,41.74495],[-124.20208,41.74402],[-124.20347,41.74368],[-124.20362,41.74439],[-124.20185,41.7453],[-124.20247,41.74601],[-124.20357,41.74601],[-124.20322,41.7465],[-124.20376,41.74712],[-124.20583,41.74777],[-124.20838,41.74936],[-124.21037,41.74986],[-124.21237,41.74994],[-124.21228,41.7508],[-124.21361,41.75143],[-124.2148,41.75111],[-124.2152,41.75048],[-124.2166,41.75093],[-124.21682,41.75171],[-124.21538,41.75203],[-124.21488,41.75254],[-124.21582,41.75424],[-124.21777,41.75496],[-124.21825,41.7548],[-124.21856,41.75523],[-124.22069,41.75542],[-124.2215,41.75642],[-124.22219,41.7562],[-124.22218,41.75678],[-124.2225,41.75704],[-124.22207,41.75776],[-124.22213,41.75854],[-124.22335,41.76016],[-124.22544,41.76168],[-124.22778,41.76266],[-124.23031,41.76426],[-124.231,41.76485],[-124.23107,41.76539],[-124.23228,41.76575],[-124.23511,41.76762],[-124.23617,41.76796],[-124.2378,41.76983],[-124.24035,41.77162],[-124.24187,41.77222],[-124.24347,41.77239],[-124.24504,41.77195],[-124.24535,41.77108],[-124.24636,41.77048],[-124.24771,41.7707],[-124.24822,41.77141],[-124.24893,41.77173],[-124.24981,41.7717],[-124.25005,41.77123],[-124.25181,41.77013],[-124.25227,41.77022],[-124.25204,41.77005],[-124.2534,41.77021],[-124.25426,41.77073],[-124.25399,41.77117],[-124.25314,41.77129],[-124.25172,41.77092],[-124.25126,41.77116],[-124.25145,41.77207],[-124.25112,41.77234],[-124.24883,41.77215],[-124.24837,41.77237],[-124.24815,41.77301],[-124.24844,41.77411],[-124.24907,41.77466],[-124.25064,41.77454],[-124.25027,41.77496],[-124.2509,41.77513],[-124.25011,41.77579],[-124.25024,41.77624],[-124.25266,41.77797],[-124.25486,41.77838],[-124.25512,41.77902],[-124.25423,41.77953],[-124.25434,41.78012],[-124.25361,41.7804],[-124.25437,41.78123],[-124.25548,41.7809],[-124.25561,41.78135],[-124.25619,41.78163],[-124.25509,41.78202],[-124.25637,41.78237],[-124.25569,41.78257],[-124.25586,41.783],[-124.25533,41.78338],[-124.25515,41.78409],[-124.2553,41.78468],[-124.25452,41.78539],[-124.25162,41.78585],[-124.24865,41.78766],[-124.24489,41.79121],[-124.24311,41.79326],[-124.24244,41.79465],[-124.24167,41.79526],[-124.2407,41.79761],[-124.23896,41.80049],[-124.2388,41.80141],[-124.23651,41.80483],[-124.23327,41.81149],[-124.22598,41.82897],[-124.22531,41.82938],[-124.22575,41.82998],[-124.22437,41.83162],[-124.22416,41.83308],[-124.22162,41.83929],[-124.22054,41.84357],[-124.21865,41.84859],[-124.21842,41.85046],[-124.21693,41.85445],[-124.21589,41.85958],[-124.2152,41.86116],[-124.21512,41.86271],[-124.21367,41.8682],[-124.21251,41.87077],[-124.21012,41.88347],[-124.20936,41.88597],[-124.20914,41.8894],[-124.20884,41.88962],[-124.20815,41.89215],[-124.20794,41.89584],[-124.20741,41.89806],[-124.20754,41.90011],[-124.20713,41.9009],[-124.20707,41.90405],[-124.2064,41.90809],[-124.20631,41.90934],[-124.20656,41.9098],[-124.20628,41.91255],[-124.20569,41.91463],[-124.20554,41.91741],[-124.20577,41.91904],[-124.20498,41.92313],[-124.20488,41.92556],[-124.20564,41.93032],[-124.20527,41.93546],[-124.20493,41.93595],[-124.20478,41.94052],[-124.20537,41.94316],[-124.20512,41.94457],[-124.20539,41.94608],[-124.20649,41.94674],[-124.20695,41.94648],[-124.20717,41.94679],[-124.20806,41.94658],[-124.20792,41.9476],[-124.20855,41.94917],[-124.21037,41.95006],[-124.21055,41.95128],[-124.20903,41.9528],[-124.20905,41.95333],[-124.21009,41.95363],[-124.21023,41.95413],[-124.20936,41.95408],[-124.20801,41.95505],[-124.20821,41.95651],[-124.20693,41.9592],[-124.20699,41.96075],[-124.20651,41.96209],[-124.20575,41.96815],[-124.20579,41.96967],[-124.20622,41.97072],[-124.20581,41.97227],[-124.20609,41.97343],[-124.20547,41.97395],[-124.20585,41.97478],[-124.20581,41.97613],[-124.20514,41.98084],[-124.20481,41.98141],[-124.20541,41.98278],[-124.2065,41.98738],[-124.20847,41.98858],[-124.20929,41.99003],[-124.21075,41.99683],[-124.21165,41.99847],[-124.17626,41.99815],[-124.13817,41.99737],[-124.0556,41.99685],[-124.0012,41.99617],[-123.85726,41.99623],[-123.8342,41.99605],[-123.81842,41.99523],[-123.81009,41.99516],[-123.77288,41.99599],[-123.7281,41.99706],[-123.6571,41.99523],[-123.62388,41.99997],[-123.56544,42.00094],[-123.51783,42.00077],[-123.52035,41.99806],[-123.52032,41.9964],[-123.5197,41.99538],[-123.52514,41.99318],[-123.52825,41.99254],[-123.53016,41.99144],[-123.53456,41.99079],[-123.53904,41.98793],[-123.54072,41.98599],[-123.54079,41.98467],[-123.53796,41.98251],[-123.53807,41.97943],[-123.53667,41.97824],[-123.53629,41.97717],[-123.53574,41.97412],[-123.53717,41.97029],[-123.53639,41.96865],[-123.53528,41.96769],[-123.53377,41.9654],[-123.53382,41.96463],[-123.53272,41.9606],[-123.53356,41.95676],[-123.5332,41.95504],[-123.53594,41.95241],[-123.53704,41.95092],[-123.53916,41.94915],[-123.54156,41.94497],[-123.54463,41.94233],[-123.54475,41.94161],[-123.54412,41.94034],[-123.5443,41.93994],[-123.54545,41.93914],[-123.54777,41.93851],[-123.54769,41.93558],[-123.5489,41.9333],[-123.55038,41.9321],[-123.55445,41.9301],[-123.55331,41.92749],[-123.5546,41.92523],[-123.55485,41.92147],[-123.55474,41.9184],[-123.55366,41.91618],[-123.55354,41.91466],[-123.55407,41.91368],[-123.55696,41.91132],[-123.55857,41.90832],[-123.55937,41.90607],[-123.56225,41.90495],[-123.56332,41.90393],[-123.56518,41.90318],[-123.56878,41.90335],[-123.5714,41.90411],[-123.57384,41.90426],[-123.5778,41.90302],[-123.58127,41.90415],[-123.58639,41.90448],[-123.59228,41.9053],[-123.5929,41.90551],[-123.59359,41.90632],[-123.59372,41.90537],[-123.59512,41.90269],[-123.59653,41.90119],[-123.59852,41.90018],[-123.59955,41.89861],[-123.59937,41.89755],[-123.5974,41.8943],[-123.59829,41.89361],[-123.59917,41.89208],[-123.60161,41.89095],[-123.60254,41.88959],[-123.6049,41.88797],[-123.60424,41.8853],[-123.60532,41.88161],[-123.60654,41.88068],[-123.60939,41.88107],[-123.613,41.88086],[-123.61702,41.88187],[-123.61951,41.88303],[-123.62164,41.88457],[-123.62438,41.88845],[-123.63277,41.88801],[-123.63581,41.88757],[-123.63737,41.88798],[-123.6394,41.89039],[-123.64098,41.89027],[-123.64272,41.88958],[-123.64308,41.889],[-123.6431,41.8872],[-123.64435,41.88609],[-123.64511,41.88375],[-123.64987,41.88133],[-123.65114,41.87973],[-123.65244,41.87889],[-123.65057,41.87814],[-123.6481,41.87785],[-123.64711,41.8773],[-123.64661,41.87661],[-123.64982,41.87485],[-123.65169,41.87314],[-123.65168,41.87259],[-123.65036,41.87093],[-123.65124,41.86892],[-123.65152,41.86699],[-123.65261,41.86511],[-123.65164,41.86189],[-123.65084,41.86091],[-123.64972,41.86059],[-123.64975,41.86034],[-123.65116,41.85939],[-123.6563,41.85737],[-123.66208,41.85624],[-123.66288,41.85437],[-123.66291,41.85218],[-123.66468,41.85113],[-123.66532,41.8499],[-123.6669,41.8487],[-123.66819,41.84695],[-123.67124,41.84485],[-123.67093,41.84369],[-123.67126,41.8414],[-123.67067,41.83971],[-123.67117,41.8352],[-123.67209,41.83486],[-123.6735,41.83496],[-123.67518,41.83552],[-123.67671,41.83679],[-123.6831,41.83703],[-123.68352,41.83637],[-123.68477,41.83592],[-123.689,41.83592],[-123.6934,41.83487],[-123.69486,41.83423],[-123.69777,41.8319],[-123.7039,41.82927],[-123.70213,41.82598],[-123.70218,41.82309],[-123.70326,41.81986],[-123.69986,41.81703],[-123.6968,41.81708],[-123.69567,41.81659],[-123.69456,41.81556],[-123.69406,41.81486],[-123.69354,41.81252],[-123.69267,41.81117],[-123.69124,41.81005],[-123.69225,41.80891],[-123.69225,41.8084],[-123.69038,41.80607],[-123.68991,41.80464],[-123.69001,41.80311],[-123.68887,41.80182],[-123.68758,41.80138],[-123.68605,41.80017],[-123.68489,41.79989],[-123.68251,41.80015],[-123.6811,41.80076],[-123.68098,41.80002],[-123.68025,41.79943],[-123.676,41.79846],[-123.6752,41.79715],[-123.67416,41.79702],[-123.6735,41.79597],[-123.67228,41.79577],[-123.67333,41.79477],[-123.67428,41.79189],[-123.676,41.78952],[-123.67572,41.78864],[-123.67433,41.78681],[-123.67456,41.78602],[-123.67626,41.78503],[-123.68123,41.78502],[-123.68395,41.78449],[-123.68597,41.78344],[-123.68788,41.78122],[-123.68798,41.78028],[-123.68762,41.779],[-123.68588,41.77569],[-123.68546,41.77276],[-123.68392,41.76997],[-123.68354,41.76636],[-123.6827,41.76522],[-123.68277,41.76366],[-123.68216,41.76129],[-123.6831,41.75846],[-123.68301,41.75805],[-123.68164,41.7571],[-123.68232,41.75539],[-123.68249,41.75349],[-123.68216,41.7521],[-123.67885,41.74651],[-123.67878,41.7455],[-123.67982,41.74263],[-123.6786,41.73926],[-123.67487,41.73655],[-123.67385,41.73424],[-123.66878,41.7322],[-123.66702,41.73241],[-123.66656,41.73216],[-123.66659,41.7297],[-123.66623,41.72877],[-123.66541,41.72816],[-123.66421,41.72788],[-123.66244,41.72658],[-123.66166,41.72535],[-123.66135,41.72434],[-123.66145,41.72281],[-123.66025,41.72057],[-123.66077,41.71708],[-123.6603,41.71465],[-123.66239,41.71126],[-123.66746,41.70706],[-123.66911,41.70624],[-123.66956,41.7053],[-123.66956,41.70365],[-123.67024,41.70176],[-123.67003,41.70072],[-123.67039,41.69934],[-123.66748,41.69642],[-123.66369,41.69469],[-123.66315,41.69411],[-123.66315,41.6935],[-123.66548,41.69194],[-123.66751,41.69147],[-123.66928,41.69027],[-123.66992,41.68864],[-123.67449,41.68416],[-123.67506,41.68241],[-123.6759,41.68152],[-123.67742,41.68069],[-123.67992,41.68007],[-123.68395,41.67671],[-123.6852,41.67605],[-123.68645,41.67393],[-123.68689,41.67125],[-123.6897,41.66902],[-123.68956,41.66676],[-123.68892,41.66549],[-123.68921,41.66293],[-123.68843,41.65998],[-123.6877,41.65957],[-123.68633,41.65966],[-123.68569,41.6601],[-123.68539,41.65987],[-123.68814,41.65743],[-123.68845,41.65357],[-123.68815,41.65106],[-123.68676,41.64805],[-123.68557,41.64672],[-123.68465,41.64239],[-123.6802,41.63721],[-123.68051,41.63406],[-123.68558,41.63448],[-123.68765,41.63423],[-123.69131,41.63445],[-123.6968,41.63346],[-123.69828,41.63137],[-123.69808,41.63066],[-123.6965,41.62892],[-123.69748,41.62733],[-123.69755,41.62668],[-123.69855,41.62584],[-123.70055,41.62566],[-123.701,41.62438],[-123.7044,41.62276],[-123.70607,41.62116],[-123.70744,41.61736],[-123.7081,41.61667],[-123.71069,41.61561],[-123.711,41.61437],[-123.71185,41.61355],[-123.71169,41.61201],[-123.71194,41.61089],[-123.7115,41.60881],[-123.71348,41.60728],[-123.71617,41.60658],[-123.71623,41.60536],[-123.71729,41.60368],[-123.71755,41.60222],[-123.71876,41.59963],[-123.71852,41.59813],[-123.71923,41.59545],[-123.71598,41.59127],[-123.71473,41.592],[-123.71275,41.59208],[-123.71166,41.59375],[-123.70864,41.59428],[-123.70626,41.59566],[-123.70216,41.59527],[-123.69871,41.59568],[-123.69918,41.59484],[-123.69888,41.59417],[-123.69916,41.59306],[-123.69848,41.59256],[-123.69814,41.59131],[-123.69713,41.5909],[-123.69416,41.59165],[-123.69314,41.59245],[-123.69077,41.59307],[-123.6876,41.59458],[-123.6823,41.59477],[-123.68364,41.59205],[-123.68143,41.58683],[-123.68279,41.58606],[-123.68397,41.58617],[-123.68529,41.58545],[-123.68657,41.58576],[-123.68756,41.58533],[-123.68834,41.58463],[-123.68918,41.58186],[-123.68834,41.57993],[-123.68553,41.57779],[-123.68558,41.5767],[-123.68501,41.57583],[-123.68475,41.57434],[-123.68173,41.57167],[-123.68406,41.57022],[-123.68383,41.56882],[-123.68715,41.56749],[-123.68754,41.56707],[-123.68817,41.56434],[-123.68921,41.56255],[-123.68876,41.56173],[-123.68925,41.56085],[-123.69411,41.55675],[-123.6926,41.55298],[-123.69395,41.55179],[-123.69131,41.55244],[-123.69015,41.55211],[-123.68949,41.54945],[-123.68746,41.54853],[-123.68647,41.54744],[-123.68598,41.54559],[-123.68438,41.54398],[-123.68272,41.54301],[-123.68161,41.54363],[-123.67958,41.54404],[-123.67657,41.54416],[-123.67395,41.54345],[-123.67004,41.54406],[-123.66959,41.54373],[-123.66947,41.54273],[-123.669,41.54228],[-123.66728,41.54228],[-123.66574,41.54141],[-123.66279,41.54109],[-123.65761,41.53886],[-123.65553,41.53868],[-123.65275,41.53933],[-123.65055,41.53776],[-123.64833,41.53533],[-123.64839,41.53393],[-123.64694,41.53225],[-123.64692,41.52931],[-123.64629,41.52749],[-123.64438,41.52409],[-123.64265,41.52271],[-123.6452,41.52075],[-123.64581,41.51877],[-123.6456,41.51827],[-123.64615,41.51523],[-123.64621,41.51251],[-123.64536,41.51156],[-123.64437,41.50951],[-123.64082,41.50757],[-123.6406,41.50553],[-123.64093,41.50371],[-123.63959,41.50007],[-123.63938,41.49722],[-123.63888,41.49593],[-123.63648,41.49211],[-123.63635,41.48895],[-123.63489,41.48583],[-123.63558,41.48385],[-123.6381,41.48219],[-123.63581,41.48094],[-123.63371,41.47835],[-123.63088,41.47693],[-123.63164,41.4745],[-123.63275,41.47332],[-123.63098,41.47275],[-123.63008,41.47203],[-123.62697,41.46847],[-123.62667,41.46684],[-123.62459,41.46629],[-123.62301,41.46491],[-123.62095,41.46371],[-123.61707,41.46346],[-123.61483,41.46244],[-123.612,41.46202],[-123.61178,41.46165],[-123.61199,41.45918],[-123.61289,41.45677],[-123.61379,41.45623],[-123.61469,41.45337],[-123.61612,41.45279],[-123.61574,41.45214],[-123.61312,41.44997],[-123.61252,41.4487],[-123.61539,41.44625],[-123.61697,41.44351],[-123.61838,41.44247],[-123.61954,41.43849],[-123.62209,41.43442],[-123.62199,41.43238],[-123.62619,41.43109],[-123.62765,41.43093],[-123.63023,41.42995],[-123.63301,41.42837],[-123.63787,41.4279],[-123.63954,41.42688],[-123.64228,41.4259],[-123.64459,41.42446],[-123.64857,41.4208],[-123.64869,41.4204],[-123.64779,41.4192],[-123.64579,41.41845],[-123.64388,41.41722],[-123.64115,41.41454],[-123.64096,41.41277],[-123.63912,41.40992],[-123.63907,41.40684],[-123.64119,41.40519],[-123.64174,41.4044],[-123.64166,41.40007],[-123.64728,41.3977],[-123.65595,41.39525],[-123.65589,41.39364],[-123.65636,41.39161],[-123.65539,41.38944],[-123.65548,41.38832],[-123.65777,41.38639],[-123.66008,41.38532],[-123.66119,41.38337],[-123.66126,41.38201],[-123.77015,41.38081],[-123.62619,41.38223],[-123.49927,41.38242],[-123.50039,41.3812]]]]},"properties":{"id":"sma_north_coast","kind":"text_zone","group_key":"waterfowl_special_management_areas","area":"North Coast","definition_verbatim":"(A) North Coast. All of Del Norte and Humboldt counties.","definition_cite":"14 CCR \u00a7 502(b)(6)","definition_source_url":"https://nrm.dfg.ca.gov/FileHandler.ashx?DocumentID=203137","drawn_by":"this app, as the union of the counties the regulation names","counties":["Del Norte","Humboldt"],"counties_source_url":"https://services2.arcgis.com/Uq9r85Potqm3MfRV/arcgis/rest/services/cnty_basicplus_multipart_wm/FeatureServer/0/query","counties_fetched_at":"2026-09-05T05:10:24.397707+00:00","verified_at":"2026-09-19"}},{"type":"Feature","geometry":{"type":"MultiPolygon","coordinates":[[[[-123.78663,39.25974],[-123.78674,39.25941],[-123.78668,39.25977],[-123.78663,39.25974]]],[[[-123.82208,39.34349],[-123.82205,39.34347],[-123.8223,39.34323],[-123.82208,39.34349]]],[[[-122.93176,39.97399],[-122.92714,39.97145],[-122.92726,39.96992],[-122.9261,39.96856],[-122.92686,39.96736],[-122.92627,39.96594],[-122.92638,39.96443],[-122.9249,39.96],[-122.92651,39.95704],[-122.92749,39.95624],[-122.92657,39.95276],[-122.92683,39.95214],[-122.92653,39.95127],[-122.92695,39.94907],[-122.92688,39.94508],[-122.92648,39.94471],[-122.92405,39.94412],[-122.92257,39.94213],[-122.919,39.94019],[-122.91861,39.9398],[-122.91837,39.93818],[-122.9174,39.9375],[-122.91497,39.93715],[-122.91285,39.93588],[-122.91005,39.93638],[-122.91124,39.93378],[-122.91301,39.9319],[-122.91721,39.92998],[-122.91924,39.93017],[-122.92059,39.92906],[-122.92129,39.92711],[-122.92096,39.92446],[-122.92139,39.9227],[-122.92016,39.91841],[-122.92016,39.91721],[-122.92061,39.91621],[-122.92247,39.91505],[-122.92459,39.91498],[-122.9271,39.91276],[-122.93146,39.91142],[-122.93525,39.91086],[-122.93606,39.91119],[-122.93785,39.91028],[-122.94358,39.90887],[-122.94558,39.90898],[-122.94893,39.90833],[-122.95132,39.90579],[-122.95021,39.90415],[-122.94809,39.9021],[-122.94759,39.90085],[-122.94809,39.89755],[-122.94775,39.89657],[-122.94778,39.89452],[-122.94816,39.89313],[-122.94799,39.89215],[-122.94945,39.88961],[-122.94985,39.88818],[-122.94981,39.88665],[-122.95052,39.88505],[-122.94971,39.8809],[-122.94988,39.8786],[-122.95214,39.87488],[-122.95234,39.87398],[-122.95347,39.87264],[-122.95086,39.8693],[-122.95085,39.8677],[-122.95213,39.86503],[-122.95194,39.8639],[-122.95337,39.86163],[-122.95516,39.86024],[-122.95587,39.85869],[-122.95536,39.85677],[-122.9555,39.85589],[-122.95401,39.85448],[-122.95528,39.85371],[-122.9562,39.8521],[-122.95783,39.85039],[-122.95761,39.84866],[-122.95873,39.84642],[-122.96011,39.84509],[-122.95843,39.8429],[-122.95731,39.8422],[-122.95741,39.84127],[-122.95652,39.84014],[-122.95616,39.83887],[-122.95152,39.83757],[-122.94823,39.83499],[-122.94646,39.83302],[-122.94711,39.83119],[-122.9468,39.82944],[-122.9475,39.82684],[-122.94675,39.82547],[-122.94672,39.8219],[-122.94626,39.82115],[-122.94587,39.8188],[-122.94609,39.81641],[-122.94568,39.81519],[-122.94498,39.81458],[-122.94399,39.81258],[-122.94379,39.81029],[-122.9445,39.80923],[-122.94464,39.80743],[-122.94399,39.80559],[-122.94367,39.80189],[-122.94309,39.80115],[-122.94088,39.80002],[-122.94001,39.79885],[-122.93761,39.7982],[-122.93772,39.76963],[-122.93735,39.75496],[-122.93826,39.74777],[-122.91213,39.74774],[-122.91204,39.70939],[-122.8941,39.7091],[-122.8915,39.6818],[-122.89053,39.63537],[-122.89055,39.62467],[-122.8893,39.62468],[-122.88514,39.61114],[-122.88631,39.56547],[-122.89003,39.53656],[-122.89056,39.52937],[-122.90154,39.52999],[-122.9218,39.53003],[-122.93685,39.53095],[-122.93678,39.51658],[-122.99652,39.51797],[-123.01469,39.51937],[-123.0251,39.51884],[-123.02483,39.51136],[-123.04443,39.51132],[-123.04429,39.50362],[-123.06303,39.50355],[-123.06328,39.48136],[-123.06286,39.45238],[-123.07254,39.45241],[-123.0701,39.43652],[-123.07476,39.43652],[-123.07436,39.42178],[-123.07503,39.40755],[-123.05651,39.40741],[-123.05701,39.37848],[-123.04758,39.37849],[-123.04866,39.36378],[-123.03786,39.36375],[-123.03773,39.35096],[-123.03803,39.3362],[-123.02889,39.3363],[-123.02905,39.32161],[-123.01995,39.32175],[-123.02061,39.30712],[-123.01991,39.29242],[-123.02002,39.27774],[-123.00515,39.27835],[-123.00422,39.25713],[-122.9945,39.25696],[-122.99424,39.24988],[-122.99443,39.23587],[-123.01279,39.23632],[-123.01279,39.22108],[-123.02086,39.22088],[-123.02109,39.2137],[-123.02442,39.2137],[-123.02454,39.20688],[-123.02909,39.20691],[-123.02982,39.19953],[-123.03439,39.19962],[-123.03505,39.1923],[-123.04031,39.19231],[-123.04109,39.18063],[-123.04564,39.18062],[-123.04593,39.1734],[-123.0779,39.17368],[-123.07845,39.13847],[-123.08757,39.13838],[-123.08752,39.10973],[-123.08515,39.10982],[-123.08499,39.09502],[-123.09414,39.09504],[-123.09418,39.08034],[-123.09298,39.08033],[-123.093,39.07163],[-123.08374,39.0716],[-123.08381,39.0643],[-123.06516,39.06422],[-123.06539,39.04965],[-123.05619,39.04971],[-123.05647,39.0209],[-123.04722,39.02091],[-123.04703,39.01368],[-123.0377,39.01374],[-123.03757,39.00658],[-123.02834,39.00657],[-123.02823,38.99665],[-123.01875,38.99663],[-123.01871,38.99308],[-123.00936,38.99313],[-123.00938,38.99724],[-122.98688,38.99712],[-122.98684,38.98291],[-122.97757,38.98273],[-122.97781,38.94662],[-122.96843,38.94645],[-122.96848,38.93926],[-122.97003,38.93262],[-122.96027,38.9324],[-122.96201,38.92545],[-122.9492,38.92542],[-122.95027,38.90967],[-122.9486,38.90111],[-122.93304,38.90066],[-122.91171,38.90145],[-122.91135,38.89505],[-122.89308,38.8951],[-122.89486,38.88084],[-122.87517,38.88119],[-122.87577,38.87296],[-122.8563,38.87251],[-122.85668,38.86488],[-122.83664,38.86495],[-122.83831,38.85741],[-122.81769,38.86055],[-122.81873,38.85149],[-122.84005,38.84979],[-122.87612,38.85033],[-122.87612,38.85054],[-122.94322,38.85051],[-122.97008,38.85133],[-123.0068,38.85133],[-123.02531,38.85266],[-123.08085,38.85223],[-123.08128,38.83829],[-123.11806,38.83935],[-123.13646,38.83958],[-123.13603,38.80898],[-123.21433,38.80914],[-123.25113,38.80888],[-123.26496,38.8086],[-123.30401,38.80692],[-123.3684,38.80651],[-123.36825,38.77718],[-123.43188,38.77639],[-123.44117,38.77716],[-123.45903,38.7769],[-123.478,38.77836],[-123.49956,38.77898],[-123.4998,38.77732],[-123.49932,38.77465],[-123.49967,38.77387],[-123.5004,38.77378],[-123.50197,38.77434],[-123.50459,38.77443],[-123.50716,38.77347],[-123.50789,38.77235],[-123.50914,38.76777],[-123.5099,38.76721],[-123.51433,38.76836],[-123.51624,38.7678],[-123.51742,38.76509],[-123.51816,38.76134],[-123.51973,38.75815],[-123.51934,38.75803],[-123.52051,38.75801],[-123.52313,38.75982],[-123.52357,38.76176],[-123.52464,38.7629],[-123.52658,38.76382],[-123.52983,38.76436],[-123.53158,38.76693],[-123.53315,38.76849],[-123.53501,38.76956],[-123.53547,38.76924],[-123.53588,38.76947],[-123.53662,38.77005],[-123.53705,38.77108],[-123.53824,38.77186],[-123.53854,38.77163],[-123.53859,38.77215],[-123.53904,38.77214],[-123.53915,38.77249],[-123.53979,38.77205],[-123.5405,38.77218],[-123.54031,38.77153],[-123.5409,38.77194],[-123.54087,38.77259],[-123.54133,38.77307],[-123.54094,38.77433],[-123.54164,38.77506],[-123.54136,38.77626],[-123.54171,38.77692],[-123.54212,38.77652],[-123.54219,38.777],[-123.54259,38.77694],[-123.54241,38.77718],[-123.54307,38.77706],[-123.54318,38.77765],[-123.54423,38.77809],[-123.54488,38.77798],[-123.54536,38.77911],[-123.54591,38.77916],[-123.54631,38.77874],[-123.5466,38.77882],[-123.54652,38.77929],[-123.54733,38.77918],[-123.54778,38.77966],[-123.54755,38.78015],[-123.5479,38.77991],[-123.54838,38.78022],[-123.54897,38.77994],[-123.54932,38.78012],[-123.54958,38.77982],[-123.55007,38.78007],[-123.55052,38.78086],[-123.54944,38.78121],[-123.54922,38.78147],[-123.54941,38.78196],[-123.55026,38.7821],[-123.55146,38.78302],[-123.55295,38.78334],[-123.5542,38.78343],[-123.55486,38.78291],[-123.55515,38.78351],[-123.55565,38.7835],[-123.55646,38.7841],[-123.55689,38.784],[-123.55638,38.78419],[-123.55651,38.78475],[-123.55755,38.78464],[-123.55805,38.7849],[-123.55785,38.78545],[-123.55851,38.78594],[-123.55947,38.78516],[-123.56047,38.78536],[-123.56132,38.78415],[-123.56168,38.78443],[-123.56196,38.78424],[-123.56222,38.78445],[-123.56207,38.78472],[-123.56247,38.7848],[-123.56195,38.78527],[-123.56142,38.78511],[-123.56126,38.7857],[-123.5615,38.78603],[-123.56174,38.78583],[-123.56177,38.78613],[-123.56243,38.78605],[-123.56272,38.78697],[-123.56221,38.78732],[-123.56139,38.78695],[-123.56077,38.78727],[-123.56173,38.7887],[-123.56148,38.78871],[-123.56154,38.78901],[-123.56097,38.78888],[-123.56076,38.78912],[-123.56109,38.79029],[-123.56174,38.79051],[-123.56236,38.79001],[-123.56296,38.79032],[-123.56305,38.79107],[-123.56357,38.79103],[-123.56352,38.79223],[-123.56429,38.7921],[-123.56437,38.79249],[-123.56592,38.79368],[-123.5669,38.79368],[-123.56793,38.79438],[-123.56929,38.79443],[-123.5684,38.79538],[-123.56938,38.79593],[-123.56916,38.79632],[-123.56984,38.79665],[-123.57009,38.79621],[-123.57094,38.79614],[-123.57132,38.79691],[-123.57107,38.7974],[-123.57172,38.79812],[-123.5734,38.79767],[-123.57333,38.798],[-123.57418,38.79813],[-123.57467,38.79891],[-123.57432,38.7998],[-123.57568,38.79937],[-123.57557,38.79975],[-123.57595,38.79963],[-123.57667,38.8005],[-123.5766,38.80101],[-123.57725,38.80152],[-123.5808,38.80307],[-123.58373,38.80244],[-123.58398,38.80217],[-123.5836,38.80157],[-123.58373,38.80111],[-123.5847,38.80046],[-123.58452,38.80091],[-123.58488,38.80088],[-123.58518,38.80162],[-123.58654,38.80251],[-123.58742,38.80259],[-123.58838,38.80199],[-123.58814,38.80253],[-123.5885,38.80263],[-123.59001,38.80218],[-123.59053,38.80294],[-123.59038,38.80459],[-123.59138,38.80454],[-123.59052,38.80525],[-123.59083,38.80558],[-123.59213,38.80482],[-123.59205,38.80658],[-123.5927,38.80653],[-123.59233,38.80681],[-123.59289,38.80696],[-123.59248,38.80729],[-123.59331,38.80695],[-123.59348,38.80782],[-123.59434,38.80746],[-123.59459,38.80777],[-123.59438,38.80808],[-123.59477,38.80849],[-123.59553,38.80803],[-123.59536,38.80845],[-123.59562,38.8088],[-123.5962,38.80882],[-123.59614,38.80852],[-123.5965,38.8084],[-123.59659,38.80882],[-123.59788,38.80837],[-123.5988,38.80866],[-123.60009,38.80798],[-123.60061,38.80724],[-123.6016,38.80715],[-123.60184,38.80762],[-123.60255,38.80731],[-123.60274,38.8081],[-123.60253,38.80814],[-123.60281,38.80845],[-123.60216,38.8082],[-123.60254,38.8089],[-123.60325,38.80874],[-123.60298,38.8094],[-123.60181,38.80971],[-123.60113,38.80892],[-123.60006,38.80901],[-123.59872,38.81027],[-123.5983,38.81113],[-123.59891,38.81169],[-123.59858,38.81235],[-123.59918,38.81206],[-123.59961,38.81222],[-123.59905,38.81334],[-123.6001,38.81284],[-123.60033,38.81322],[-123.60018,38.81413],[-123.60108,38.81449],[-123.60111,38.81521],[-123.6016,38.81504],[-123.60157,38.81564],[-123.60213,38.81557],[-123.60159,38.81599],[-123.60214,38.81591],[-123.60178,38.81651],[-123.60251,38.81621],[-123.60259,38.81657],[-123.60221,38.81675],[-123.60289,38.81668],[-123.60262,38.81709],[-123.60321,38.81704],[-123.60242,38.81748],[-123.60242,38.81848],[-123.60145,38.81868],[-123.60148,38.81923],[-123.60347,38.82014],[-123.60396,38.82007],[-123.60391,38.8206],[-123.60445,38.82055],[-123.60422,38.82121],[-123.60478,38.82147],[-123.60498,38.82245],[-123.60675,38.82355],[-123.60734,38.8234],[-123.60705,38.82369],[-123.60725,38.82422],[-123.60947,38.82403],[-123.60981,38.82501],[-123.6096,38.82559],[-123.61045,38.82641],[-123.61308,38.82676],[-123.61341,38.82732],[-123.61472,38.82776],[-123.61456,38.82797],[-123.61528,38.8286],[-123.61593,38.82854],[-123.61685,38.82781],[-123.61694,38.82844],[-123.61774,38.8286],[-123.61817,38.82766],[-123.61911,38.8277],[-123.61921,38.82842],[-123.62003,38.82885],[-123.61981,38.82998],[-123.62019,38.83029],[-123.62169,38.8309],[-123.62366,38.83094],[-123.62536,38.83139],[-123.62566,38.83118],[-123.62564,38.83149],[-123.62613,38.83133],[-123.62547,38.83223],[-123.62776,38.83425],[-123.62759,38.8349],[-123.628,38.8357],[-123.62886,38.8357],[-123.6285,38.83596],[-123.62873,38.83679],[-123.6298,38.8364],[-123.6304,38.83655],[-123.63085,38.83761],[-123.63172,38.83763],[-123.63234,38.83861],[-123.63286,38.8386],[-123.63274,38.83893],[-123.63322,38.83875],[-123.6335,38.83899],[-123.63325,38.8398],[-123.63428,38.8399],[-123.63491,38.83931],[-123.63502,38.83969],[-123.63564,38.83971],[-123.63597,38.84018],[-123.63577,38.8413],[-123.63647,38.84128],[-123.63698,38.84193],[-123.63698,38.84242],[-123.63733,38.84247],[-123.63803,38.84351],[-123.63942,38.8439],[-123.64249,38.84408],[-123.64221,38.84527],[-123.64277,38.84606],[-123.64339,38.84636],[-123.64459,38.84622],[-123.64543,38.84568],[-123.64573,38.84601],[-123.64712,38.84533],[-123.64742,38.84574],[-123.64729,38.84614],[-123.64632,38.84646],[-123.64732,38.84628],[-123.6477,38.84672],[-123.64634,38.84682],[-123.64648,38.84708],[-123.64743,38.84691],[-123.64767,38.84716],[-123.64693,38.84771],[-123.64657,38.84748],[-123.64614,38.84778],[-123.64673,38.84845],[-123.64662,38.84903],[-123.64743,38.84967],[-123.64803,38.84967],[-123.64815,38.8499],[-123.64773,38.85001],[-123.64803,38.8503],[-123.64897,38.84985],[-123.64941,38.84995],[-123.64886,38.85016],[-123.64963,38.85068],[-123.64931,38.85055],[-123.64941,38.85082],[-123.64909,38.85099],[-123.64948,38.85106],[-123.64934,38.8514],[-123.6487,38.85142],[-123.64887,38.85204],[-123.64965,38.85184],[-123.6498,38.85205],[-123.65,38.85176],[-123.65107,38.85245],[-123.65052,38.8529],[-123.65125,38.85289],[-123.65074,38.85331],[-123.65102,38.85343],[-123.6501,38.85399],[-123.65061,38.85408],[-123.65101,38.85371],[-123.65092,38.85406],[-123.65177,38.85419],[-123.65195,38.85517],[-123.65223,38.85533],[-123.65211,38.85605],[-123.65248,38.85639],[-123.65193,38.85709],[-123.65262,38.8574],[-123.65281,38.85857],[-123.65326,38.85883],[-123.65302,38.85924],[-123.6534,38.85926],[-123.65324,38.85987],[-123.65363,38.861],[-123.65379,38.86312],[-123.65354,38.86376],[-123.65432,38.86551],[-123.65431,38.86619],[-123.65474,38.86681],[-123.65566,38.86684],[-123.65583,38.86653],[-123.65604,38.86719],[-123.65585,38.86711],[-123.65571,38.8677],[-123.65598,38.86827],[-123.65624,38.86816],[-123.65644,38.86908],[-123.65971,38.87259],[-123.66179,38.87382],[-123.66312,38.87424],[-123.66509,38.87634],[-123.66641,38.87695],[-123.6673,38.87705],[-123.66777,38.87647],[-123.66944,38.87674],[-123.67006,38.87711],[-123.66954,38.87733],[-123.6696,38.87774],[-123.67013,38.878],[-123.67069,38.87767],[-123.671,38.87837],[-123.67221,38.87925],[-123.67319,38.88049],[-123.67693,38.88183],[-123.67778,38.88175],[-123.67861,38.88121],[-123.67941,38.88154],[-123.67955,38.88217],[-123.68,38.88248],[-123.68086,38.88283],[-123.68132,38.88255],[-123.6814,38.88403],[-123.68094,38.8843],[-123.6813,38.88558],[-123.68262,38.88747],[-123.68404,38.88803],[-123.68457,38.88773],[-123.68541,38.88897],[-123.68613,38.88894],[-123.68624,38.88919],[-123.68573,38.88955],[-123.68723,38.89312],[-123.68875,38.89408],[-123.69108,38.89471],[-123.69254,38.8957],[-123.69328,38.89703],[-123.69481,38.89822],[-123.70199,38.90121],[-123.70303,38.90249],[-123.70347,38.90389],[-123.7049,38.90477],[-123.70559,38.90798],[-123.70648,38.90908],[-123.70923,38.91012],[-123.70948,38.90991],[-123.71096,38.91032],[-123.71128,38.91007],[-123.71216,38.91167],[-123.71048,38.91284],[-123.70996,38.91382],[-123.71022,38.91452],[-123.71121,38.91449],[-123.71016,38.91467],[-123.71111,38.91573],[-123.71321,38.91659],[-123.71367,38.91637],[-123.71734,38.91671],[-123.72199,38.91907],[-123.72253,38.91901],[-123.72247,38.91869],[-123.72298,38.91866],[-123.72398,38.9178],[-123.72438,38.91797],[-123.72443,38.9173],[-123.72495,38.91841],[-123.72496,38.9181],[-123.7254,38.91844],[-123.72529,38.91788],[-123.72548,38.91802],[-123.72571,38.91756],[-123.72595,38.91819],[-123.72655,38.91813],[-123.7271,38.91921],[-123.72765,38.91867],[-123.72839,38.92065],[-123.72796,38.92113],[-123.7287,38.92136],[-123.7283,38.92183],[-123.72871,38.92239],[-123.7279,38.92225],[-123.72822,38.92337],[-123.72936,38.92373],[-123.7286,38.92376],[-123.72851,38.92507],[-123.72787,38.9251],[-123.72741,38.92463],[-123.72774,38.9257],[-123.72729,38.92572],[-123.72789,38.92599],[-123.72807,38.92679],[-123.72793,38.92703],[-123.72762,38.92645],[-123.72776,38.92731],[-123.72841,38.92743],[-123.72871,38.92822],[-123.72866,38.92762],[-123.729,38.9277],[-123.72854,38.92739],[-123.7285,38.92696],[-123.72922,38.92701],[-123.7292,38.92772],[-123.72976,38.92833],[-123.72954,38.92854],[-123.72976,38.92905],[-123.72954,38.92962],[-123.72898,38.92996],[-123.7288,38.92945],[-123.72808,38.92996],[-123.72779,38.92951],[-123.72774,38.92981],[-123.72708,38.92939],[-123.72772,38.93032],[-123.72748,38.93101],[-123.72697,38.93101],[-123.72641,38.93034],[-123.7267,38.93187],[-123.72727,38.93232],[-123.72697,38.93253],[-123.72703,38.93324],[-123.72632,38.93296],[-123.7265,38.93343],[-123.72628,38.93361],[-123.727,38.93447],[-123.72611,38.93476],[-123.72601,38.93588],[-123.72646,38.93605],[-123.72627,38.93626],[-123.72651,38.93654],[-123.72704,38.93643],[-123.72684,38.93675],[-123.72815,38.93786],[-123.72948,38.93785],[-123.72922,38.93821],[-123.7302,38.93837],[-123.73003,38.93855],[-123.73057,38.93867],[-123.73035,38.93887],[-123.73083,38.93895],[-123.73051,38.93914],[-123.7312,38.93911],[-123.73123,38.93962],[-123.73011,38.9394],[-123.73015,38.94004],[-123.73159,38.94063],[-123.73196,38.94112],[-123.73187,38.94182],[-123.73225,38.9416],[-123.73249,38.94181],[-123.73173,38.94249],[-123.73341,38.94342],[-123.7334,38.94378],[-123.73313,38.94371],[-123.73279,38.94424],[-123.73333,38.94478],[-123.73329,38.94524],[-123.73354,38.94534],[-123.73335,38.94541],[-123.73395,38.94552],[-123.73371,38.94584],[-123.73398,38.94618],[-123.73505,38.94679],[-123.73464,38.94748],[-123.73506,38.9478],[-123.73523,38.94739],[-123.73595,38.94806],[-123.73602,38.94826],[-123.73568,38.94823],[-123.73607,38.94887],[-123.7367,38.94875],[-123.73696,38.94901],[-123.7366,38.94906],[-123.7368,38.94941],[-123.73762,38.94953],[-123.73774,38.94971],[-123.73711,38.94966],[-123.73723,38.95004],[-123.73761,38.94979],[-123.73797,38.94997],[-123.73768,38.94994],[-123.7378,38.95039],[-123.73743,38.95053],[-123.73814,38.95055],[-123.73819,38.95102],[-123.73844,38.95073],[-123.73876,38.95095],[-123.73813,38.95125],[-123.73824,38.9516],[-123.73881,38.95118],[-123.73937,38.95147],[-123.7382,38.95179],[-123.73866,38.95206],[-123.73838,38.95276],[-123.7392,38.95279],[-123.73927,38.95318],[-123.73948,38.95298],[-123.73947,38.95362],[-123.74018,38.95338],[-123.73993,38.95407],[-123.74027,38.95383],[-123.74028,38.95414],[-123.74115,38.95404],[-123.74083,38.95446],[-123.74153,38.95441],[-123.742,38.95498],[-123.74144,38.95539],[-123.74201,38.95533],[-123.74194,38.95573],[-123.74219,38.95546],[-123.7424,38.95594],[-123.74201,38.95613],[-123.74118,38.95557],[-123.74095,38.95569],[-123.7409,38.95514],[-123.74056,38.95549],[-123.73961,38.955],[-123.73943,38.95446],[-123.73912,38.95469],[-123.73854,38.95432],[-123.73844,38.95468],[-123.73763,38.95438],[-123.73732,38.95459],[-123.73798,38.95524],[-123.73746,38.95585],[-123.73701,38.95543],[-123.73694,38.95588],[-123.73638,38.95497],[-123.73567,38.95505],[-123.73616,38.95635],[-123.73604,38.95689],[-123.7363,38.95698],[-123.73581,38.95714],[-123.73523,38.95569],[-123.7355,38.95717],[-123.73418,38.95511],[-123.73419,38.95567],[-123.73391,38.95505],[-123.7337,38.95513],[-123.73365,38.95431],[-123.73332,38.95424],[-123.7303,38.95549],[-123.72418,38.95979],[-123.71339,38.97355],[-123.71042,38.97804],[-123.70581,38.98635],[-123.70526,38.98799],[-123.7041,38.9894],[-123.7021,38.99343],[-123.70177,38.99351],[-123.70191,38.99404],[-123.70155,38.99513],[-123.70056,38.99734],[-123.69968,38.99842],[-123.69915,39.00019],[-123.69534,39.00803],[-123.69478,39.01063],[-123.69342,39.01353],[-123.69266,39.01688],[-123.69103,39.01944],[-123.69124,39.02105],[-123.69057,39.02332],[-123.69258,39.02545],[-123.69157,39.02608],[-123.69125,39.02713],[-123.69154,39.02726],[-123.69132,39.02782],[-123.6918,39.02829],[-123.69156,39.02884],[-123.69184,39.02907],[-123.69176,39.02957],[-123.69201,39.02957],[-123.69166,39.02975],[-123.69205,39.03055],[-123.69193,39.03081],[-123.69119,39.03069],[-123.69124,39.03113],[-123.68987,39.03113],[-123.68931,39.03223],[-123.68975,39.03382],[-123.68914,39.03462],[-123.68972,39.03467],[-123.69054,39.03613],[-123.6915,39.03696],[-123.69294,39.03697],[-123.69285,39.03648],[-123.69311,39.03634],[-123.69379,39.03701],[-123.69422,39.03678],[-123.69489,39.03746],[-123.6941,39.03753],[-123.69317,39.03716],[-123.69285,39.03744],[-123.69304,39.03768],[-123.69183,39.03876],[-123.69209,39.03947],[-123.69326,39.03994],[-123.69411,39.04083],[-123.69434,39.04154],[-123.6941,39.04194],[-123.69308,39.04202],[-123.69212,39.04255],[-123.69203,39.04296],[-123.69115,39.04316],[-123.69067,39.04381],[-123.69057,39.04473],[-123.6922,39.04624],[-123.69241,39.0469],[-123.69296,39.04718],[-123.69271,39.04731],[-123.69293,39.0479],[-123.69363,39.04845],[-123.69323,39.04838],[-123.69311,39.04899],[-123.69251,39.04959],[-123.69221,39.04948],[-123.69142,39.04998],[-123.69106,39.05104],[-123.6915,39.05171],[-123.69374,39.05342],[-123.69398,39.05397],[-123.69451,39.05392],[-123.69424,39.05464],[-123.69505,39.05495],[-123.69441,39.05507],[-123.69492,39.05592],[-123.69519,39.05592],[-123.69488,39.05639],[-123.69519,39.05708],[-123.69476,39.05741],[-123.69408,39.05668],[-123.69396,39.05701],[-123.69371,39.05691],[-123.69381,39.0577],[-123.69294,39.05822],[-123.69328,39.05887],[-123.69376,39.05886],[-123.69351,39.05918],[-123.69411,39.05932],[-123.69389,39.05952],[-123.69532,39.05986],[-123.6955,39.06036],[-123.69456,39.06067],[-123.69419,39.06133],[-123.69489,39.06187],[-123.69501,39.0626],[-123.69562,39.0628],[-123.69546,39.06302],[-123.69574,39.06335],[-123.69648,39.06368],[-123.69722,39.06355],[-123.69726,39.06397],[-123.69829,39.06485],[-123.69856,39.0654],[-123.69821,39.06748],[-123.69912,39.06809],[-123.69969,39.06918],[-123.701,39.07014],[-123.70155,39.0722],[-123.70215,39.07246],[-123.70194,39.07297],[-123.70251,39.07332],[-123.70197,39.07311],[-123.70176,39.07352],[-123.702,39.07472],[-123.70321,39.07549],[-123.70231,39.076],[-123.70264,39.0761],[-123.70262,39.07654],[-123.70217,39.07795],[-123.70269,39.07823],[-123.70294,39.07906],[-123.70369,39.0797],[-123.70467,39.07969],[-123.70467,39.08006],[-123.70514,39.07992],[-123.70532,39.08022],[-123.70578,39.07997],[-123.70555,39.08045],[-123.7059,39.08075],[-123.70547,39.08133],[-123.70522,39.08114],[-123.70455,39.08146],[-123.70415,39.08102],[-123.70365,39.08127],[-123.70327,39.08305],[-123.70426,39.0848],[-123.70574,39.0851],[-123.70528,39.08513],[-123.7052,39.08548],[-123.70561,39.08551],[-123.70507,39.08638],[-123.70639,39.08878],[-123.70632,39.08996],[-123.70586,39.09098],[-123.70679,39.09254],[-123.70876,39.09406],[-123.70887,39.09509],[-123.70915,39.09528],[-123.70899,39.09601],[-123.7094,39.09665],[-123.70921,39.09706],[-123.7095,39.09758],[-123.71027,39.09784],[-123.70883,39.09806],[-123.70781,39.09909],[-123.70808,39.10046],[-123.70767,39.10086],[-123.70767,39.10177],[-123.70866,39.1029],[-123.70904,39.10284],[-123.70887,39.10319],[-123.70752,39.10372],[-123.70825,39.10464],[-123.70944,39.10436],[-123.71053,39.10558],[-123.71151,39.10569],[-123.71112,39.10618],[-123.71123,39.10667],[-123.71169,39.10712],[-123.71239,39.10688],[-123.71271,39.10719],[-123.71275,39.10816],[-123.71353,39.10874],[-123.71391,39.10823],[-123.71438,39.10851],[-123.71467,39.10834],[-123.71428,39.10889],[-123.71449,39.10927],[-123.7137,39.10952],[-123.71361,39.11003],[-123.71294,39.11046],[-123.71352,39.11091],[-123.71394,39.11066],[-123.71383,39.11103],[-123.7143,39.11131],[-123.71428,39.11162],[-123.7145,39.11118],[-123.71449,39.11192],[-123.71505,39.11211],[-123.71486,39.11281],[-123.71525,39.11379],[-123.7145,39.11431],[-123.71379,39.11395],[-123.71316,39.11441],[-123.71315,39.11479],[-123.714,39.11553],[-123.71382,39.11619],[-123.71479,39.11756],[-123.71552,39.11817],[-123.71616,39.11819],[-123.71626,39.11863],[-123.71671,39.1188],[-123.71657,39.11907],[-123.71708,39.11903],[-123.71692,39.11947],[-123.71653,39.11954],[-123.7169,39.12086],[-123.71927,39.12241],[-123.72014,39.12217],[-123.72002,39.12273],[-123.72044,39.12288],[-123.72013,39.12315],[-123.71914,39.12273],[-123.71921,39.12339],[-123.718,39.12386],[-123.71831,39.12539],[-123.71757,39.12719],[-123.71769,39.12819],[-123.71814,39.1288],[-123.72075,39.13007],[-123.71954,39.13089],[-123.71947,39.13164],[-123.71896,39.13176],[-123.71979,39.13278],[-123.71956,39.13371],[-123.72043,39.13437],[-123.72019,39.13469],[-123.72135,39.13583],[-123.72186,39.13591],[-123.72189,39.13554],[-123.72103,39.13513],[-123.72172,39.13468],[-123.72266,39.13548],[-123.72317,39.13613],[-123.72289,39.13688],[-123.72338,39.13779],[-123.72462,39.13746],[-123.72541,39.13795],[-123.72574,39.13746],[-123.72703,39.13797],[-123.72721,39.13842],[-123.72747,39.13828],[-123.72765,39.1385],[-123.72721,39.13905],[-123.7281,39.13912],[-123.72776,39.13936],[-123.72815,39.13953],[-123.72827,39.14099],[-123.72976,39.14131],[-123.73038,39.14203],[-123.73095,39.14158],[-123.7313,39.14201],[-123.73212,39.142],[-123.73298,39.13969],[-123.73305,39.14077],[-123.73346,39.1395],[-123.73353,39.1407],[-123.73382,39.1393],[-123.73444,39.1421],[-123.73485,39.14241],[-123.73533,39.14222],[-123.73558,39.14197],[-123.73528,39.1418],[-123.73518,39.14073],[-123.73553,39.14038],[-123.73589,39.1411],[-123.73627,39.14044],[-123.73605,39.13939],[-123.73672,39.1409],[-123.73608,39.14188],[-123.7365,39.14224],[-123.73627,39.14226],[-123.73658,39.14277],[-123.73634,39.14349],[-123.73741,39.14394],[-123.73794,39.14313],[-123.73783,39.14428],[-123.7383,39.14517],[-123.73728,39.14489],[-123.7365,39.14558],[-123.73596,39.14566],[-123.73574,39.14632],[-123.73465,39.14608],[-123.73432,39.14683],[-123.73529,39.14849],[-123.73621,39.1485],[-123.7365,39.14881],[-123.7362,39.14911],[-123.73663,39.14895],[-123.73733,39.14944],[-123.73764,39.15025],[-123.73684,39.15139],[-123.73753,39.15141],[-123.7384,39.15209],[-123.73843,39.15282],[-123.73908,39.15378],[-123.73881,39.15435],[-123.73828,39.15373],[-123.73784,39.1539],[-123.73749,39.15342],[-123.73778,39.15302],[-123.73664,39.15294],[-123.73522,39.15505],[-123.73527,39.15619],[-123.73575,39.15659],[-123.73459,39.15766],[-123.7346,39.15845],[-123.73584,39.15884],[-123.73591,39.15913],[-123.7368,39.15915],[-123.73763,39.15986],[-123.73795,39.15964],[-123.73831,39.1602],[-123.73779,39.16],[-123.73831,39.16034],[-123.73772,39.16017],[-123.73808,39.16061],[-123.73778,39.16094],[-123.73826,39.16139],[-123.73778,39.16255],[-123.73789,39.16292],[-123.74023,39.1638],[-123.74235,39.16508],[-123.74347,39.16689],[-123.74406,39.16681],[-123.74503,39.16745],[-123.74483,39.16754],[-123.74529,39.16798],[-123.74454,39.16825],[-123.74401,39.1693],[-123.74615,39.16972],[-123.74632,39.17028],[-123.7466,39.16995],[-123.74695,39.17009],[-123.74645,39.17074],[-123.7467,39.17189],[-123.74815,39.17223],[-123.74818,39.17199],[-123.7489,39.17235],[-123.74955,39.17301],[-123.7493,39.17408],[-123.74989,39.17442],[-123.74979,39.17413],[-123.75106,39.17427],[-123.75147,39.17471],[-123.75135,39.17519],[-123.75224,39.17586],[-123.75252,39.1755],[-123.75336,39.17579],[-123.75397,39.17564],[-123.75417,39.17619],[-123.75384,39.17634],[-123.7539,39.17668],[-123.75348,39.17686],[-123.75312,39.17659],[-123.75271,39.17685],[-123.75348,39.17757],[-123.7528,39.17736],[-123.75234,39.17775],[-123.75229,39.17826],[-123.75368,39.18003],[-123.75609,39.18141],[-123.75639,39.18269],[-123.75692,39.18308],[-123.75632,39.18408],[-123.75684,39.18453],[-123.75677,39.18504],[-123.75781,39.18558],[-123.75755,39.18572],[-123.75761,39.18716],[-123.75921,39.18979],[-123.76191,39.19164],[-123.76335,39.19183],[-123.76345,39.19152],[-123.76452,39.19159],[-123.76476,39.19272],[-123.76577,39.19372],[-123.76821,39.19403],[-123.76847,39.19371],[-123.76967,39.19371],[-123.77023,39.19317],[-123.77046,39.19348],[-123.76989,39.19363],[-123.76971,39.19406],[-123.77043,39.1941],[-123.77088,39.19475],[-123.77173,39.19495],[-123.7717,39.19537],[-123.77081,39.19531],[-123.77153,39.19599],[-123.77118,39.19606],[-123.77088,39.19702],[-123.77212,39.19777],[-123.77223,39.19746],[-123.77247,39.19756],[-123.77262,39.19782],[-123.77224,39.19781],[-123.77232,39.19805],[-123.77293,39.19808],[-123.77326,39.19853],[-123.7726,39.19895],[-123.77198,39.19841],[-123.7702,39.19928],[-123.77111,39.20065],[-123.77112,39.20134],[-123.77066,39.20106],[-123.77046,39.20147],[-123.77002,39.20123],[-123.76968,39.20191],[-123.77072,39.20282],[-123.77057,39.20358],[-123.77098,39.20346],[-123.77147,39.20419],[-123.77312,39.20488],[-123.77185,39.20584],[-123.7723,39.20733],[-123.77309,39.20792],[-123.77287,39.20943],[-123.77354,39.20951],[-123.77455,39.21031],[-123.77486,39.2099],[-123.7749,39.21038],[-123.77438,39.21072],[-123.77474,39.2121],[-123.77627,39.213],[-123.77627,39.21354],[-123.77694,39.21375],[-123.77587,39.21447],[-123.7745,39.21434],[-123.77474,39.21474],[-123.774,39.21486],[-123.77041,39.21411],[-123.7694,39.21467],[-123.76886,39.21572],[-123.76975,39.21586],[-123.77145,39.21813],[-123.77213,39.21822],[-123.77156,39.21834],[-123.77144,39.21867],[-123.77229,39.22049],[-123.77269,39.22041],[-123.77325,39.22151],[-123.77357,39.22139],[-123.77496,39.22203],[-123.77524,39.22243],[-123.77576,39.22227],[-123.77711,39.22357],[-123.77708,39.22401],[-123.77765,39.22426],[-123.77735,39.2248],[-123.77783,39.22531],[-123.77683,39.22508],[-123.77698,39.22546],[-123.77645,39.22595],[-123.77557,39.22617],[-123.77551,39.22642],[-123.77593,39.2265],[-123.77549,39.22661],[-123.77484,39.22637],[-123.77454,39.22584],[-123.77436,39.22638],[-123.7735,39.22596],[-123.77368,39.22653],[-123.77304,39.22699],[-123.77215,39.22648],[-123.77193,39.22685],[-123.77132,39.22697],[-123.76974,39.22643],[-123.76945,39.22801],[-123.76975,39.22837],[-123.77045,39.22839],[-123.77018,39.22865],[-123.77046,39.22918],[-123.77201,39.22974],[-123.77287,39.22889],[-123.77371,39.22887],[-123.77317,39.22972],[-123.77551,39.22981],[-123.77496,39.23027],[-123.7751,39.23054],[-123.77562,39.23068],[-123.77638,39.23037],[-123.77584,39.23105],[-123.77698,39.2308],[-123.77655,39.23122],[-123.77681,39.23163],[-123.77716,39.23165],[-123.77723,39.23127],[-123.778,39.23087],[-123.77844,39.23116],[-123.77887,39.23068],[-123.77911,39.23126],[-123.77863,39.23155],[-123.77873,39.23199],[-123.7797,39.23207],[-123.77956,39.23315],[-123.78044,39.23338],[-123.78004,39.2337],[-123.77896,39.23355],[-123.77806,39.23381],[-123.77811,39.23471],[-123.77889,39.23548],[-123.77845,39.23563],[-123.7779,39.23528],[-123.7776,39.2355],[-123.77765,39.23641],[-123.77652,39.23667],[-123.77772,39.23783],[-123.77773,39.23856],[-123.77741,39.23872],[-123.77731,39.23831],[-123.77677,39.23821],[-123.77684,39.23885],[-123.77595,39.23851],[-123.77554,39.239],[-123.77422,39.23923],[-123.77397,39.23983],[-123.77476,39.24057],[-123.77535,39.24077],[-123.77604,39.24054],[-123.77569,39.24116],[-123.77639,39.24086],[-123.7766,39.24127],[-123.77705,39.24111],[-123.77782,39.24171],[-123.77822,39.24108],[-123.77872,39.24197],[-123.77917,39.2411],[-123.77952,39.24126],[-123.77939,39.24175],[-123.7791,39.24167],[-123.77953,39.24306],[-123.77927,39.24297],[-123.77896,39.24354],[-123.78036,39.24449],[-123.7802,39.24576],[-123.781,39.2458],[-123.78123,39.24642],[-123.78151,39.24628],[-123.78132,39.24592],[-123.78165,39.24608],[-123.78173,39.24721],[-123.7814,39.24751],[-123.78192,39.24752],[-123.7825,39.24837],[-123.78129,39.24884],[-123.78202,39.24927],[-123.78163,39.2498],[-123.78234,39.25022],[-123.78165,39.25066],[-123.78211,39.2509],[-123.78261,39.25049],[-123.78323,39.25115],[-123.78336,39.25208],[-123.7838,39.25211],[-123.78345,39.25268],[-123.7827,39.25268],[-123.78348,39.25278],[-123.78365,39.25324],[-123.78528,39.25279],[-123.78609,39.25334],[-123.78692,39.25325],[-123.78554,39.25472],[-123.78439,39.25434],[-123.78463,39.25505],[-123.78437,39.25549],[-123.784,39.25527],[-123.78351,39.25544],[-123.78345,39.25595],[-123.78408,39.25592],[-123.78435,39.25632],[-123.78329,39.25687],[-123.7839,39.25704],[-123.78438,39.25667],[-123.78445,39.25696],[-123.78491,39.25698],[-123.78285,39.25766],[-123.78321,39.25784],[-123.78326,39.25833],[-123.78288,39.25879],[-123.78382,39.2591],[-123.78425,39.25978],[-123.78505,39.25947],[-123.78515,39.26003],[-123.78598,39.25883],[-123.78616,39.2597],[-123.7858,39.26003],[-123.78631,39.26092],[-123.78696,39.26079],[-123.78658,39.26035],[-123.78668,39.25977],[-123.78697,39.25994],[-123.78676,39.26033],[-123.78721,39.26082],[-123.78689,39.26124],[-123.78729,39.26109],[-123.78738,39.26137],[-123.78735,39.26199],[-123.78715,39.26186],[-123.78697,39.26236],[-123.78751,39.26306],[-123.7878,39.2627],[-123.78867,39.26333],[-123.78874,39.26412],[-123.78828,39.26389],[-123.78832,39.2645],[-123.78775,39.26449],[-123.78891,39.26503],[-123.78848,39.26506],[-123.78845,39.2657],[-123.78806,39.26599],[-123.78879,39.26623],[-123.78819,39.26701],[-123.78874,39.26748],[-123.78848,39.26799],[-123.7897,39.26912],[-123.79025,39.26892],[-123.79019,39.26936],[-123.79056,39.26913],[-123.79061,39.2697],[-123.79003,39.27022],[-123.7906,39.2712],[-123.79086,39.27311],[-123.79181,39.27384],[-123.79414,39.27429],[-123.79525,39.27395],[-123.79491,39.27339],[-123.79561,39.27283],[-123.79504,39.27262],[-123.79526,39.27216],[-123.79603,39.27262],[-123.79616,39.27322],[-123.7965,39.27292],[-123.79672,39.27338],[-123.79689,39.27268],[-123.79778,39.27211],[-123.79754,39.27175],[-123.79816,39.27203],[-123.79825,39.27289],[-123.79857,39.27235],[-123.79902,39.27227],[-123.79898,39.27174],[-123.80013,39.27214],[-123.79922,39.27294],[-123.79923,39.27359],[-123.79978,39.27321],[-123.79925,39.27398],[-123.79929,39.27467],[-123.79987,39.27373],[-123.8002,39.27384],[-123.80031,39.27473],[-123.80062,39.27447],[-123.80149,39.27548],[-123.80162,39.27705],[-123.8021,39.27775],[-123.80237,39.27767],[-123.80268,39.27883],[-123.803,39.27907],[-123.80291,39.27871],[-123.80342,39.27844],[-123.80357,39.27935],[-123.80384,39.27932],[-123.80344,39.27995],[-123.80372,39.28043],[-123.80324,39.28154],[-123.80348,39.28184],[-123.80308,39.28179],[-123.8032,39.28238],[-123.80145,39.28285],[-123.8016,39.28319],[-123.8013,39.28341],[-123.80168,39.28371],[-123.80116,39.28438],[-123.80128,39.28489],[-123.80218,39.28471],[-123.80241,39.28658],[-123.80287,39.28609],[-123.80294,39.28697],[-123.80224,39.28713],[-123.80259,39.28737],[-123.80303,39.28711],[-123.80332,39.28911],[-123.80307,39.29104],[-123.80254,39.29185],[-123.80283,39.29205],[-123.80185,39.29191],[-123.80223,39.29251],[-123.80179,39.29289],[-123.802,39.29234],[-123.80143,39.29277],[-123.80101,39.2927],[-123.80062,39.29252],[-123.80067,39.29218],[-123.80148,39.29194],[-123.80123,39.29166],[-123.80038,39.29203],[-123.79994,39.29158],[-123.79977,39.29193],[-123.79867,39.29063],[-123.79803,39.29032],[-123.79619,39.29076],[-123.79469,39.29188],[-123.79457,39.29255],[-123.79569,39.29303],[-123.79616,39.29389],[-123.79604,39.29434],[-123.79646,39.29461],[-123.79612,39.29497],[-123.79637,39.29527],[-123.79606,39.29545],[-123.79669,39.29564],[-123.79684,39.29646],[-123.79639,39.29664],[-123.79672,39.29722],[-123.79605,39.2986],[-123.79634,39.29851],[-123.79637,39.29886],[-123.79551,39.29969],[-123.79578,39.29987],[-123.79606,39.29939],[-123.79607,39.29976],[-123.79318,39.30257],[-123.79437,39.30311],[-123.79556,39.303],[-123.7966,39.30374],[-123.79678,39.30308],[-123.79784,39.30348],[-123.79836,39.30273],[-123.80173,39.30387],[-123.80218,39.30337],[-123.80309,39.30384],[-123.80448,39.30353],[-123.80497,39.30312],[-123.80372,39.30189],[-123.8039,39.30143],[-123.80431,39.30183],[-123.80423,39.30142],[-123.80467,39.30114],[-123.8056,39.30191],[-123.80617,39.30168],[-123.8068,39.30226],[-123.80672,39.30287],[-123.8059,39.30307],[-123.80615,39.30328],[-123.80601,39.30362],[-123.80671,39.30384],[-123.80664,39.30352],[-123.8073,39.30302],[-123.80704,39.30349],[-123.80844,39.30436],[-123.80879,39.30417],[-123.8082,39.30372],[-123.80847,39.3034],[-123.80967,39.30351],[-123.80999,39.30417],[-123.81053,39.30425],[-123.81073,39.30484],[-123.81097,39.3048],[-123.81054,39.30552],[-123.80968,39.3057],[-123.81099,39.30709],[-123.81042,39.30695],[-123.81004,39.30742],[-123.8101,39.30863],[-123.81048,39.30887],[-123.81004,39.30916],[-123.81112,39.3092],[-123.81122,39.30948],[-123.81061,39.30963],[-123.81049,39.31002],[-123.81016,39.30976],[-123.80923,39.31015],[-123.80857,39.30987],[-123.80848,39.31039],[-123.80965,39.3105],[-123.80866,39.31054],[-123.80787,39.31106],[-123.80824,39.31142],[-123.8079,39.31148],[-123.80831,39.31174],[-123.80786,39.31169],[-123.80796,39.3124],[-123.80758,39.31199],[-123.8072,39.31203],[-123.80699,39.31159],[-123.80559,39.31208],[-123.80437,39.31194],[-123.80407,39.31271],[-123.8054,39.31352],[-123.80474,39.31356],[-123.8048,39.31386],[-123.80269,39.31259],[-123.80169,39.31296],[-123.80146,39.31356],[-123.80208,39.31454],[-123.80068,39.31491],[-123.80017,39.31584],[-123.80031,39.31624],[-123.80101,39.3165],[-123.80049,39.31714],[-123.80113,39.31791],[-123.80023,39.31884],[-123.80047,39.31942],[-123.80028,39.31974],[-123.801,39.31973],[-123.8009,39.31996],[-123.80151,39.32028],[-123.80165,39.32072],[-123.80421,39.32175],[-123.80404,39.32211],[-123.8044,39.32217],[-123.80433,39.32242],[-123.80491,39.32263],[-123.80525,39.32238],[-123.80531,39.32281],[-123.80598,39.32335],[-123.80699,39.32326],[-123.80705,39.32351],[-123.80661,39.32337],[-123.80698,39.3236],[-123.80664,39.32437],[-123.80856,39.32435],[-123.80834,39.32478],[-123.80552,39.32496],[-123.80554,39.32531],[-123.80471,39.32482],[-123.80427,39.32499],[-123.80396,39.32565],[-123.80458,39.32669],[-123.80545,39.32672],[-123.80537,39.32701],[-123.80674,39.32733],[-123.80697,39.32772],[-123.80659,39.32829],[-123.80615,39.32801],[-123.80617,39.32858],[-123.80556,39.32841],[-123.80495,39.32876],[-123.80586,39.32953],[-123.80655,39.32962],[-123.8068,39.32934],[-123.80755,39.32962],[-123.80817,39.32862],[-123.80898,39.32894],[-123.80926,39.3286],[-123.80967,39.32875],[-123.8095,39.32835],[-123.81014,39.3275],[-123.81064,39.32727],[-123.81151,39.3277],[-123.81168,39.32804],[-123.81105,39.32835],[-123.81117,39.32858],[-123.81281,39.32922],[-123.81333,39.32997],[-123.81264,39.3299],[-123.81233,39.32943],[-123.81173,39.32928],[-123.81285,39.33016],[-123.81139,39.33026],[-123.81182,39.33092],[-123.81255,39.3309],[-123.81183,39.33145],[-123.81223,39.33155],[-123.81345,39.33083],[-123.81422,39.33099],[-123.81397,39.33113],[-123.81417,39.33125],[-123.81369,39.33121],[-123.81395,39.33138],[-123.81346,39.33151],[-123.8137,39.33162],[-123.81319,39.33202],[-123.8125,39.33205],[-123.81259,39.33242],[-123.81343,39.33239],[-123.81482,39.33176],[-123.81555,39.33219],[-123.81534,39.33253],[-123.81645,39.33325],[-123.81657,39.33342],[-123.81618,39.33345],[-123.81707,39.33437],[-123.81803,39.33471],[-123.81752,39.3353],[-123.81633,39.33498],[-123.8166,39.33518],[-123.81623,39.33564],[-123.81667,39.33598],[-123.81629,39.33604],[-123.81693,39.33635],[-123.81647,39.33656],[-123.81725,39.33693],[-123.8171,39.33717],[-123.81769,39.33725],[-123.81723,39.33777],[-123.81626,39.33742],[-123.81602,39.33753],[-123.81646,39.33785],[-123.81582,39.33766],[-123.81738,39.33839],[-123.81678,39.33889],[-123.81758,39.33881],[-123.81634,39.33937],[-123.81712,39.33995],[-123.81844,39.33938],[-123.81996,39.33988],[-123.81935,39.34049],[-123.81859,39.34022],[-123.81924,39.34072],[-123.81903,39.34088],[-123.81956,39.34101],[-123.81857,39.34143],[-123.81927,39.3414],[-123.81907,39.3416],[-123.81945,39.34165],[-123.81926,39.34189],[-123.81972,39.34199],[-123.81956,39.3422],[-123.82013,39.34206],[-123.82064,39.34252],[-123.81947,39.34309],[-123.82122,39.34277],[-123.82112,39.34348],[-123.82051,39.34417],[-123.82121,39.34451],[-123.82208,39.34349],[-123.82249,39.34372],[-123.82223,39.34383],[-123.82292,39.34404],[-123.82254,39.3453],[-123.82374,39.3447],[-123.82558,39.34626],[-123.8256,39.34675],[-123.82489,39.34661],[-123.8251,39.34701],[-123.82572,39.34731],[-123.82592,39.34701],[-123.82638,39.34721],[-123.82497,39.34813],[-123.82486,39.34852],[-123.82536,39.34855],[-123.82565,39.348],[-123.82659,39.34786],[-123.82749,39.34847],[-123.8277,39.3492],[-123.82769,39.34962],[-123.8273,39.34962],[-123.82709,39.34921],[-123.82652,39.34944],[-123.82583,39.34918],[-123.82694,39.35008],[-123.82647,39.34982],[-123.82544,39.34992],[-123.82638,39.35029],[-123.82611,39.35061],[-123.82649,39.35123],[-123.82583,39.35141],[-123.82578,39.35176],[-123.8264,39.35187],[-123.82594,39.35194],[-123.82552,39.35279],[-123.82496,39.35291],[-123.82513,39.35312],[-123.82399,39.35356],[-123.82431,39.35376],[-123.82339,39.35351],[-123.82268,39.35388],[-123.82144,39.35348],[-123.82097,39.35393],[-123.82177,39.35556],[-123.82344,39.35605],[-123.82316,39.35632],[-123.82379,39.35718],[-123.82294,39.35765],[-123.8229,39.35838],[-123.8232,39.35859],[-123.82367,39.3584],[-123.82364,39.3587],[-123.82463,39.35902],[-123.82447,39.35952],[-123.8241,39.35962],[-123.82296,39.359],[-123.82278,39.35926],[-123.82315,39.35967],[-123.8228,39.35967],[-123.82276,39.36002],[-123.82427,39.36016],[-123.82518,39.36096],[-123.82454,39.36109],[-123.82429,39.36065],[-123.82439,39.36095],[-123.82411,39.36072],[-123.82372,39.36109],[-123.824,39.36123],[-123.82377,39.36127],[-123.82387,39.36165],[-123.82329,39.36129],[-123.82239,39.36155],[-123.82213,39.36036],[-123.82167,39.36081],[-123.82121,39.36041],[-123.81937,39.36057],[-123.81786,39.35978],[-123.81684,39.36079],[-123.81632,39.36201],[-123.81778,39.36203],[-123.81866,39.36256],[-123.81922,39.36336],[-123.81909,39.36392],[-123.81973,39.36393],[-123.82018,39.36441],[-123.81962,39.36421],[-123.81999,39.36453],[-123.81964,39.3647],[-123.81978,39.36501],[-123.82068,39.36525],[-123.82021,39.36529],[-123.82038,39.36557],[-123.82156,39.36615],[-123.82215,39.36582],[-123.8225,39.36632],[-123.82207,39.36658],[-123.82282,39.36691],[-123.82311,39.36743],[-123.82334,39.36718],[-123.82452,39.36739],[-123.82532,39.36777],[-123.82629,39.36891],[-123.82564,39.36856],[-123.82548,39.36888],[-123.82482,39.36837],[-123.82453,39.3685],[-123.82502,39.36888],[-123.82438,39.36891],[-123.82516,39.3691],[-123.82505,39.36944],[-123.82478,39.36926],[-123.82479,39.36982],[-123.82256,39.36954],[-123.82236,39.36987],[-123.82298,39.37062],[-123.8227,39.37107],[-123.82315,39.37161],[-123.8223,39.37199],[-123.82255,39.37266],[-123.82208,39.37251],[-123.82167,39.37275],[-123.82085,39.37229],[-123.82002,39.37287],[-123.82032,39.37331],[-123.82025,39.37431],[-123.8217,39.3753],[-123.82223,39.37603],[-123.8216,39.3756],[-123.82138,39.37586],[-123.82032,39.37575],[-123.81976,39.37595],[-123.81975,39.37633],[-123.81845,39.37618],[-123.81675,39.3769],[-123.81829,39.37748],[-123.81897,39.37711],[-123.81924,39.37743],[-123.81895,39.37819],[-123.81981,39.37872],[-123.8207,39.37851],[-123.82096,39.37879],[-123.82077,39.379],[-123.82178,39.37917],[-123.82212,39.37962],[-123.82179,39.37983],[-123.82242,39.38005],[-123.82167,39.38023],[-123.82139,39.38124],[-123.82003,39.38103],[-123.8207,39.38205],[-123.81996,39.38199],[-123.81983,39.38224],[-123.82086,39.38265],[-123.82138,39.38371],[-123.82105,39.38338],[-123.82099,39.3837],[-123.82032,39.38354],[-123.8197,39.38439],[-123.82002,39.38461],[-123.8197,39.3848],[-123.82115,39.38616],[-123.82031,39.38583],[-123.82034,39.38624],[-123.81963,39.38604],[-123.82014,39.38635],[-123.81905,39.38623],[-123.81859,39.38684],[-123.81945,39.38734],[-123.81817,39.38729],[-123.8176,39.38777],[-123.81792,39.38868],[-123.81962,39.38938],[-123.81838,39.38918],[-123.81859,39.38957],[-123.81823,39.38981],[-123.81883,39.39],[-123.81831,39.39021],[-123.81988,39.39061],[-123.81951,39.39077],[-123.82032,39.39084],[-123.82113,39.39153],[-123.82006,39.39115],[-123.82092,39.39187],[-123.82036,39.39194],[-123.8196,39.39146],[-123.8193,39.39149],[-123.81964,39.39197],[-123.8191,39.39197],[-123.81837,39.39149],[-123.81781,39.39186],[-123.81792,39.39237],[-123.81662,39.39207],[-123.81596,39.3924],[-123.81611,39.39277],[-123.81754,39.39333],[-123.81814,39.39409],[-123.81897,39.39437],[-123.81902,39.39516],[-123.8201,39.39606],[-123.81957,39.39645],[-123.82069,39.3969],[-123.82121,39.39757],[-123.82106,39.39789],[-123.82065,39.39765],[-123.82106,39.39802],[-123.82096,39.39829],[-123.82028,39.3979],[-123.81987,39.39814],[-123.81951,39.39774],[-123.81899,39.39847],[-123.81941,39.39868],[-123.81945,39.39973],[-123.82051,39.40013],[-123.82029,39.4003],[-123.82059,39.40051],[-123.82024,39.40078],[-123.82091,39.40102],[-123.82117,39.40177],[-123.82161,39.4019],[-123.82133,39.40234],[-123.8216,39.40301],[-123.82049,39.4029],[-123.82023,39.4033],[-123.82093,39.40372],[-123.82052,39.40416],[-123.82202,39.40568],[-123.82141,39.40608],[-123.82218,39.40599],[-123.82231,39.40661],[-123.82162,39.4069],[-123.82087,39.40638],[-123.82161,39.40729],[-123.8209,39.40661],[-123.82091,39.40695],[-123.82056,39.40674],[-123.81969,39.40719],[-123.81941,39.40756],[-123.81959,39.40773],[-123.81901,39.40808],[-123.81954,39.40895],[-123.81924,39.40932],[-123.81896,39.40885],[-123.81841,39.40962],[-123.81748,39.409],[-123.81723,39.40938],[-123.81691,39.40896],[-123.81608,39.40907],[-123.81582,39.41076],[-123.81494,39.41164],[-123.81555,39.41253],[-123.81453,39.41253],[-123.81423,39.41287],[-123.81505,39.4133],[-123.815,39.41363],[-123.81463,39.4136],[-123.81494,39.41373],[-123.81471,39.4141],[-123.81529,39.41376],[-123.81593,39.41468],[-123.81497,39.41475],[-123.81556,39.41527],[-123.81482,39.41525],[-123.81446,39.41582],[-123.8151,39.41601],[-123.81385,39.41593],[-123.81299,39.41667],[-123.81166,39.4167],[-123.81111,39.4174],[-123.81274,39.41833],[-123.81359,39.41821],[-123.81416,39.41837],[-123.81405,39.41858],[-123.81522,39.41857],[-123.81472,39.4187],[-123.81566,39.41893],[-123.81545,39.41907],[-123.81586,39.41953],[-123.81543,39.41959],[-123.81595,39.41975],[-123.81507,39.41985],[-123.8158,39.41993],[-123.81508,39.42023],[-123.8157,39.42067],[-123.81555,39.42097],[-123.81593,39.42098],[-123.81558,39.42123],[-123.81564,39.42163],[-123.81679,39.42163],[-123.81728,39.42211],[-123.81778,39.42208],[-123.81738,39.42235],[-123.81824,39.42266],[-123.81777,39.42258],[-123.81751,39.42372],[-123.81866,39.42375],[-123.81928,39.42412],[-123.81745,39.42451],[-123.81823,39.42475],[-123.81784,39.42497],[-123.81888,39.4251],[-123.81776,39.42554],[-123.81887,39.42541],[-123.81822,39.42575],[-123.81721,39.42572],[-123.81687,39.42623],[-123.81587,39.42569],[-123.81414,39.42556],[-123.81051,39.42624],[-123.80949,39.42724],[-123.80903,39.42871],[-123.80947,39.42992],[-123.81065,39.43063],[-123.8125,39.43058],[-123.81347,39.4312],[-123.81527,39.43046],[-123.81542,39.43071],[-123.81589,39.43062],[-123.8162,39.43147],[-123.81651,39.43129],[-123.81647,39.43157],[-123.81673,39.43156],[-123.81646,39.43208],[-123.81695,39.43194],[-123.81676,39.43291],[-123.81797,39.43422],[-123.81775,39.43471],[-123.81824,39.4351],[-123.81796,39.4352],[-123.81813,39.4364],[-123.81844,39.43646],[-123.81891,39.43585],[-123.81939,39.43618],[-123.81993,39.43712],[-123.81901,39.43704],[-123.81939,39.43793],[-123.81899,39.43791],[-123.82075,39.43958],[-123.81999,39.43949],[-123.81949,39.43898],[-123.81961,39.43943],[-123.81935,39.43931],[-123.82,39.43983],[-123.8193,39.43974],[-123.81889,39.43925],[-123.81808,39.43917],[-123.81771,39.43865],[-123.81749,39.43882],[-123.81725,39.43831],[-123.81655,39.43798],[-123.81592,39.4385],[-123.81571,39.43907],[-123.81593,39.43942],[-123.81525,39.43993],[-123.81529,39.44041],[-123.81448,39.44067],[-123.81417,39.44117],[-123.81325,39.44108],[-123.81248,39.4418],[-123.81267,39.44291],[-123.81398,39.44344],[-123.8145,39.44434],[-123.81571,39.44429],[-123.81568,39.44475],[-123.81639,39.44457],[-123.81686,39.44503],[-123.81613,39.44532],[-123.8157,39.44511],[-123.81487,39.44592],[-123.81504,39.44639],[-123.81448,39.44675],[-123.81504,39.44727],[-123.81474,39.44728],[-123.81504,39.44751],[-123.81475,39.44753],[-123.81493,39.44781],[-123.81429,39.44812],[-123.81434,39.44846],[-123.81374,39.44842],[-123.81384,39.44944],[-123.81349,39.44971],[-123.81394,39.45013],[-123.81328,39.4501],[-123.8131,39.45027],[-123.81342,39.4505],[-123.81291,39.4508],[-123.81342,39.45121],[-123.81307,39.45122],[-123.81326,39.4518],[-123.81361,39.45167],[-123.81406,39.45206],[-123.81347,39.45269],[-123.81428,39.45359],[-123.81317,39.45349],[-123.81223,39.45437],[-123.81171,39.45421],[-123.81126,39.45456],[-123.81078,39.45508],[-123.81162,39.45561],[-123.81078,39.4558],[-123.81098,39.4565],[-123.81014,39.4568],[-123.80964,39.45741],[-123.80994,39.45835],[-123.80966,39.45897],[-123.80833,39.45867],[-123.80854,39.45925],[-123.8082,39.46033],[-123.80845,39.46091],[-123.80956,39.46094],[-123.81018,39.46124],[-123.81041,39.46177],[-123.80972,39.46218],[-123.80927,39.46153],[-123.80847,39.46178],[-123.80786,39.46299],[-123.80805,39.46343],[-123.8076,39.46361],[-123.80747,39.46446],[-123.80778,39.46496],[-123.80741,39.46497],[-123.80757,39.46533],[-123.80724,39.46578],[-123.80801,39.46632],[-123.80784,39.46659],[-123.80732,39.46652],[-123.80735,39.46705],[-123.80693,39.46699],[-123.80709,39.46764],[-123.80772,39.46794],[-123.80729,39.46817],[-123.80765,39.46886],[-123.80713,39.46903],[-123.80746,39.46939],[-123.80783,39.46914],[-123.80771,39.46969],[-123.80831,39.46939],[-123.80854,39.4697],[-123.80796,39.4703],[-123.80821,39.47049],[-123.80749,39.47057],[-123.80786,39.47102],[-123.80728,39.47116],[-123.80684,39.47048],[-123.80658,39.47123],[-123.80511,39.47162],[-123.80446,39.47365],[-123.80479,39.47463],[-123.80386,39.47593],[-123.80357,39.47754],[-123.80314,39.47785],[-123.80284,39.47884],[-123.80347,39.47997],[-123.80308,39.48051],[-123.80372,39.48086],[-123.80333,39.4809],[-123.80367,39.48115],[-123.80301,39.48124],[-123.80346,39.48152],[-123.80322,39.48189],[-123.80384,39.48258],[-123.80287,39.48266],[-123.80315,39.48305],[-123.80229,39.48304],[-123.80235,39.48349],[-123.80183,39.48336],[-123.80199,39.48402],[-123.80264,39.48461],[-123.80224,39.48473],[-123.8026,39.48615],[-123.80199,39.48693],[-123.80278,39.48723],[-123.80241,39.48749],[-123.80331,39.48815],[-123.80393,39.48829],[-123.80471,39.48794],[-123.80568,39.48821],[-123.80575,39.48858],[-123.80526,39.48867],[-123.80571,39.4889],[-123.80435,39.48866],[-123.80536,39.4898],[-123.80448,39.48997],[-123.80482,39.49048],[-123.803,39.48978],[-123.80175,39.49047],[-123.80115,39.4899],[-123.79808,39.48909],[-123.79676,39.4897],[-123.7967,39.49012],[-123.79554,39.49096],[-123.79475,39.49248],[-123.79533,39.49327],[-123.7947,39.49315],[-123.79416,39.49387],[-123.79421,39.4947],[-123.79244,39.49566],[-123.79153,39.49658],[-123.79164,39.4969],[-123.79129,39.49668],[-123.79112,39.49742],[-123.79058,39.49761],[-123.79048,39.49885],[-123.78914,39.50073],[-123.78912,39.50125],[-123.78733,39.50247],[-123.78788,39.50309],[-123.78732,39.5032],[-123.78696,39.50504],[-123.78647,39.50499],[-123.7868,39.50551],[-123.78588,39.50574],[-123.78406,39.50881],[-123.77896,39.52014],[-123.77786,39.52197],[-123.77489,39.52955],[-123.77363,39.53085],[-123.7733,39.53414],[-123.77146,39.53919],[-123.76975,39.54524],[-123.76948,39.54798],[-123.76856,39.55047],[-123.76876,39.55193],[-123.76787,39.55333],[-123.76717,39.55536],[-123.76741,39.55594],[-123.76708,39.55625],[-123.76733,39.55652],[-123.76716,39.55737],[-123.7669,39.55795],[-123.76594,39.55861],[-123.76619,39.55897],[-123.76669,39.55891],[-123.76677,39.55956],[-123.76765,39.56032],[-123.76823,39.56041],[-123.76758,39.56064],[-123.76709,39.56036],[-123.76739,39.56133],[-123.76831,39.5618],[-123.76866,39.56122],[-123.7696,39.56256],[-123.76953,39.56299],[-123.76913,39.56302],[-123.76904,39.56241],[-123.76838,39.56223],[-123.76818,39.56271],[-123.7675,39.56289],[-123.76709,39.5653],[-123.76797,39.56523],[-123.7713,39.56713],[-123.77194,39.56928],[-123.77286,39.57029],[-123.77302,39.5723],[-123.77497,39.57288],[-123.77563,39.57339],[-123.77586,39.57406],[-123.77602,39.57388],[-123.77723,39.57514],[-123.77839,39.57574],[-123.77837,39.57613],[-123.77768,39.57592],[-123.77753,39.57619],[-123.77695,39.57581],[-123.77701,39.57622],[-123.77657,39.5762],[-123.77763,39.57705],[-123.77813,39.57705],[-123.77836,39.57771],[-123.77902,39.57814],[-123.77852,39.57839],[-123.77711,39.57758],[-123.77674,39.57801],[-123.77727,39.57834],[-123.77662,39.57814],[-123.77633,39.57843],[-123.77639,39.5792],[-123.77816,39.57981],[-123.77728,39.57971],[-123.77751,39.58033],[-123.77726,39.58054],[-123.77787,39.58097],[-123.77738,39.58118],[-123.77752,39.58228],[-123.77807,39.58275],[-123.77734,39.58327],[-123.77763,39.58342],[-123.77718,39.58346],[-123.77716,39.58434],[-123.77891,39.58478],[-123.78019,39.58651],[-123.78108,39.58683],[-123.78179,39.58745],[-123.78151,39.58763],[-123.78235,39.58797],[-123.7818,39.58821],[-123.78255,39.5883],[-123.78282,39.58865],[-123.78216,39.58868],[-123.78143,39.58824],[-123.78055,39.58697],[-123.78078,39.58756],[-123.78018,39.58748],[-123.78018,39.58791],[-123.78128,39.58829],[-123.78145,39.58886],[-123.78104,39.58917],[-123.78263,39.58923],[-123.78274,39.58954],[-123.78245,39.58965],[-123.78363,39.58982],[-123.78336,39.59056],[-123.7824,39.59014],[-123.7834,39.59076],[-123.78314,39.59132],[-123.78356,39.59147],[-123.78329,39.5911],[-123.7841,39.59059],[-123.7843,39.59149],[-123.78438,39.59088],[-123.78476,39.59071],[-123.78536,39.59158],[-123.78451,39.59152],[-123.78658,39.5924],[-123.78665,39.59292],[-123.78624,39.59303],[-123.78458,39.59244],[-123.78596,39.59305],[-123.78603,39.59342],[-123.78406,39.59254],[-123.78416,39.59299],[-123.78494,39.59359],[-123.78462,39.59379],[-123.78419,39.59342],[-123.78386,39.59367],[-123.78472,39.59446],[-123.78486,39.59423],[-123.7851,39.59443],[-123.78494,39.59472],[-123.78595,39.59488],[-123.788,39.59763],[-123.78763,39.59775],[-123.78865,39.5984],[-123.78767,39.59809],[-123.78752,39.59834],[-123.78886,39.59932],[-123.78775,39.59928],[-123.78912,39.59974],[-123.7895,39.60016],[-123.78929,39.60064],[-123.78843,39.60014],[-123.78769,39.60029],[-123.78665,39.59967],[-123.78744,39.60038],[-123.78909,39.60075],[-123.78926,39.60104],[-123.78889,39.6012],[-123.78964,39.60137],[-123.7885,39.60161],[-123.78918,39.60189],[-123.78885,39.60257],[-123.78932,39.60257],[-123.78901,39.60289],[-123.78934,39.6031],[-123.78952,39.60416],[-123.78912,39.60452],[-123.78849,39.60394],[-123.78798,39.60391],[-123.78913,39.60495],[-123.78885,39.60513],[-123.78822,39.60464],[-123.78774,39.60473],[-123.78743,39.60406],[-123.78783,39.60546],[-123.78753,39.6051],[-123.78681,39.60535],[-123.78764,39.60584],[-123.78738,39.60602],[-123.78681,39.60551],[-123.78639,39.60575],[-123.78795,39.60664],[-123.78798,39.60704],[-123.78752,39.60665],[-123.78751,39.60823],[-123.78573,39.6073],[-123.78418,39.60824],[-123.78435,39.60934],[-123.78376,39.60972],[-123.78294,39.6122],[-123.78322,39.61446],[-123.78299,39.61466],[-123.78266,39.61442],[-123.78314,39.6152],[-123.78248,39.62175],[-123.783,39.62225],[-123.78274,39.62233],[-123.78281,39.62293],[-123.78331,39.62344],[-123.78402,39.62337],[-123.78362,39.62373],[-123.78481,39.62517],[-123.78618,39.62505],[-123.78636,39.62559],[-123.78596,39.62571],[-123.78595,39.62634],[-123.78756,39.62728],[-123.78655,39.62717],[-123.78554,39.62762],[-123.78448,39.629],[-123.78501,39.62967],[-123.78538,39.62971],[-123.78487,39.63019],[-123.78484,39.63109],[-123.78585,39.63292],[-123.78542,39.63316],[-123.78579,39.63358],[-123.7855,39.63433],[-123.78592,39.63487],[-123.78542,39.63521],[-123.78653,39.63568],[-123.78598,39.63591],[-123.7865,39.63627],[-123.78617,39.63619],[-123.78628,39.63653],[-123.7871,39.63655],[-123.7877,39.63706],[-123.78665,39.63681],[-123.78688,39.63707],[-123.78646,39.63713],[-123.78637,39.6377],[-123.78713,39.63837],[-123.78664,39.63848],[-123.78668,39.63926],[-123.78539,39.64039],[-123.78588,39.64069],[-123.78526,39.64073],[-123.78489,39.64148],[-123.78593,39.64217],[-123.78533,39.64212],[-123.78553,39.64238],[-123.7851,39.64255],[-123.78474,39.64355],[-123.78512,39.64597],[-123.78572,39.64682],[-123.7851,39.64699],[-123.78496,39.6477],[-123.78546,39.64839],[-123.78601,39.64837],[-123.78525,39.64867],[-123.78551,39.64921],[-123.785,39.64964],[-123.78493,39.65338],[-123.78598,39.65472],[-123.78578,39.65504],[-123.78643,39.65556],[-123.78697,39.65675],[-123.78652,39.65772],[-123.78671,39.65803],[-123.78581,39.65849],[-123.78586,39.65981],[-123.78902,39.66511],[-123.79005,39.66613],[-123.79045,39.66606],[-123.79123,39.66682],[-123.79215,39.667],[-123.79167,39.66792],[-123.79169,39.66884],[-123.79106,39.66965],[-123.7915,39.67109],[-123.79176,39.67115],[-123.79138,39.6721],[-123.79162,39.67291],[-123.79124,39.67303],[-123.79113,39.67385],[-123.7916,39.67597],[-123.79116,39.67633],[-123.79107,39.67746],[-123.7918,39.67902],[-123.79174,39.67978],[-123.79141,39.67987],[-123.79142,39.68088],[-123.79269,39.68471],[-123.79251,39.68492],[-123.79311,39.6855],[-123.79356,39.68742],[-123.79441,39.68816],[-123.79398,39.68929],[-123.79493,39.69096],[-123.79577,39.69148],[-123.79621,39.69133],[-123.79614,39.69156],[-123.79746,39.69263],[-123.79785,39.69357],[-123.79888,39.69428],[-123.79931,39.69613],[-123.80039,39.69652],[-123.80115,39.6974],[-123.80151,39.69735],[-123.80111,39.69756],[-123.80125,39.69824],[-123.80237,39.69895],[-123.80283,39.69878],[-123.80292,39.69938],[-123.80373,39.70003],[-123.80371,39.70179],[-123.80419,39.70256],[-123.80339,39.70279],[-123.80304,39.70323],[-123.80389,39.70282],[-123.80521,39.70628],[-123.807,39.70679],[-123.80654,39.70697],[-123.80677,39.70842],[-123.80778,39.71033],[-123.80825,39.71081],[-123.81101,39.71191],[-123.81478,39.71401],[-123.81855,39.71531],[-123.81921,39.71612],[-123.8202,39.71669],[-123.82481,39.71808],[-123.82939,39.72226],[-123.8296,39.72287],[-123.83084,39.72325],[-123.83079,39.72364],[-123.83,39.72402],[-123.83009,39.72576],[-123.83048,39.72615],[-123.83092,39.72594],[-123.8315,39.72657],[-123.83086,39.7269],[-123.83061,39.72794],[-123.83141,39.72845],[-123.83091,39.72865],[-123.8313,39.72896],[-123.83087,39.72904],[-123.831,39.72955],[-123.8314,39.73002],[-123.832,39.72991],[-123.83213,39.73039],[-123.83097,39.73086],[-123.8306,39.73071],[-123.8304,39.73134],[-123.82962,39.7314],[-123.82876,39.73265],[-123.82893,39.73298],[-123.82823,39.73341],[-123.82807,39.73401],[-123.82847,39.73516],[-123.82949,39.7361],[-123.83084,39.73688],[-123.83217,39.73693],[-123.83214,39.73723],[-123.83262,39.73743],[-123.83319,39.73746],[-123.83307,39.73706],[-123.83525,39.73876],[-123.83474,39.73893],[-123.83316,39.73789],[-123.83147,39.73901],[-123.83142,39.74023],[-123.83216,39.74057],[-123.83145,39.74066],[-123.83155,39.74111],[-123.8327,39.74163],[-123.83187,39.7419],[-123.83215,39.74425],[-123.83403,39.74742],[-123.83519,39.75071],[-123.8359,39.75104],[-123.83617,39.75077],[-123.83628,39.75147],[-123.83674,39.75172],[-123.83695,39.7515],[-123.83717,39.75185],[-123.8377,39.75171],[-123.8384,39.75275],[-123.83714,39.75307],[-123.8378,39.75476],[-123.8375,39.7548],[-123.83711,39.75573],[-123.83886,39.75662],[-123.83933,39.75736],[-123.83915,39.75784],[-123.83861,39.75741],[-123.83817,39.75766],[-123.83838,39.75811],[-123.83771,39.7581],[-123.83741,39.75904],[-123.83819,39.76075],[-123.83811,39.76282],[-123.83859,39.76301],[-123.83821,39.76311],[-123.83853,39.76342],[-123.8376,39.76468],[-123.83726,39.76588],[-123.83728,39.76732],[-123.83785,39.76915],[-123.83701,39.77059],[-123.83718,39.77517],[-123.83693,39.77634],[-123.83716,39.77927],[-123.83764,39.78096],[-123.83793,39.7811],[-123.83761,39.78396],[-123.83803,39.78563],[-123.83805,39.7874],[-123.83926,39.79138],[-123.83903,39.79245],[-123.83926,39.7949],[-123.84011,39.79781],[-123.84129,39.79957],[-123.84138,39.80113],[-123.84216,39.80204],[-123.84275,39.80222],[-123.84283,39.80199],[-123.84334,39.80251],[-123.84295,39.80284],[-123.84298,39.80387],[-123.84376,39.80609],[-123.84625,39.80695],[-123.84601,39.80725],[-123.84628,39.80812],[-123.84534,39.80822],[-123.84497,39.80885],[-123.8453,39.80929],[-123.84552,39.81439],[-123.84633,39.81744],[-123.84721,39.81859],[-123.84706,39.81984],[-123.84813,39.82036],[-123.84825,39.82074],[-123.84825,39.82155],[-123.84756,39.8224],[-123.84914,39.82881],[-123.85114,39.83229],[-123.85295,39.83383],[-123.85734,39.83557],[-123.85875,39.83648],[-123.86406,39.83808],[-123.86568,39.83918],[-123.8696,39.84054],[-123.87228,39.84209],[-123.881,39.84524],[-123.88239,39.84647],[-123.88476,39.84779],[-123.88525,39.84772],[-123.88568,39.84842],[-123.8871,39.84889],[-123.88892,39.85194],[-123.88882,39.85229],[-123.89157,39.85246],[-123.89286,39.85335],[-123.89362,39.85288],[-123.89409,39.85357],[-123.89376,39.85411],[-123.89382,39.85484],[-123.89435,39.8556],[-123.89684,39.85606],[-123.89783,39.85567],[-123.89768,39.85519],[-123.89935,39.8562],[-123.89954,39.8556],[-123.8998,39.85682],[-123.9002,39.85731],[-123.90001,39.85754],[-123.90057,39.85784],[-123.90061,39.85864],[-123.90166,39.85987],[-123.90262,39.86035],[-123.9037,39.86042],[-123.9038,39.85956],[-123.90419,39.8594],[-123.90486,39.86129],[-123.90746,39.86301],[-123.90894,39.86551],[-123.90927,39.8656],[-123.90976,39.86747],[-123.91043,39.86754],[-123.90987,39.86777],[-123.91064,39.86884],[-123.91071,39.86961],[-123.91143,39.87003],[-123.91195,39.86983],[-123.91202,39.87084],[-123.91224,39.87053],[-123.9128,39.87069],[-123.91236,39.87124],[-123.91278,39.87202],[-123.91317,39.87204],[-123.9134,39.8728],[-123.91315,39.87349],[-123.91348,39.87423],[-123.91405,39.87418],[-123.91395,39.87522],[-123.91467,39.87556],[-123.91517,39.87524],[-123.91523,39.87621],[-123.91451,39.87653],[-123.9149,39.8771],[-123.91505,39.87689],[-123.91565,39.8785],[-123.91543,39.87902],[-123.91576,39.87917],[-123.91553,39.8797],[-123.91577,39.88016],[-123.9155,39.88033],[-123.91564,39.88144],[-123.91835,39.88458],[-123.91809,39.8852],[-123.91869,39.8862],[-123.91906,39.88822],[-123.92024,39.88962],[-123.92077,39.8912],[-123.92261,39.89292],[-123.92249,39.89349],[-123.92341,39.89433],[-123.92365,39.89533],[-123.92497,39.89733],[-123.92472,39.89758],[-123.92497,39.89939],[-123.92569,39.90076],[-123.92701,39.90212],[-123.92672,39.90333],[-123.9269,39.90389],[-123.92861,39.90517],[-123.92899,39.90821],[-123.92981,39.90978],[-123.93078,39.91057],[-123.93238,39.91084],[-123.93469,39.91262],[-123.93876,39.91367],[-123.93919,39.91287],[-123.93938,39.91381],[-123.94084,39.91481],[-123.94224,39.91643],[-123.94909,39.91938],[-123.95007,39.91999],[-123.95118,39.92164],[-123.95245,39.92219],[-123.95416,39.92237],[-123.95447,39.92206],[-123.95442,39.92242],[-123.95484,39.92236],[-123.95532,39.92276],[-123.95542,39.92343],[-123.95618,39.92353],[-123.95633,39.92484],[-123.95771,39.92728],[-123.95861,39.92763],[-123.95908,39.92724],[-123.95938,39.92737],[-123.95887,39.92768],[-123.95964,39.92759],[-123.95891,39.92813],[-123.95895,39.92866],[-123.95867,39.92878],[-123.95888,39.93087],[-123.95949,39.93204],[-123.95934,39.93241],[-123.96023,39.93346],[-123.96029,39.93428],[-123.96098,39.93548],[-123.96134,39.93558],[-123.9621,39.93771],[-123.96316,39.93916],[-123.96428,39.93966],[-123.96424,39.93994],[-123.96676,39.94204],[-123.96712,39.9438],[-123.9685,39.94499],[-123.96877,39.94587],[-123.97021,39.94761],[-123.97103,39.94928],[-123.97381,39.95181],[-123.97463,39.95318],[-123.975,39.9555],[-123.97848,39.95884],[-123.979,39.96049],[-123.97892,39.96132],[-123.9798,39.9629],[-123.98112,39.96388],[-123.98365,39.96464],[-123.98471,39.96629],[-123.98695,39.96801],[-123.9894,39.96961],[-123.99162,39.96998],[-123.99336,39.97097],[-123.9946,39.9727],[-123.99575,39.973],[-123.99709,39.97444],[-123.99773,39.97614],[-124.00044,39.97827],[-124.00241,39.9818],[-124.00394,39.98262],[-124.00607,39.98557],[-124.00674,39.98613],[-124.0089,39.98696],[-124.0095,39.98767],[-124.01143,39.98885],[-124.01198,39.98883],[-124.0123,39.9895],[-124.01425,39.99071],[-124.01652,39.99278],[-124.01997,39.99883],[-124.02168,40.00003],[-124.02303,40.00162],[-124.02511,40.00336],[-124.02728,40.0043],[-124.02894,40.00573],[-124.03241,40.0107],[-124.03415,40.01178],[-124.03711,40.01478],[-124.03949,40.01617],[-124.04121,40.01624],[-124.04255,40.01676],[-124.04313,40.01785],[-124.04528,40.01951],[-124.04616,40.01998],[-124.04657,40.02002],[-124.04673,40.01971],[-124.04736,40.01999],[-124.0486,40.02125],[-124.04966,40.02182],[-124.05517,40.02434],[-124.05716,40.02465],[-124.05935,40.02543],[-124.06215,40.02568],[-124.06403,40.02549],[-124.0659,40.02468],[-124.06634,40.02369],[-124.06602,40.02345],[-124.06696,40.02332],[-124.06714,40.02288],[-124.06683,40.02222],[-124.06709,40.02179],[-124.0678,40.02184],[-124.06852,40.0215],[-124.06847,40.02119],[-124.06913,40.02114],[-124.07061,40.02193],[-124.07096,40.02124],[-124.07116,40.02151],[-124.07122,40.0213],[-124.07161,40.0217],[-124.0711,40.02216],[-124.0714,40.02246],[-124.07377,40.02252],[-124.07413,40.02377],[-124.07361,40.02381],[-124.07344,40.02408],[-124.07374,40.02417],[-124.07348,40.02431],[-124.07531,40.02474],[-124.07572,40.02513],[-124.07551,40.02529],[-124.07624,40.02572],[-124.07596,40.0262],[-124.07559,40.0261],[-124.0763,40.02694],[-124.076,40.02722],[-124.0764,40.02724],[-124.07604,40.02772],[-124.07665,40.02778],[-124.07692,40.02751],[-124.07733,40.02835],[-124.07775,40.02805],[-124.07803,40.02829],[-124.07779,40.02857],[-124.07823,40.0287],[-124.07847,40.02832],[-124.07879,40.0285],[-124.07912,40.02954],[-124.07947,40.02943],[-124.07942,40.0298],[-124.07981,40.02943],[-124.08118,40.02961],[-124.08106,40.03037],[-124.08139,40.03039],[-124.08108,40.03096],[-124.08097,40.03057],[-124.08079,40.03179],[-124.08031,40.03184],[-124.08018,40.03248],[-124.0797,40.03271],[-124.08003,40.03285],[-124.079,40.03318],[-124.0793,40.03324],[-124.07907,40.03334],[-124.07932,40.0336],[-124.07942,40.03323],[-124.07995,40.03307],[-124.07968,40.03335],[-124.07998,40.03335],[-124.07993,40.03385],[-124.07932,40.03408],[-124.07907,40.03459],[-124.07933,40.0349],[-124.07991,40.0349],[-124.07886,40.03528],[-124.07867,40.03552],[-124.07888,40.03581],[-124.07818,40.03619],[-124.0787,40.03744],[-124.07923,40.03729],[-124.08005,40.03797],[-124.08061,40.03724],[-124.08086,40.03791],[-124.08037,40.03867],[-124.07962,40.03866],[-124.07947,40.03964],[-124.0801,40.04049],[-124.07975,40.04107],[-124.07987,40.0417],[-124.08082,40.04245],[-124.08021,40.0427],[-124.07978,40.04361],[-124.07924,40.04734],[-124.07947,40.05084],[-124.07913,40.06064],[-124.07985,40.06597],[-124.08244,40.06966],[-124.0841,40.07451],[-124.08544,40.07625],[-124.08611,40.07812],[-124.08935,40.08087],[-124.09235,40.08263],[-124.09363,40.08506],[-124.0963,40.08882],[-124.10039,40.09221],[-124.10191,40.09413],[-124.10402,40.09597],[-124.10522,40.09737],[-124.10679,40.10006],[-124.11028,40.10401],[-124.11223,40.10509],[-124.11896,40.10677],[-124.12044,40.10807],[-124.12389,40.11024],[-124.12941,40.113],[-124.13159,40.11361],[-124.13367,40.11369],[-124.14019,40.11689],[-124.14462,40.11787],[-124.14621,40.11763],[-124.15022,40.11839],[-124.15413,40.12079],[-124.16069,40.12199],[-124.16417,40.12312],[-124.17091,40.1246],[-124.17276,40.12544],[-124.17381,40.12671],[-124.17579,40.12798],[-124.17818,40.12832],[-124.18105,40.13035],[-124.18239,40.13047],[-124.18463,40.13013],[-124.18703,40.1307],[-124.19178,40.13608],[-124.19316,40.13856],[-124.19496,40.1403],[-124.19708,40.14162],[-124.19837,40.14386],[-124.20015,40.14463],[-124.20225,40.14677],[-124.20394,40.15054],[-124.2065,40.15249],[-124.20922,40.1555],[-124.21072,40.15631],[-124.21253,40.15809],[-124.2137,40.15966],[-124.21412,40.16094],[-124.21556,40.1625],[-124.22254,40.16579],[-124.22639,40.16811],[-124.22792,40.16926],[-124.23029,40.1719],[-124.2349,40.17519],[-124.23663,40.17575],[-124.23906,40.17721],[-124.24335,40.17829],[-124.24616,40.17946],[-124.25219,40.18238],[-124.25687,40.18376],[-124.26159,40.18715],[-124.26283,40.18871],[-124.26658,40.19115],[-124.26999,40.19438],[-124.27126,40.19622],[-124.2751,40.19794],[-124.27628,40.19884],[-124.2782,40.19902],[-124.28141,40.20003],[-124.28171,40.19981],[-124.28198,40.20025],[-124.28249,40.20035],[-124.28248,40.20079],[-124.28302,40.20055],[-124.28555,40.20217],[-124.28794,40.20297],[-124.28826,40.20283],[-124.28899,40.20347],[-124.28986,40.20371],[-124.29087,40.2052],[-124.29414,40.20712],[-124.29843,40.21127],[-124.30349,40.21386],[-124.30497,40.21558],[-124.30714,40.21669],[-124.31039,40.21935],[-124.31222,40.22132],[-124.32027,40.22637],[-124.32344,40.22987],[-124.32369,40.23113],[-124.32506,40.233],[-124.32566,40.23532],[-124.32662,40.23675],[-124.32878,40.2379],[-124.33069,40.23957],[-124.33338,40.2401],[-124.33479,40.24113],[-124.33842,40.24217],[-124.34247,40.24412],[-124.34631,40.24689],[-124.35056,40.24905],[-124.35174,40.24999],[-124.3556,40.25461],[-124.35746,40.25591],[-124.35736,40.25615],[-124.35865,40.25641],[-124.36037,40.25747],[-124.36297,40.261],[-124.36314,40.26209],[-124.36187,40.26386],[-124.36177,40.26515],[-124.36208,40.26876],[-124.36336,40.27075],[-124.36235,40.27232],[-124.36327,40.27576],[-124.36171,40.27863],[-124.36192,40.28113],[-124.36098,40.28304],[-124.3605,40.28525],[-124.35722,40.29043],[-124.35566,40.29434],[-124.35454,40.30145],[-124.35358,40.30528],[-124.34923,40.31179],[-124.34817,40.31635],[-124.34865,40.31941],[-124.35019,40.32192],[-124.35004,40.32339],[-124.35046,40.32444],[-124.35196,40.32634],[-124.35205,40.3278],[-124.3538,40.33222],[-124.35546,40.33377],[-124.35867,40.33595],[-124.359,40.33703],[-124.3604,40.3383],[-124.36104,40.34022],[-124.36208,40.34143],[-124.36279,40.34395],[-124.36234,40.34592],[-124.3633,40.34758],[-124.36311,40.34866],[-124.36244,40.34985],[-124.36201,40.35369],[-124.36257,40.35428],[-124.3631,40.3557],[-124.36295,40.35681],[-124.3634,40.35921],[-124.3638,40.36611],[-124.36488,40.36904],[-124.3665,40.37677],[-124.36889,40.38487],[-124.36965,40.38532],[-124.37081,40.38705],[-124.37294,40.39119],[-124.37386,40.39376],[-124.37525,40.39513],[-124.37827,40.39691],[-124.37843,40.39824],[-124.37938,40.39936],[-124.38304,40.4011],[-124.38562,40.40351],[-124.38715,40.40392],[-124.3883,40.40488],[-124.38892,40.40492],[-124.38978,40.40431],[-124.39137,40.40413],[-124.39069,40.40479],[-124.38983,40.40471],[-124.39036,40.40515],[-124.39005,40.40573],[-124.39101,40.40701],[-124.39182,40.40692],[-124.39134,40.4074],[-124.39246,40.40899],[-124.39221,40.40947],[-124.39333,40.4119],[-124.39436,40.41322],[-124.39595,40.41425],[-124.39899,40.41724],[-124.39986,40.41896],[-124.40179,40.42121],[-124.40256,40.4226],[-124.40308,40.42453],[-124.40206,40.42656],[-124.40201,40.42779],[-124.40337,40.43071],[-124.40389,40.43382],[-124.40454,40.43444],[-124.40536,40.43449],[-124.40572,40.43506],[-124.40816,40.43611],[-124.40977,40.43856],[-124.40903,40.43963],[-124.40924,40.44056],[-124.40887,40.44137],[-124.40872,40.44343],[-124.40573,40.44711],[-124.40483,40.44899],[-124.40206,40.45223],[-124.40104,40.45472],[-124.39545,40.46396],[-124.39474,40.4647],[-124.39182,40.47221],[-124.39007,40.47816],[-124.38976,40.47841],[-124.39012,40.47671],[-124.38949,40.47676],[-124.38973,40.47759],[-124.3894,40.47888],[-124.38846,40.48078],[-124.38659,40.48689],[-124.38526,40.48915],[-124.38421,40.49188],[-124.38315,40.49596],[-124.38308,40.4997],[-124.38383,40.50108],[-124.38609,40.5022],[-124.3867,40.5028],[-124.38678,40.50519],[-124.38613,40.50604],[-124.38636,40.50695],[-124.38584,40.50807],[-124.38734,40.51011],[-124.38626,40.51158],[-124.38479,40.51201],[-124.38392,40.51306],[-124.38274,40.51717],[-124.38256,40.51843],[-124.38277,40.51875],[-124.38172,40.51911],[-124.38105,40.52014],[-124.37988,40.521],[-124.37942,40.52186],[-124.37907,40.52176],[-124.37791,40.52305],[-124.37637,40.52376],[-124.37368,40.5281],[-124.37394,40.52926],[-124.37345,40.5294],[-124.3737,40.52967],[-124.37092,40.53172],[-124.36884,40.53469],[-124.3685,40.53467],[-124.36859,40.53511],[-124.36834,40.53507],[-124.36884,40.53555],[-124.36827,40.53566],[-124.36817,40.53626],[-124.36871,40.53684],[-124.36794,40.53726],[-124.36802,40.53795],[-124.36723,40.53865],[-124.36727,40.53908],[-124.3663,40.53978],[-124.36543,40.54132],[-124.36467,40.54184],[-124.36468,40.54233],[-124.36394,40.54352],[-124.36393,40.54477],[-124.36315,40.54552],[-124.36326,40.5461],[-124.36292,40.54621],[-124.36209,40.54852],[-124.3609,40.55026],[-124.35892,40.55574],[-124.35742,40.55799],[-124.35716,40.55941],[-124.35649,40.56026],[-124.35528,40.56361],[-124.35333,40.567],[-124.35166,40.57237],[-124.35001,40.57444],[-124.346,40.58131],[-124.34266,40.59003],[-124.33967,40.59514],[-124.33894,40.59766],[-124.33614,40.60181],[-124.33284,40.60884],[-124.32303,40.62504],[-124.31685,40.63631],[-124.31529,40.63816],[-124.31282,40.64257],[-124.31118,40.6469],[-124.30917,40.64967],[-124.30813,40.65216],[-124.30489,40.6566],[-124.30061,40.66409],[-124.29771,40.66777],[-124.29719,40.6692],[-124.29607,40.67041],[-124.29516,40.67215],[-124.29357,40.67379],[-124.28922,40.68118],[-124.28726,40.68333],[-124.28333,40.6897],[-124.27919,40.69458],[-124.27839,40.69654],[-124.27614,40.69901],[-124.27351,40.70257],[-124.27311,40.70364],[-124.271,40.70575],[-124.26866,40.70926],[-124.26634,40.71171],[-124.26445,40.71459],[-124.26215,40.71704],[-124.25871,40.72235],[-124.25658,40.72439],[-124.25539,40.72662],[-124.25044,40.73329],[-124.24869,40.73639],[-124.24613,40.73987],[-124.24147,40.74869],[-124.24005,40.75021],[-124.23688,40.75528],[-124.23472,40.75701],[-124.23343,40.76021],[-124.23316,40.76475],[-124.23218,40.76558],[-124.22878,40.76734],[-124.22493,40.77096],[-124.22346,40.77388],[-124.2231,40.77588],[-124.21601,40.78395],[-124.21514,40.78587],[-124.21279,40.78845],[-124.21111,40.79151],[-124.20999,40.79274],[-124.20565,40.79937],[-124.20341,40.80206],[-124.19832,40.81052],[-124.19399,40.81635],[-124.19351,40.81779],[-124.19101,40.82181],[-124.18799,40.82608],[-124.18573,40.82999],[-124.18463,40.83119],[-124.18388,40.83315],[-124.18215,40.83536],[-124.18151,40.83696],[-124.17761,40.84275],[-124.17673,40.84488],[-124.17335,40.84976],[-124.17213,40.85279],[-124.17099,40.85402],[-124.1701,40.85592],[-124.16799,40.85867],[-124.1676,40.86028],[-124.16632,40.86267],[-124.16473,40.86476],[-124.163,40.8684],[-124.16146,40.87051],[-124.15974,40.87472],[-124.15776,40.87849],[-124.15677,40.87956],[-124.15565,40.882],[-124.15527,40.88403],[-124.1529,40.88772],[-124.15122,40.892],[-124.14911,40.89597],[-124.14552,40.90426],[-124.14496,40.90628],[-124.14286,40.91084],[-124.14239,40.91303],[-124.13959,40.91883],[-124.13863,40.92264],[-124.13725,40.92545],[-124.13666,40.92805],[-124.13542,40.93071],[-124.13376,40.93691],[-124.13209,40.94138],[-124.13156,40.94433],[-124.13032,40.94676],[-124.12977,40.94931],[-124.12854,40.95191],[-124.12729,40.95664],[-124.12584,40.96021],[-124.12502,40.96569],[-124.12362,40.96964],[-124.12266,40.9747],[-124.11993,40.98534],[-124.11998,40.98644],[-124.11913,40.98778],[-124.11812,40.98852],[-124.11906,40.98914],[-124.1192,40.98988],[-124.11846,40.99325],[-124.11776,40.99482],[-124.11826,40.99556],[-124.11737,40.99609],[-124.11718,40.997],[-124.11659,40.99781],[-124.11658,40.99983],[-124.11548,41.00148],[-124.11606,41.00227],[-124.11563,41.0037],[-124.11595,41.00479],[-124.1149,41.00728],[-124.11524,41.00857],[-124.11419,41.01357],[-124.11421,41.01555],[-124.11384,41.01643],[-124.11431,41.01707],[-124.11351,41.02319],[-124.11349,41.02577],[-124.1126,41.02824],[-124.11338,41.02971],[-124.11276,41.03068],[-124.11339,41.03164],[-124.11529,41.03163],[-124.11566,41.03215],[-124.116,41.03178],[-124.11636,41.032],[-124.11675,41.0339],[-124.11723,41.03407],[-124.11792,41.03529],[-124.11886,41.03567],[-124.11957,41.03639],[-124.11933,41.03866],[-124.12056,41.03885],[-124.12078,41.03932],[-124.12131,41.03937],[-124.12125,41.03965],[-124.12186,41.03993],[-124.12095,41.03986],[-124.12099,41.04084],[-124.12144,41.041],[-124.12047,41.04121],[-124.12033,41.04193],[-124.12102,41.04252],[-124.12163,41.04245],[-124.12104,41.04285],[-124.12177,41.04371],[-124.12355,41.0446],[-124.12327,41.04481],[-124.12445,41.04659],[-124.12549,41.04651],[-124.12579,41.04701],[-124.12512,41.04753],[-124.12532,41.04779],[-124.12508,41.0481],[-124.12551,41.04875],[-124.12618,41.04926],[-124.12778,41.04935],[-124.12785,41.0497],[-124.12866,41.05012],[-124.12871,41.05078],[-124.12962,41.05164],[-124.1305,41.05165],[-124.13114,41.05206],[-124.13152,41.05189],[-124.13301,41.05259],[-124.13311,41.05345],[-124.13415,41.05354],[-124.13496,41.05511],[-124.13673,41.0552],[-124.13713,41.05561],[-124.14066,41.05692],[-124.14432,41.05739],[-124.14503,41.05692],[-124.14551,41.05723],[-124.14614,41.05715],[-124.14671,41.05664],[-124.14635,41.05574],[-124.14772,41.05625],[-124.14861,41.05597],[-124.1478,41.05494],[-124.14722,41.05321],[-124.148,41.05217],[-124.15023,41.05083],[-124.15262,41.05257],[-124.15258,41.05341],[-124.1533,41.05378],[-124.1531,41.05476],[-124.15281,41.05482],[-124.15267,41.05637],[-124.15213,41.05676],[-124.15226,41.05709],[-124.15055,41.05688],[-124.15012,41.05733],[-124.14879,41.05977],[-124.14894,41.06031],[-124.14858,41.0606],[-124.14842,41.06149],[-124.14913,41.0621],[-124.1491,41.06251],[-124.14962,41.06316],[-124.15118,41.06398],[-124.15124,41.06426],[-124.15083,41.06438],[-124.1516,41.06491],[-124.15044,41.065],[-124.15025,41.06573],[-124.15134,41.06721],[-124.15406,41.06808],[-124.1548,41.06693],[-124.15634,41.06656],[-124.15684,41.06701],[-124.15596,41.06748],[-124.15676,41.06762],[-124.15713,41.06807],[-124.15737,41.06777],[-124.1583,41.06779],[-124.15857,41.06799],[-124.15844,41.06885],[-124.15907,41.06896],[-124.15907,41.06932],[-124.15969,41.06936],[-124.1589,41.06992],[-124.15774,41.0701],[-124.15758,41.07052],[-124.1581,41.07139],[-124.1593,41.0719],[-124.1593,41.07225],[-124.15963,41.07235],[-124.15871,41.07279],[-124.15931,41.07303],[-124.15888,41.07322],[-124.15955,41.07353],[-124.15964,41.07388],[-124.15794,41.07446],[-124.15802,41.07501],[-124.15756,41.07498],[-124.15771,41.0753],[-124.15707,41.07511],[-124.15668,41.07545],[-124.1567,41.07581],[-124.15755,41.07643],[-124.15669,41.07635],[-124.15522,41.07742],[-124.15539,41.07776],[-124.1561,41.07795],[-124.15565,41.07813],[-124.15603,41.08037],[-124.1579,41.08122],[-124.15741,41.08157],[-124.15668,41.08121],[-124.15617,41.08185],[-124.15627,41.08233],[-124.15591,41.08277],[-124.15646,41.08361],[-124.15607,41.08401],[-124.1562,41.08437],[-124.15663,41.08468],[-124.15726,41.08449],[-124.15727,41.08491],[-124.15783,41.08518],[-124.15842,41.08467],[-124.15901,41.08482],[-124.15965,41.08571],[-124.15843,41.08587],[-124.15788,41.08646],[-124.15652,41.08572],[-124.1543,41.08712],[-124.15478,41.08847],[-124.15633,41.08897],[-124.15563,41.0896],[-124.1556,41.09056],[-124.15755,41.09167],[-124.15821,41.0931],[-124.1583,41.09445],[-124.15963,41.09602],[-124.15946,41.09771],[-124.1604,41.09846],[-124.16095,41.09823],[-124.161,41.09863],[-124.16039,41.09866],[-124.16024,41.09918],[-124.16165,41.09992],[-124.16248,41.10086],[-124.16367,41.10057],[-124.16385,41.10091],[-124.16401,41.1006],[-124.16443,41.10121],[-124.16355,41.10158],[-124.16274,41.10136],[-124.16247,41.10254],[-124.1604,41.10429],[-124.16139,41.10587],[-124.16112,41.10679],[-124.16194,41.10906],[-124.16129,41.11029],[-124.15993,41.1111],[-124.15959,41.11184],[-124.15976,41.11377],[-124.15928,41.11709],[-124.1598,41.11795],[-124.16039,41.11815],[-124.16001,41.11838],[-124.16041,41.11875],[-124.1601,41.1188],[-124.16016,41.11907],[-124.16074,41.11957],[-124.16051,41.12001],[-124.15956,41.12015],[-124.15881,41.12121],[-124.15963,41.12385],[-124.16109,41.12486],[-124.16259,41.12742],[-124.16543,41.12961],[-124.16533,41.13014],[-124.16383,41.13064],[-124.16224,41.13208],[-124.16189,41.13286],[-124.16101,41.13279],[-124.16057,41.13333],[-124.16187,41.13388],[-124.16235,41.1344],[-124.16243,41.135],[-124.16166,41.13539],[-124.16208,41.13656],[-124.16397,41.13844],[-124.16502,41.13869],[-124.1632,41.13897],[-124.16221,41.14019],[-124.16176,41.14029],[-124.1619,41.14059],[-124.16165,41.14077],[-124.16206,41.14107],[-124.16169,41.14134],[-124.16187,41.14146],[-124.16095,41.1415],[-124.16055,41.14224],[-124.15989,41.14215],[-124.15845,41.14305],[-124.15677,41.14257],[-124.15602,41.14197],[-124.15522,41.14197],[-124.15472,41.14154],[-124.15322,41.14139],[-124.1529,41.1409],[-124.15077,41.14112],[-124.1487,41.14049],[-124.14703,41.14079],[-124.14487,41.14198],[-124.1428,41.14405],[-124.14087,41.14672],[-124.13885,41.15092],[-124.13817,41.15333],[-124.13643,41.15661],[-124.13295,41.16595],[-124.12779,41.17689],[-124.12583,41.18228],[-124.12274,41.1886],[-124.11598,41.20618],[-124.11503,41.20959],[-124.11358,41.21281],[-124.11312,41.21496],[-124.11222,41.21606],[-124.11227,41.217],[-124.11082,41.21972],[-124.11098,41.22014],[-124.11027,41.2207],[-124.10982,41.22273],[-124.10845,41.22471],[-124.1084,41.22706],[-124.10727,41.22928],[-124.10663,41.23153],[-124.10659,41.23306],[-124.10746,41.23536],[-124.10838,41.23567],[-124.10902,41.23635],[-124.10902,41.23674],[-124.10763,41.23699],[-124.10681,41.23811],[-124.10567,41.24255],[-124.10409,41.24657],[-124.10364,41.24949],[-124.10263,41.25099],[-124.10251,41.25218],[-124.10147,41.25426],[-124.10135,41.25612],[-124.09994,41.25892],[-124.09995,41.2604],[-124.09877,41.26434],[-124.09998,41.26612],[-124.09896,41.26655],[-124.09785,41.26931],[-124.09569,41.27796],[-124.09406,41.28233],[-124.09287,41.28785],[-124.0922,41.28934],[-124.09233,41.29031],[-124.09155,41.29488],[-124.09167,41.29604],[-124.09145,41.29608],[-124.09177,41.29639],[-124.09112,41.29717],[-124.09098,41.29869],[-124.08946,41.30366],[-124.08788,41.30755],[-124.08808,41.30813],[-124.08769,41.309],[-124.08776,41.31243],[-124.08695,41.31399],[-124.08574,41.31907],[-124.08526,41.31969],[-124.08487,41.32121],[-124.08609,41.32204],[-124.08619,41.32259],[-124.0849,41.32362],[-124.08391,41.32798],[-124.08409,41.32862],[-124.08195,41.33391],[-124.08202,41.33657],[-124.08093,41.33833],[-124.08095,41.34008],[-124.08007,41.34147],[-124.0801,41.34295],[-124.07971,41.34336],[-124.0794,41.34538],[-124.07895,41.34626],[-124.07837,41.34638],[-124.07903,41.34678],[-124.07776,41.35168],[-124.07765,41.35472],[-124.07636,41.35814],[-124.07633,41.36007],[-124.07541,41.36198],[-124.07501,41.36662],[-124.07417,41.3682],[-124.07381,41.37265],[-124.07277,41.37654],[-124.0729,41.37761],[-124.07237,41.37921],[-124.0719,41.38383],[-124.0713,41.3854],[-124.07168,41.38705],[-124.07073,41.39171],[-124.07048,41.39454],[-124.07072,41.39525],[-124.07022,41.39657],[-124.07034,41.39797],[-124.06977,41.40071],[-124.06999,41.40235],[-124.06965,41.40309],[-124.06958,41.40479],[-124.06898,41.40581],[-124.06916,41.40872],[-124.06842,41.41034],[-124.0687,41.41204],[-124.06811,41.41344],[-124.06719,41.42084],[-124.06725,41.42442],[-124.06671,41.42724],[-124.06627,41.43598],[-124.06663,41.43826],[-124.06594,41.44557],[-124.06618,41.44783],[-124.06594,41.45036],[-124.06626,41.45124],[-124.06569,41.45292],[-124.06631,41.45732],[-124.06681,41.45887],[-124.06606,41.4614],[-124.06624,41.46456],[-124.06681,41.47137],[-124.06822,41.47474],[-124.06813,41.4754],[-124.06875,41.47567],[-124.06856,41.47581],[-124.06878,41.47616],[-124.06833,41.47656],[-124.06836,41.47835],[-124.06866,41.47922],[-124.06944,41.47964],[-124.06913,41.47971],[-124.0695,41.47991],[-124.06916,41.48014],[-124.06938,41.48147],[-124.0704,41.48216],[-124.07044,41.48281],[-124.07159,41.4844],[-124.07134,41.48452],[-124.07136,41.48556],[-124.07187,41.48602],[-124.0715,41.48616],[-124.07152,41.48794],[-124.07234,41.48846],[-124.0716,41.48836],[-124.07181,41.4896],[-124.07262,41.49057],[-124.07308,41.49193],[-124.07389,41.49264],[-124.07473,41.49275],[-124.07457,41.4929],[-124.07491,41.49311],[-124.07458,41.49352],[-124.07526,41.49367],[-124.07494,41.49379],[-124.07541,41.49462],[-124.07475,41.49806],[-124.07482,41.49877],[-124.0756,41.49916],[-124.07516,41.49938],[-124.07516,41.49977],[-124.07562,41.5018],[-124.0768,41.50201],[-124.07659,41.50222],[-124.07687,41.50241],[-124.07657,41.50247],[-124.07708,41.50281],[-124.07673,41.50306],[-124.07714,41.50588],[-124.07792,41.5065],[-124.07778,41.50681],[-124.07804,41.50706],[-124.07886,41.50717],[-124.07837,41.50752],[-124.07902,41.508],[-124.07883,41.50838],[-124.08034,41.50889],[-124.08015,41.50911],[-124.08069,41.50953],[-124.0805,41.50968],[-124.08106,41.50987],[-124.08092,41.51029],[-124.0813,41.51027],[-124.0809,41.51056],[-124.0812,41.51079],[-124.0809,41.51164],[-124.08103,41.51441],[-124.0812,41.51501],[-124.08189,41.51534],[-124.08168,41.51556],[-124.08195,41.51597],[-124.08157,41.51608],[-124.08175,41.51673],[-124.08145,41.51768],[-124.08168,41.51824],[-124.08123,41.51906],[-124.0812,41.52063],[-124.08146,41.52107],[-124.08122,41.52135],[-124.08156,41.52171],[-124.08159,41.52291],[-124.0819,41.52339],[-124.08243,41.52347],[-124.08261,41.52423],[-124.08301,41.52402],[-124.08323,41.5243],[-124.08447,41.52445],[-124.08401,41.52504],[-124.08311,41.52467],[-124.08236,41.52518],[-124.08268,41.52727],[-124.08237,41.52839],[-124.08247,41.52971],[-124.08208,41.53053],[-124.08209,41.53321],[-124.08106,41.54193],[-124.08123,41.54479],[-124.08203,41.54624],[-124.08246,41.5464],[-124.08191,41.54644],[-124.0828,41.54823],[-124.08434,41.54937],[-124.08492,41.54941],[-124.08543,41.55012],[-124.0865,41.55048],[-124.08699,41.551],[-124.08858,41.55132],[-124.08909,41.55106],[-124.0889,41.55132],[-124.08936,41.55148],[-124.09044,41.55295],[-124.09245,41.55308],[-124.09225,41.55339],[-124.09295,41.55452],[-124.09386,41.555],[-124.09347,41.55609],[-124.09446,41.55788],[-124.09513,41.55808],[-124.0953,41.55964],[-124.09688,41.56024],[-124.09654,41.56049],[-124.09676,41.56063],[-124.09572,41.5611],[-124.09597,41.56225],[-124.09626,41.56231],[-124.0959,41.56244],[-124.09611,41.56302],[-124.09756,41.56387],[-124.09897,41.56376],[-124.09864,41.56419],[-124.09891,41.56497],[-124.0983,41.56539],[-124.09859,41.5656],[-124.09787,41.56581],[-124.09848,41.56574],[-124.09822,41.56596],[-124.09854,41.56637],[-124.09997,41.56706],[-124.10171,41.57054],[-124.1011,41.57221],[-124.10228,41.57398],[-124.10119,41.57523],[-124.1015,41.57604],[-124.10061,41.57628],[-124.10064,41.57655],[-124.1001,41.57646],[-124.09989,41.577],[-124.10062,41.57797],[-124.10117,41.5779],[-124.10115,41.57828],[-124.10191,41.57846],[-124.1022,41.57911],[-124.10196,41.57957],[-124.10042,41.58053],[-124.09874,41.58266],[-124.09873,41.58332],[-124.09767,41.58383],[-124.09747,41.58445],[-124.0982,41.5869],[-124.09954,41.58826],[-124.10136,41.58909],[-124.10072,41.59008],[-124.10077,41.59053],[-124.10219,41.59114],[-124.10363,41.59224],[-124.10373,41.59295],[-124.10501,41.59439],[-124.10301,41.59526],[-124.10128,41.59765],[-124.10047,41.60191],[-124.10166,41.60366],[-124.10097,41.60439],[-124.10201,41.60436],[-124.10367,41.6056],[-124.10511,41.60589],[-124.10562,41.60656],[-124.10488,41.60715],[-124.10543,41.60838],[-124.10698,41.60934],[-124.10765,41.6096],[-124.10798,41.60942],[-124.10804,41.60969],[-124.10762,41.60985],[-124.10847,41.61044],[-124.11057,41.6134],[-124.11171,41.61439],[-124.11335,41.61535],[-124.11509,41.61505],[-124.1157,41.61553],[-124.11535,41.61584],[-124.11556,41.61604],[-124.11532,41.61666],[-124.11465,41.61678],[-124.11441,41.61718],[-124.11363,41.61715],[-124.11344,41.61755],[-124.11461,41.61875],[-124.11449,41.61904],[-124.11494,41.61904],[-124.11458,41.61966],[-124.11468,41.62018],[-124.11529,41.62019],[-124.11571,41.62071],[-124.11555,41.62175],[-124.11586,41.62218],[-124.11552,41.62252],[-124.11527,41.62492],[-124.11593,41.62865],[-124.11651,41.63024],[-124.11932,41.6335],[-124.11928,41.63742],[-124.12026,41.64106],[-124.12266,41.64342],[-124.12385,41.64583],[-124.12557,41.64678],[-124.12615,41.64753],[-124.12735,41.65079],[-124.12933,41.65264],[-124.12915,41.65287],[-124.13004,41.65295],[-124.13506,41.65658],[-124.13553,41.65738],[-124.13493,41.65888],[-124.13525,41.66063],[-124.13508,41.662],[-124.13635,41.66387],[-124.13664,41.6653],[-124.13861,41.66699],[-124.13849,41.66833],[-124.13798,41.6694],[-124.138,41.67053],[-124.13908,41.67172],[-124.14043,41.67154],[-124.14026,41.67189],[-124.14125,41.67203],[-124.14124,41.67257],[-124.14229,41.67246],[-124.14202,41.67258],[-124.14225,41.67289],[-124.14112,41.67294],[-124.13933,41.67409],[-124.13912,41.67457],[-124.13948,41.6748],[-124.13936,41.67524],[-124.13806,41.67657],[-124.13812,41.67979],[-124.13857,41.68085],[-124.1409,41.68245],[-124.14086,41.68342],[-124.13988,41.68419],[-124.14004,41.68519],[-124.14198,41.68604],[-124.1426,41.68694],[-124.1439,41.6871],[-124.1436,41.6874],[-124.1439,41.68748],[-124.14338,41.68752],[-124.14364,41.68794],[-124.14299,41.68791],[-124.14312,41.68807],[-124.14266,41.68828],[-124.14287,41.68839],[-124.14257,41.68838],[-124.14153,41.68962],[-124.14187,41.69033],[-124.14315,41.69049],[-124.14334,41.6911],[-124.14194,41.69264],[-124.14189,41.6944],[-124.14269,41.69513],[-124.14395,41.69508],[-124.14345,41.69528],[-124.14389,41.69564],[-124.14317,41.69584],[-124.14328,41.69625],[-124.14376,41.69617],[-124.14354,41.69638],[-124.14377,41.69652],[-124.14334,41.69669],[-124.14287,41.69633],[-124.14226,41.69636],[-124.14157,41.69826],[-124.14183,41.6998],[-124.14219,41.69965],[-124.14327,41.70279],[-124.1438,41.70572],[-124.14481,41.70648],[-124.14472,41.70729],[-124.14367,41.70817],[-124.14333,41.70909],[-124.14497,41.71256],[-124.14495,41.71343],[-124.14578,41.71456],[-124.14803,41.71965],[-124.15141,41.72438],[-124.15153,41.72518],[-124.15118,41.72565],[-124.1525,41.72618],[-124.15491,41.72975],[-124.16089,41.73678],[-124.16367,41.7393],[-124.16392,41.74012],[-124.16549,41.74058],[-124.16904,41.74297],[-124.1725,41.74432],[-124.17703,41.74518],[-124.17744,41.74551],[-124.17793,41.74497],[-124.17897,41.74512],[-124.17986,41.74471],[-124.1826,41.74597],[-124.18322,41.74563],[-124.184,41.74593],[-124.18416,41.74611],[-124.18348,41.74668],[-124.18408,41.74719],[-124.18215,41.74867],[-124.18397,41.75004],[-124.18628,41.74836],[-124.18669,41.74923],[-124.18838,41.7497],[-124.19293,41.74984],[-124.19854,41.74641],[-124.19961,41.7465],[-124.19901,41.7448],[-124.19979,41.74468],[-124.20044,41.74538],[-124.20116,41.74542],[-124.20177,41.74495],[-124.20208,41.74402],[-124.20347,41.74368],[-124.20362,41.74439],[-124.20185,41.7453],[-124.20247,41.74601],[-124.20357,41.74601],[-124.20322,41.7465],[-124.20376,41.74712],[-124.20583,41.74777],[-124.20838,41.74936],[-124.21037,41.74986],[-124.21237,41.74994],[-124.21228,41.7508],[-124.21361,41.75143],[-124.2148,41.75111],[-124.2152,41.75048],[-124.2166,41.75093],[-124.21682,41.75171],[-124.21538,41.75203],[-124.21488,41.75254],[-124.21582,41.75424],[-124.21777,41.75496],[-124.21825,41.7548],[-124.21856,41.75523],[-124.22069,41.75542],[-124.2215,41.75642],[-124.22219,41.7562],[-124.22218,41.75678],[-124.2225,41.75704],[-124.22207,41.75776],[-124.22213,41.75854],[-124.22335,41.76016],[-124.22544,41.76168],[-124.22778,41.76266],[-124.23031,41.76426],[-124.231,41.76485],[-124.23107,41.76539],[-124.23228,41.76575],[-124.23511,41.76762],[-124.23617,41.76796],[-124.2378,41.76983],[-124.24035,41.77162],[-124.24187,41.77222],[-124.24347,41.77239],[-124.24504,41.77195],[-124.24535,41.77108],[-124.24636,41.77048],[-124.24771,41.7707],[-124.24822,41.77141],[-124.24893,41.77173],[-124.24981,41.7717],[-124.25005,41.77123],[-124.25181,41.77013],[-124.25227,41.77022],[-124.25204,41.77005],[-124.2534,41.77021],[-124.25426,41.77073],[-124.25399,41.77117],[-124.25314,41.77129],[-124.25172,41.77092],[-124.25126,41.77116],[-124.25145,41.77207],[-124.25112,41.77234],[-124.24883,41.77215],[-124.24837,41.77237],[-124.24815,41.77301],[-124.24844,41.77411],[-124.24907,41.77466],[-124.25064,41.77454],[-124.25027,41.77496],[-124.2509,41.77513],[-124.25011,41.77579],[-124.25024,41.77624],[-124.25266,41.77797],[-124.25486,41.77838],[-124.25512,41.77902],[-124.25423,41.77953],[-124.25434,41.78012],[-124.25361,41.7804],[-124.25437,41.78123],[-124.25548,41.7809],[-124.25561,41.78135],[-124.25619,41.78163],[-124.25509,41.78202],[-124.25637,41.78237],[-124.25569,41.78257],[-124.25586,41.783],[-124.25533,41.78338],[-124.25515,41.78409],[-124.2553,41.78468],[-124.25452,41.78539],[-124.25162,41.78585],[-124.24865,41.78766],[-124.24489,41.79121],[-124.24311,41.79326],[-124.24244,41.79465],[-124.24167,41.79526],[-124.2407,41.79761],[-124.23896,41.80049],[-124.2388,41.80141],[-124.23651,41.80483],[-124.23327,41.81149],[-124.22598,41.82897],[-124.22531,41.82938],[-124.22575,41.82998],[-124.22437,41.83162],[-124.22416,41.83308],[-124.22162,41.83929],[-124.22054,41.84357],[-124.21865,41.84859],[-124.21842,41.85046],[-124.21693,41.85445],[-124.21589,41.85958],[-124.2152,41.86116],[-124.21512,41.86271],[-124.21367,41.8682],[-124.21251,41.87077],[-124.21012,41.88347],[-124.20936,41.88597],[-124.20914,41.8894],[-124.20884,41.88962],[-124.20815,41.89215],[-124.20794,41.89584],[-124.20741,41.89806],[-124.20754,41.90011],[-124.20713,41.9009],[-124.20707,41.90405],[-124.2064,41.90809],[-124.20631,41.90934],[-124.20656,41.9098],[-124.20628,41.91255],[-124.20569,41.91463],[-124.20554,41.91741],[-124.20577,41.91904],[-124.20498,41.92313],[-124.20488,41.92556],[-124.20564,41.93032],[-124.20527,41.93546],[-124.20493,41.93595],[-124.20478,41.94052],[-124.20537,41.94316],[-124.20512,41.94457],[-124.20539,41.94608],[-124.20649,41.94674],[-124.20695,41.94648],[-124.20717,41.94679],[-124.20806,41.94658],[-124.20792,41.9476],[-124.20855,41.94917],[-124.21037,41.95006],[-124.21055,41.95128],[-124.20903,41.9528],[-124.20905,41.95333],[-124.21009,41.95363],[-124.21023,41.95413],[-124.20936,41.95408],[-124.20801,41.95505],[-124.20821,41.95651],[-124.20693,41.9592],[-124.20699,41.96075],[-124.20651,41.96209],[-124.20575,41.96815],[-124.20579,41.96967],[-124.20622,41.97072],[-124.20581,41.97227],[-124.20609,41.97343],[-124.20547,41.97395],[-124.20585,41.97478],[-124.20581,41.97613],[-124.20514,41.98084],[-124.20481,41.98141],[-124.20541,41.98278],[-124.2065,41.98738],[-124.20847,41.98858],[-124.20929,41.99003],[-124.21075,41.99683],[-124.21165,41.99847],[-124.17626,41.99815],[-124.13817,41.99737],[-124.0556,41.99685],[-124.0012,41.99617],[-123.85726,41.99623],[-123.8342,41.99605],[-123.81842,41.99523],[-123.81009,41.99516],[-123.77288,41.99599],[-123.7281,41.99706],[-123.6571,41.99523],[-123.62388,41.99997],[-123.56544,42.00094],[-123.51783,42.00077],[-123.52035,41.99806],[-123.52032,41.9964],[-123.5197,41.99538],[-123.52514,41.99318],[-123.52825,41.99254],[-123.53016,41.99144],[-123.53456,41.99079],[-123.53904,41.98793],[-123.54072,41.98599],[-123.54079,41.98467],[-123.53796,41.98251],[-123.53807,41.97943],[-123.53667,41.97824],[-123.53629,41.97717],[-123.53574,41.97412],[-123.53717,41.97029],[-123.53639,41.96865],[-123.53528,41.96769],[-123.53377,41.9654],[-123.53382,41.96463],[-123.53272,41.9606],[-123.53356,41.95676],[-123.5332,41.95504],[-123.53594,41.95241],[-123.53704,41.95092],[-123.53916,41.94915],[-123.54156,41.94497],[-123.54463,41.94233],[-123.54475,41.94161],[-123.54412,41.94034],[-123.5443,41.93994],[-123.54545,41.93914],[-123.54777,41.93851],[-123.54769,41.93558],[-123.5489,41.9333],[-123.55038,41.9321],[-123.55445,41.9301],[-123.55331,41.92749],[-123.5546,41.92523],[-123.55485,41.92147],[-123.55474,41.9184],[-123.55366,41.91618],[-123.55354,41.91466],[-123.55407,41.91368],[-123.55696,41.91132],[-123.55857,41.90832],[-123.55937,41.90607],[-123.56225,41.90495],[-123.56332,41.90393],[-123.56518,41.90318],[-123.56878,41.90335],[-123.5714,41.90411],[-123.57384,41.90426],[-123.5778,41.90302],[-123.58127,41.90415],[-123.58639,41.90448],[-123.59228,41.9053],[-123.5929,41.90551],[-123.59359,41.90632],[-123.59372,41.90537],[-123.59512,41.90269],[-123.59653,41.90119],[-123.59852,41.90018],[-123.59955,41.89861],[-123.59937,41.89755],[-123.5974,41.8943],[-123.59829,41.89361],[-123.59917,41.89208],[-123.60161,41.89095],[-123.60254,41.88959],[-123.6049,41.88797],[-123.60424,41.8853],[-123.60532,41.88161],[-123.60654,41.88068],[-123.60939,41.88107],[-123.613,41.88086],[-123.61702,41.88187],[-123.61951,41.88303],[-123.62164,41.88457],[-123.62438,41.88845],[-123.63277,41.88801],[-123.63581,41.88757],[-123.63737,41.88798],[-123.6394,41.89039],[-123.64098,41.89027],[-123.64272,41.88958],[-123.64308,41.889],[-123.6431,41.8872],[-123.64435,41.88609],[-123.64511,41.88375],[-123.64987,41.88133],[-123.65114,41.87973],[-123.65244,41.87889],[-123.65057,41.87814],[-123.6481,41.87785],[-123.64711,41.8773],[-123.64661,41.87661],[-123.64982,41.87485],[-123.65169,41.87314],[-123.65168,41.87259],[-123.65036,41.87093],[-123.65124,41.86892],[-123.65152,41.86699],[-123.65261,41.86511],[-123.65164,41.86189],[-123.65084,41.86091],[-123.64972,41.86059],[-123.64975,41.86034],[-123.65116,41.85939],[-123.6563,41.85737],[-123.66208,41.85624],[-123.66288,41.85437],[-123.66291,41.85218],[-123.66468,41.85113],[-123.66532,41.8499],[-123.6669,41.8487],[-123.66819,41.84695],[-123.67124,41.84485],[-123.67093,41.84369],[-123.67126,41.8414],[-123.67067,41.83971],[-123.67117,41.8352],[-123.67209,41.83486],[-123.6735,41.83496],[-123.67518,41.83552],[-123.67671,41.83679],[-123.6831,41.83703],[-123.68352,41.83637],[-123.68477,41.83592],[-123.689,41.83592],[-123.6934,41.83487],[-123.69486,41.83423],[-123.69777,41.8319],[-123.7039,41.82927],[-123.70213,41.82598],[-123.70218,41.82309],[-123.70326,41.81986],[-123.69986,41.81703],[-123.6968,41.81708],[-123.69567,41.81659],[-123.69456,41.81556],[-123.69406,41.81486],[-123.69354,41.81252],[-123.69267,41.81117],[-123.69124,41.81005],[-123.69225,41.80891],[-123.69225,41.8084],[-123.69038,41.80607],[-123.68991,41.80464],[-123.69001,41.80311],[-123.68887,41.80182],[-123.68758,41.80138],[-123.68605,41.80017],[-123.68489,41.79989],[-123.68251,41.80015],[-123.6811,41.80076],[-123.68098,41.80002],[-123.68025,41.79943],[-123.676,41.79846],[-123.6752,41.79715],[-123.67416,41.79702],[-123.6735,41.79597],[-123.67228,41.79577],[-123.67333,41.79477],[-123.67428,41.79189],[-123.676,41.78952],[-123.67572,41.78864],[-123.67433,41.78681],[-123.67456,41.78602],[-123.67626,41.78503],[-123.68123,41.78502],[-123.68395,41.78449],[-123.68597,41.78344],[-123.68788,41.78122],[-123.68798,41.78028],[-123.68762,41.779],[-123.68588,41.77569],[-123.68546,41.77276],[-123.68392,41.76997],[-123.68354,41.76636],[-123.6827,41.76522],[-123.68277,41.76366],[-123.68216,41.76129],[-123.6831,41.75846],[-123.68301,41.75805],[-123.68164,41.7571],[-123.68232,41.75539],[-123.68249,41.75349],[-123.68216,41.7521],[-123.67885,41.74651],[-123.67878,41.7455],[-123.67982,41.74263],[-123.6786,41.73926],[-123.67487,41.73655],[-123.67385,41.73424],[-123.66878,41.7322],[-123.66702,41.73241],[-123.66656,41.73216],[-123.66659,41.7297],[-123.66623,41.72877],[-123.66541,41.72816],[-123.66421,41.72788],[-123.66244,41.72658],[-123.66166,41.72535],[-123.66135,41.72434],[-123.66145,41.72281],[-123.66025,41.72057],[-123.66077,41.71708],[-123.6603,41.71465],[-123.66239,41.71126],[-123.66746,41.70706],[-123.66911,41.70624],[-123.66956,41.7053],[-123.66956,41.70365],[-123.67024,41.70176],[-123.67003,41.70072],[-123.67039,41.69934],[-123.66748,41.69642],[-123.66369,41.69469],[-123.66315,41.69411],[-123.66315,41.6935],[-123.66548,41.69194],[-123.66751,41.69147],[-123.66928,41.69027],[-123.66992,41.68864],[-123.67449,41.68416],[-123.67506,41.68241],[-123.6759,41.68152],[-123.67742,41.68069],[-123.67992,41.68007],[-123.68395,41.67671],[-123.6852,41.67605],[-123.68645,41.67393],[-123.68689,41.67125],[-123.6897,41.66902],[-123.68956,41.66676],[-123.68892,41.66549],[-123.68921,41.66293],[-123.68843,41.65998],[-123.6877,41.65957],[-123.68633,41.65966],[-123.68569,41.6601],[-123.68539,41.65987],[-123.68814,41.65743],[-123.68845,41.65357],[-123.68815,41.65106],[-123.68676,41.64805],[-123.68557,41.64672],[-123.68465,41.64239],[-123.6802,41.63721],[-123.68051,41.63406],[-123.68558,41.63448],[-123.68765,41.63423],[-123.69131,41.63445],[-123.6968,41.63346],[-123.69828,41.63137],[-123.69808,41.63066],[-123.6965,41.62892],[-123.69748,41.62733],[-123.69755,41.62668],[-123.69855,41.62584],[-123.70055,41.62566],[-123.701,41.62438],[-123.7044,41.62276],[-123.70607,41.62116],[-123.70744,41.61736],[-123.7081,41.61667],[-123.71069,41.61561],[-123.711,41.61437],[-123.71185,41.61355],[-123.71169,41.61201],[-123.71194,41.61089],[-123.7115,41.60881],[-123.71348,41.60728],[-123.71617,41.60658],[-123.71623,41.60536],[-123.71729,41.60368],[-123.71755,41.60222],[-123.71876,41.59963],[-123.71852,41.59813],[-123.71923,41.59545],[-123.71598,41.59127],[-123.71473,41.592],[-123.71275,41.59208],[-123.71166,41.59375],[-123.70864,41.59428],[-123.70626,41.59566],[-123.70216,41.59527],[-123.69871,41.59568],[-123.69918,41.59484],[-123.69888,41.59417],[-123.69916,41.59306],[-123.69848,41.59256],[-123.69814,41.59131],[-123.69713,41.5909],[-123.69416,41.59165],[-123.69314,41.59245],[-123.69077,41.59307],[-123.6876,41.59458],[-123.6823,41.59477],[-123.68364,41.59205],[-123.68143,41.58683],[-123.68279,41.58606],[-123.68397,41.58617],[-123.68529,41.58545],[-123.68657,41.58576],[-123.68756,41.58533],[-123.68834,41.58463],[-123.68918,41.58186],[-123.68834,41.57993],[-123.68553,41.57779],[-123.68558,41.5767],[-123.68501,41.57583],[-123.68475,41.57434],[-123.68173,41.57167],[-123.68406,41.57022],[-123.68383,41.56882],[-123.68715,41.56749],[-123.68754,41.56707],[-123.68817,41.56434],[-123.68921,41.56255],[-123.68876,41.56173],[-123.68925,41.56085],[-123.69411,41.55675],[-123.6926,41.55298],[-123.69395,41.55179],[-123.69131,41.55244],[-123.69015,41.55211],[-123.68949,41.54945],[-123.68746,41.54853],[-123.68647,41.54744],[-123.68598,41.54559],[-123.68438,41.54398],[-123.68272,41.54301],[-123.68161,41.54363],[-123.67958,41.54404],[-123.67657,41.54416],[-123.67395,41.54345],[-123.67004,41.54406],[-123.66959,41.54373],[-123.66947,41.54273],[-123.669,41.54228],[-123.66728,41.54228],[-123.66574,41.54141],[-123.66279,41.54109],[-123.65761,41.53886],[-123.65553,41.53868],[-123.65275,41.53933],[-123.65055,41.53776],[-123.64833,41.53533],[-123.64839,41.53393],[-123.64694,41.53225],[-123.64692,41.52931],[-123.64629,41.52749],[-123.64438,41.52409],[-123.64265,41.52271],[-123.6452,41.52075],[-123.64581,41.51877],[-123.6456,41.51827],[-123.64615,41.51523],[-123.64621,41.51251],[-123.64536,41.51156],[-123.64437,41.50951],[-123.64082,41.50757],[-123.6406,41.50553],[-123.64093,41.50371],[-123.63959,41.50007],[-123.63938,41.49722],[-123.63888,41.49593],[-123.63648,41.49211],[-123.63635,41.48895],[-123.63489,41.48583],[-123.63558,41.48385],[-123.6381,41.48219],[-123.63581,41.48094],[-123.63371,41.47835],[-123.63088,41.47693],[-123.63164,41.4745],[-123.63275,41.47332],[-123.63098,41.47275],[-123.63008,41.47203],[-123.62697,41.46847],[-123.62667,41.46684],[-123.62459,41.46629],[-123.62301,41.46491],[-123.62095,41.46371],[-123.61707,41.46346],[-123.61483,41.46244],[-123.612,41.46202],[-123.61178,41.46165],[-123.61199,41.45918],[-123.61289,41.45677],[-123.61379,41.45623],[-123.61469,41.45337],[-123.61612,41.45279],[-123.61574,41.45214],[-123.61312,41.44997],[-123.61252,41.4487],[-123.61539,41.44625],[-123.61697,41.44351],[-123.61838,41.44247],[-123.61954,41.43849],[-123.62209,41.43442],[-123.62199,41.43238],[-123.62619,41.43109],[-123.62765,41.43093],[-123.63023,41.42995],[-123.63301,41.42837],[-123.63787,41.4279],[-123.63954,41.42688],[-123.64228,41.4259],[-123.64459,41.42446],[-123.64857,41.4208],[-123.64869,41.4204],[-123.64779,41.4192],[-123.64579,41.41845],[-123.64388,41.41722],[-123.64115,41.41454],[-123.64096,41.41277],[-123.63912,41.40992],[-123.63907,41.40684],[-123.64119,41.40519],[-123.64174,41.4044],[-123.64166,41.40007],[-123.64728,41.3977],[-123.65595,41.39525],[-123.65589,41.39364],[-123.65636,41.39161],[-123.65539,41.38944],[-123.65548,41.38832],[-123.65777,41.38639],[-123.66008,41.38532],[-123.66119,41.38337],[-123.66126,41.38201],[-123.77015,41.38081],[-123.62619,41.38223],[-123.49927,41.38242],[-123.50039,41.3812],[-123.50055,41.38043],[-123.49824,41.3789],[-123.49382,41.37753],[-123.49058,41.37813],[-123.48957,41.37782],[-123.48731,41.37658],[-123.48453,41.37295],[-123.48107,41.37197],[-123.47894,41.36954],[-123.47597,41.36772],[-123.47413,41.36604],[-123.47517,41.36424],[-123.47821,41.36083],[-123.47938,41.35599],[-123.48022,41.35512],[-123.48196,41.35453],[-123.48238,41.35368],[-123.48144,41.34845],[-123.47844,41.34023],[-123.47935,41.3371],[-123.47937,41.33389],[-123.47864,41.32964],[-123.47774,41.32789],[-123.47392,41.3262],[-123.47307,41.32448],[-123.47233,41.32144],[-123.46764,41.3196],[-123.46544,41.31975],[-123.46352,41.31775],[-123.46221,41.31462],[-123.46191,41.31274],[-123.45958,41.31011],[-123.45956,41.3084],[-123.46067,41.30587],[-123.46037,41.3043],[-123.45748,41.30082],[-123.45652,41.30017],[-123.45666,41.29879],[-123.45633,41.2977],[-123.45667,41.29648],[-123.45661,41.29491],[-123.45552,41.29284],[-123.45567,41.29232],[-123.45649,41.29076],[-123.45805,41.28989],[-123.45899,41.28861],[-123.46333,41.28642],[-123.46293,41.28465],[-123.46168,41.28228],[-123.45673,41.27967],[-123.45351,41.27897],[-123.45143,41.27756],[-123.45046,41.27747],[-123.44648,41.27574],[-123.44386,41.273],[-123.4445,41.27076],[-123.44446,41.26704],[-123.44342,41.26558],[-123.44372,41.26445],[-123.44365,41.26247],[-123.44218,41.26012],[-123.44203,41.25848],[-123.44284,41.25718],[-123.44234,41.25432],[-123.44266,41.25118],[-123.44313,41.24986],[-123.44536,41.24716],[-123.44714,41.2459],[-123.44943,41.24329],[-123.45202,41.24164],[-123.45368,41.23866],[-123.45511,41.23738],[-123.45505,41.23638],[-123.45331,41.23477],[-123.45152,41.23208],[-123.44948,41.23025],[-123.44199,41.22764],[-123.43805,41.2268],[-123.43738,41.2264],[-123.43605,41.22422],[-123.43429,41.22301],[-123.43427,41.22232],[-123.43644,41.21924],[-123.43667,41.21813],[-123.43521,41.21296],[-123.43457,41.21226],[-123.43277,41.21131],[-123.43196,41.21041],[-123.43036,41.20957],[-123.42983,41.208],[-123.42857,41.20586],[-123.42859,41.20444],[-123.42797,41.20371],[-123.42614,41.20236],[-123.42387,41.20162],[-123.42169,41.19843],[-123.41743,41.19732],[-123.41448,41.19331],[-123.41495,41.19087],[-123.41386,41.18933],[-123.41269,41.18571],[-123.41072,41.1838],[-123.41086,41.18224],[-123.40999,41.18078],[-123.40812,41.1801],[-123.40843,41.17873],[-123.40958,41.17711],[-123.41006,41.17578],[-123.41023,41.1712],[-123.4116,41.17015],[-123.41503,41.16856],[-123.41582,41.16696],[-123.41731,41.1653],[-123.41804,41.16508],[-123.41981,41.1655],[-123.42161,41.16655],[-123.42715,41.16438],[-123.42865,41.1634],[-123.43254,41.16277],[-123.43244,41.15942],[-123.43176,41.15737],[-123.4287,41.15267],[-123.4292,41.15074],[-123.43065,41.14914],[-123.43129,41.14774],[-123.42973,41.14597],[-123.42942,41.14515],[-123.43,41.14307],[-123.42922,41.14043],[-123.43009,41.13742],[-123.43033,41.13454],[-123.42946,41.13206],[-123.42964,41.13005],[-123.42893,41.12885],[-123.42828,41.12559],[-123.42968,41.12354],[-123.42953,41.12214],[-123.42982,41.12111],[-123.42914,41.1187],[-123.42929,41.11783],[-123.42996,41.11667],[-123.43159,41.11479],[-123.43278,41.11392],[-123.43458,41.11161],[-123.43464,41.10856],[-123.43701,41.10481],[-123.43699,41.10398],[-123.43572,41.10208],[-123.44011,41.09693],[-123.44113,41.09491],[-123.44113,41.0939],[-123.4396,41.0924],[-123.44203,41.09117],[-123.44283,41.09053],[-123.44322,41.08973],[-123.44628,41.08883],[-123.45113,41.08931],[-123.45397,41.09045],[-123.45654,41.0904],[-123.45769,41.09097],[-123.45911,41.09286],[-123.46073,41.09376],[-123.46291,41.09433],[-123.46389,41.09514],[-123.46467,41.09288],[-123.46295,41.09109],[-123.46269,41.09025],[-123.46173,41.08946],[-123.46121,41.08791],[-123.45848,41.08532],[-123.45844,41.08276],[-123.45988,41.08129],[-123.46229,41.07957],[-123.46393,41.07665],[-123.46328,41.07537],[-123.45947,41.07376],[-123.46039,41.07273],[-123.45982,41.07195],[-123.45968,41.07033],[-123.45856,41.06872],[-123.45712,41.06836],[-123.45288,41.06883],[-123.4483,41.0645],[-123.4469,41.06262],[-123.44389,41.06122],[-123.44277,41.06116],[-123.43808,41.06195],[-123.43691,41.06182],[-123.43614,41.06091],[-123.43459,41.06047],[-123.43318,41.06137],[-123.43243,41.06232],[-123.4304,41.06336],[-123.42885,41.06171],[-123.42331,41.05799],[-123.4246,41.05291],[-123.42279,41.0508],[-123.42412,41.04854],[-123.42344,41.0471],[-123.42388,41.04469],[-123.4236,41.04292],[-123.42294,41.0417],[-123.42037,41.03864],[-123.42053,41.03702],[-123.41956,41.0352],[-123.41831,41.03399],[-123.41381,41.03237],[-123.41163,41.03087],[-123.40905,41.03055],[-123.4065,41.03067],[-123.40839,41.02733],[-123.4089,41.02533],[-123.4085,41.02426],[-123.41046,41.0218],[-123.4106,41.02116],[-123.40844,41.01888],[-123.40734,41.01677],[-123.40712,41.01564],[-123.40629,41.01475],[-123.40576,41.01341],[-123.40685,41.01215],[-123.40937,41.0109],[-123.41171,41.01066],[-123.41277,41.0109],[-123.41462,41.01023],[-123.41906,41.01031],[-123.42049,41.00939],[-123.42215,41.00747],[-123.42247,41.00665],[-123.42535,41.00406],[-123.42552,41.00186],[-123.42811,41.0004],[-123.4282,40.99805],[-123.42694,40.99519],[-123.42701,40.99412],[-123.42808,40.99098],[-123.42815,40.98952],[-123.42765,40.98683],[-123.42952,40.98603],[-123.43039,40.98395],[-123.43275,40.98349],[-123.4344,40.98265],[-123.43461,40.98063],[-123.43553,40.97968],[-123.43501,40.97775],[-123.43577,40.9769],[-123.43638,40.97529],[-123.4361,40.97335],[-123.43742,40.97228],[-123.43994,40.97145],[-123.44275,40.96987],[-123.44739,40.96664],[-123.4514,40.96635],[-123.45369,40.9632],[-123.45397,40.96115],[-123.45324,40.95976],[-123.45122,40.95918],[-123.45022,40.95853],[-123.44858,40.95876],[-123.44756,40.95846],[-123.44669,40.95769],[-123.44614,40.95644],[-123.44511,40.9559],[-123.44482,40.95538],[-123.44424,40.9528],[-123.44509,40.95058],[-123.44513,40.94855],[-123.44763,40.94391],[-123.44841,40.94335],[-123.45048,40.94299],[-123.45301,40.94102],[-123.45374,40.94125],[-123.45461,40.94223],[-123.45662,40.94161],[-123.45874,40.94141],[-123.46279,40.93826],[-123.46417,40.93755],[-123.4653,40.93744],[-123.46784,40.93798],[-123.46801,40.9368],[-123.46881,40.93521],[-123.47082,40.93358],[-123.47207,40.93297],[-123.47226,40.93134],[-123.47286,40.93065],[-123.47407,40.93045],[-123.47824,40.92769],[-123.47832,40.92657],[-123.47987,40.92367],[-123.47999,40.92155],[-123.47964,40.91904],[-123.48121,40.91754],[-123.48115,40.91552],[-123.4815,40.91481],[-123.4819,40.9147],[-123.48608,40.91569],[-123.48857,40.9168],[-123.49088,40.91661],[-123.4924,40.91584],[-123.49332,40.91575],[-123.49773,40.91615],[-123.50079,40.91685],[-123.50805,40.91989],[-123.51074,40.92015],[-123.51268,40.92149],[-123.51398,40.92314],[-123.51484,40.92515],[-123.51652,40.92528],[-123.51789,40.9259],[-123.52225,40.93041],[-123.52393,40.93151],[-123.52635,40.93168],[-123.52709,40.93302],[-123.52918,40.93432],[-123.5305,40.93389],[-123.5319,40.93279],[-123.53267,40.93112],[-123.53333,40.93049],[-123.53603,40.93034],[-123.53972,40.93137],[-123.54222,40.93287],[-123.54159,40.93406],[-123.53906,40.93715],[-123.53933,40.93797],[-123.54046,40.93923],[-123.54376,40.94156],[-123.54715,40.94259],[-123.55163,40.94479],[-123.55432,40.94521],[-123.55492,40.94627],[-123.55532,40.9484],[-123.55939,40.95034],[-123.56482,40.94908],[-123.56635,40.94824],[-123.56805,40.94787],[-123.56901,40.94719],[-123.56972,40.94537],[-123.56824,40.9427],[-123.56814,40.93858],[-123.56742,40.93714],[-123.56746,40.93648],[-123.56847,40.93628],[-123.57104,40.93654],[-123.57333,40.9355],[-123.57541,40.93507],[-123.5788,40.93338],[-123.5818,40.93265],[-123.58512,40.93061],[-123.58739,40.92805],[-123.59111,40.92733],[-123.59612,40.93043],[-123.59951,40.93136],[-123.59998,40.93131],[-123.6035,40.92879],[-123.6044,40.92855],[-123.60748,40.92939],[-123.61118,40.92889],[-123.61822,40.93078],[-123.62251,40.93147],[-123.62378,40.9293],[-123.6234,40.928],[-123.62151,40.92574],[-123.61595,40.92401],[-123.61376,40.9221],[-123.61331,40.92117],[-123.61317,40.91808],[-123.61359,40.91689],[-123.61553,40.91535],[-123.61565,40.91398],[-123.61397,40.91154],[-123.61227,40.91001],[-123.61118,40.90812],[-123.60814,40.9064],[-123.60614,40.90452],[-123.60499,40.90171],[-123.60475,40.89989],[-123.60494,40.89945],[-123.60836,40.89596],[-123.60852,40.89489],[-123.60676,40.89393],[-123.60453,40.89093],[-123.60232,40.88989],[-123.59991,40.88799],[-123.5973,40.88436],[-123.59768,40.88281],[-123.60117,40.88015],[-123.60284,40.87966],[-123.60878,40.87916],[-123.61032,40.87853],[-123.60786,40.87821],[-123.6034,40.87869],[-123.60088,40.87843],[-123.59876,40.87771],[-123.59657,40.87613],[-123.59619,40.87541],[-123.59572,40.87253],[-123.59348,40.87107],[-123.59216,40.86953],[-123.59138,40.86775],[-123.59088,40.86744],[-123.58491,40.86972],[-123.58247,40.86906],[-123.58145,40.86818],[-123.58011,40.86765],[-123.58046,40.8661],[-123.58379,40.8636],[-123.58364,40.86243],[-123.58438,40.86135],[-123.58657,40.8609],[-123.58708,40.86053],[-123.58765,40.85863],[-123.58619,40.85801],[-123.58261,40.8576],[-123.57806,40.85863],[-123.57652,40.85838],[-123.57527,40.85763],[-123.57445,40.85665],[-123.57449,40.8554],[-123.57647,40.85438],[-123.57697,40.8536],[-123.57631,40.85254],[-123.57418,40.85107],[-123.57365,40.84891],[-123.57421,40.84766],[-123.57414,40.84577],[-123.57325,40.84393],[-123.57089,40.84286],[-123.56667,40.84246],[-123.56445,40.8426],[-123.56357,40.84198],[-123.56306,40.8406],[-123.56303,40.83931],[-123.56532,40.83819],[-123.56532,40.8376],[-123.56622,40.83651],[-123.5661,40.8351],[-123.56088,40.83272],[-123.55963,40.83033],[-123.56035,40.82921],[-123.56492,40.82552],[-123.56567,40.82304],[-123.56817,40.82095],[-123.5686,40.8198],[-123.56792,40.81841],[-123.56659,40.81684],[-123.56471,40.8156],[-123.56292,40.81334],[-123.56258,40.80971],[-123.55883,40.81004],[-123.55742,40.80947],[-123.55659,40.8087],[-123.55608,40.80748],[-123.55605,40.80583],[-123.55544,40.80496],[-123.55607,40.80233],[-123.55594,40.80014],[-123.55396,40.79792],[-123.55376,40.79621],[-123.554,40.7954],[-123.55664,40.79383],[-123.55888,40.7943],[-123.5608,40.79553],[-123.56456,40.79634],[-123.56622,40.79631],[-123.56638,40.79532],[-123.56473,40.79296],[-123.56454,40.79216],[-123.56471,40.79118],[-123.56612,40.78902],[-123.56546,40.78793],[-123.56447,40.78772],[-123.5623,40.78896],[-123.56094,40.79049],[-123.55756,40.7886],[-123.55697,40.78755],[-123.55756,40.78662],[-123.55738,40.78601],[-123.55824,40.78541],[-123.55801,40.78479],[-123.55884,40.78449],[-123.55903,40.78412],[-123.5578,40.78211],[-123.55747,40.7803],[-123.55558,40.7787],[-123.5512,40.77657],[-123.54941,40.77445],[-123.54943,40.77373],[-123.55039,40.77236],[-123.55381,40.76955],[-123.55441,40.7687],[-123.55405,40.76797],[-123.5545,40.76767],[-123.55492,40.7667],[-123.55117,40.76601],[-123.55033,40.76519],[-123.55007,40.76443],[-123.55021,40.76334],[-123.55077,40.7627],[-123.55344,40.76116],[-123.55424,40.76015],[-123.55438,40.75929],[-123.55349,40.75843],[-123.55058,40.75691],[-123.55016,40.75511],[-123.55087,40.75332],[-123.55261,40.75223],[-123.55245,40.75192],[-123.5508,40.75183],[-123.55016,40.7512],[-123.55035,40.75011],[-123.55199,40.74866],[-123.5523,40.74798],[-123.55048,40.74783],[-123.54857,40.74679],[-123.54777,40.74487],[-123.546,40.7423],[-123.54634,40.74019],[-123.54422,40.73929],[-123.5442,40.7385],[-123.54355,40.7376],[-123.54467,40.73597],[-123.54328,40.73356],[-123.54415,40.73308],[-123.54457,40.62487],[-123.54456,40.32687],[-123.54402,40.19513],[-123.54452,40.00198],[-123.54478,39.97697],[-122.93443,39.97794],[-122.93542,39.97709],[-122.9329,39.97539],[-122.93176,39.97399]],[[-124.00115,40.00144],[-123.985,40.00146],[-124.02303,40.00162],[-124.00115,40.00144]]],[[[-124.06538,40.02354],[-124.06595,40.0234],[-124.06602,40.02345],[-124.06538,40.02354]]]]},"properties":{"id":"sma_northern_brant","kind":"text_zone","group_key":"waterfowl_special_management_areas","area":"Northern Brant","definition_verbatim":"Northern Brant. Del Norte, Humboldt and Mendocino counties.","definition_cite":"14 CCR \u00a7 502(b)(6)","definition_source_url":"https://nrm.dfg.ca.gov/FileHandler.ashx?DocumentID=203137","drawn_by":"this app, as the union of the counties the regulation names","counties":["Del Norte","Humboldt","Mendocino"],"counties_source_url":"https://services2.arcgis.com/Uq9r85Potqm3MfRV/arcgis/rest/services/cnty_basicplus_multipart_wm/FeatureServer/0/query","counties_fetched_at":"2026-09-05T05:10:24.397707+00:00","verified_at":"2026-09-19"}}]}